ISO-10303-21;
HEADER;
FILE_DESCRIPTION (( 'STEP AP203' ),
    '1' );
FILE_NAME ('ѕлам€перебрасывающий патрубок(мама)_заготовка.stp',
    '2024-01-25T15:03:18',
    ( '' ),
    ( '' ),
    'SwSTEP 2.0',
    'SolidWorks 2018',
    '' );
FILE_SCHEMA (( 'CONFIG_CONTROL_DESIGN' ));
ENDSEC;

DATA;
#1 = CARTESIAN_POINT ( 'NONE',  ( 54.24253019942271692, 12.96947477358312817, 24.51478232873696683 ) ) ;
#2 = CARTESIAN_POINT ( 'NONE',  ( 47.57555918616615998, -23.56877785387890611, -14.83377026014026079 ) ) ;
#3 = CARTESIAN_POINT ( 'NONE',  ( -124.4949999999999477, -0.1747047187067622687, 25.39999999999996305 ) ) ;
#4 = ORIENTED_EDGE ( 'NONE', *, *, #1793, .F. ) ;
#5 = AXIS2_PLACEMENT_3D ( 'NONE', #1003, #120, #2164 ) ;
#6 = CARTESIAN_POINT ( 'NONE',  ( -124.4949999999999903, -3.921905382485243265E-11, -28.57500000000001705 ) ) ;
#7 = CARTESIAN_POINT ( 'NONE',  ( -124.1416932341288373, 1.340262971592300900, -25.36503802102308214 ) ) ;
#8 = DIRECTION ( 'NONE',  ( 0.1074441002482028618, -6.123233995736762338E-17, 0.9942111271364116876 ) ) ;
#9 = CARTESIAN_POINT ( 'NONE',  ( 47.50609602441176094, -9.491346884760215374, -28.99762041973765037 ) ) ;
#10 = ADVANCED_FACE ( 'NONE', ( #2129 ), #1999, .F. ) ;
#11 = DIRECTION ( 'NONE',  ( -0.05005906239151793058, 0.8848331851841337858, -0.4632108857414542480 ) ) ;
#12 = CARTESIAN_POINT ( 'NONE',  ( -121.4697364976333489, -23.31057535834336036, 16.52721596276603933 ) ) ;
#13 = B_SPLINE_CURVE_WITH_KNOTS ( 'NONE', 3,
 ( #1010, #1021, #1933, #1099, #3791, #2836, #2207, #1393, #3735, #3764, #1921, #1965, #238, #483, #1088, #3456, #225, #195, #3495, #1680, #211, #1383, #1976, #1665, #511, #2266, #2523, #762, #3484, #1062, #3185, #2255 ),
 .UNSPECIFIED., .F., .F.,
 ( 4, 2, 2, 2, 2, 2, 2, 2, 2, 2, 2, 2, 2, 2, 2, 4 ),
 ( 0.005111396487998480856, 0.005634387915025275417, 0.006157379342052069111, 0.006680370769078863673, 0.007203362196105657367, 0.007726353623132451928, 0.008249345050159246490, 0.008772336477186041051, 0.009295327904212835612, 0.01034131075826638137, 0.01086430218529315511, 0.01138729361231992886, 0.01191028503934670260, 0.01243327646637347808, 0.01295626789340025183, 0.01347925932042702384 ),
 .UNSPECIFIED. ) ;
#14 = DIRECTION ( 'NONE',  ( 0.000000000000000000, 0.000000000000000000, -1.000000000000000000 ) ) ;
#15 = CARTESIAN_POINT ( 'NONE',  ( 51.54019018524765272, 22.33925317644267139, 4.374993587898934777 ) ) ;
#16 = DIRECTION ( 'NONE',  ( 0.000000000000000000, 1.000000000000000000, -1.224646799147353207E-16 ) ) ;
#17 = EDGE_LOOP ( 'NONE', ( #2212, #827, #2737, #3334 ) ) ;
#18 = EDGE_CURVE ( 'NONE', #1588, #2912, #1538, .T. ) ;
#19 = DIRECTION ( 'NONE',  ( -0.9942111271364116876, -2.034751777655717414E-17, 0.1074441002482029450 ) ) ;
#20 = CARTESIAN_POINT ( 'NONE',  ( -123.4513619958512578, 2.127167749939523400, -25.31095930332774557 ) ) ;
#21 = CARTESIAN_POINT ( 'NONE',  ( 52.23931869319726928, -27.89033285881809832, 11.96730918984323644 ) ) ;
#22 = VERTEX_POINT ( 'NONE', #1792 ) ;
#23 = CARTESIAN_POINT ( 'NONE',  ( 46.23957529705121061, -10.27035514371264391, -28.53017623027916017 ) ) ;
#24 = CARTESIAN_POINT ( 'NONE',  ( -95.40500000000001535, 28.57500000000000284, -1.040834085586084257E-14 ) ) ;
#25 = CARTESIAN_POINT ( 'NONE',  ( 50.60250919221713417, 24.96619928912343411, -0.9331400525175711502 ) ) ;
#26 = CIRCLE ( 'NONE', #3575, 29.59000000000000341 ) ;
#27 = CARTESIAN_POINT ( 'NONE',  ( 51.81296460277085458, 32.29292554669500248, 1.165439462478039312 ) ) ;
#28 = ADVANCED_FACE ( 'NONE', ( #855 ), #588, .T. ) ;
#29 = CARTESIAN_POINT ( 'NONE',  ( -120.4773729750016855, -2.320195161932825823, -25.29399421180257335 ) ) ;
#30 = CARTESIAN_POINT ( 'NONE',  ( -119.2811764250964757, -24.30548784685451480, -15.02665115662547812 ) ) ;
#31 = CYLINDRICAL_SURFACE ( 'NONE', #302, 2.999999999999998224 ) ;
#32 = AXIS2_PLACEMENT_3D ( 'NONE', #1757, #11, #2052 ) ;
#33 = ORIENTED_EDGE ( 'NONE', *, *, #3486, .F. ) ;
#34 = CARTESIAN_POINT ( 'NONE',  ( -120.1887522488882354, 2.127254905649588856, -25.31095193771793106 ) ) ;
#35 = CARTESIAN_POINT ( 'NONE',  ( -123.4520459105168726, -25.74154213899645072, 12.40617615445557398 ) ) ;
#36 = ORIENTED_EDGE ( 'NONE', *, *, #3543, .T. ) ;
#37 = CYLINDRICAL_SURFACE ( 'NONE', #344, 29.57500000000000639 ) ;
#38 = CARTESIAN_POINT ( 'NONE',  ( -121.1178354078369210, 2.604621927375594392, 25.26645837188791077 ) ) ;
#39 = CARTESIAN_POINT ( 'NONE',  ( 49.18694646285133842, 24.79158513479749004, 0.07830479301890772015 ) ) ;
#40 = DIRECTION ( 'NONE',  ( 0.05005906239151879794, -0.8848331851841332307, 0.4632108857414550251 ) ) ;
#41 = ORIENTED_EDGE ( 'NONE', *, *, #1508, .F. ) ;
#42 = CARTESIAN_POINT ( 'NONE',  ( -119.1619279114898262, 0.3481773732188924164, -28.57339994225744206 ) ) ;
#43 = CARTESIAN_POINT ( 'NONE',  ( 52.41388394595048794, -27.88138672441964871, 11.96262588127762960 ) ) ;
#44 = CARTESIAN_POINT ( 'NONE',  ( 49.11875079373970721, 30.36267585655175694, -18.52818783261072255 ) ) ;
#45 = ADVANCED_FACE ( 'NONE', ( #1040 ), #2218, .F. ) ;
#46 = EDGE_CURVE ( 'NONE', #1907, #1847, #1946, .T. ) ;
#47 = VERTEX_POINT ( 'NONE', #2660 ) ;
#48 = DIRECTION ( 'NONE',  ( 0.1074441002482030422, 0.000000000000000000, 0.9942111271364116876 ) ) ;
#49 = CARTESIAN_POINT ( 'NONE',  ( 55.70611799873655912, 12.48050793171390183, 16.06522223479139555 ) ) ;
#50 = CARTESIAN_POINT ( 'NONE',  ( -112.9499999999999602, 2.952298723773143112E-15, -1.387778780781445676E-14 ) ) ;
#51 = CARTESIAN_POINT ( 'NONE',  ( 54.41759924526454029, 30.97093743251798870, 5.471241058628575793 ) ) ;
#52 = CARTESIAN_POINT ( 'NONE',  ( 51.52738382753872060, -9.836359257127421429, 17.82107265563355014 ) ) ;
#53 = EDGE_CURVE ( 'NONE', #1348, #3416, #3846, .T. ) ;
#54 = CLOSED_SHELL ( 'NONE', ( #2073, #718, #3260, #3595, #1006, #605, #3676, #2665, #787, #869, #1181, #3008, #1479, #2777, #369, #28, #10, #621, #388, #3028, #2539, #3573, #2984, #3297, #1807, #1515, #1871, #308, #2431, #2686, #1954, #1745, #2729, #2325, #2964, #3049, #3613, #3850, #642, #329, #2054, #1789, #2643, #1769, #927, #1499, #3339, #2107, #45, #2383, #3557, #1555, #3278, #345, #662, #949, #890, #2346, #411, #448, #3322, #2707, #88, #908, #2364, #1203, #3637, #1219, #2087, #2130 ) ) ;
#55 = CARTESIAN_POINT ( 'NONE',  ( -120.1872053431643366, 20.85694271222845231, -14.49681149327958884 ) ) ;
#56 = CARTESIAN_POINT ( 'NONE',  ( 47.39174492656410109, 12.60482052720044344, -35.98517798726983585 ) ) ;
#57 = LINE ( 'NONE', #2966, #392 ) ;
#58 = CARTESIAN_POINT ( 'NONE',  ( -119.1449410925642667, -22.08393318957302398, -12.54951809237079985 ) ) ;
#59 = CARTESIAN_POINT ( 'NONE',  ( 51.07530495355467082, -30.27353192121169556, 7.575560056233177519 ) ) ;
#60 = ORIENTED_EDGE ( 'NONE', *, *, #3146, .T. ) ;
#61 = CARTESIAN_POINT ( 'NONE',  ( 51.78970259719945801, -23.52312260663132903, -15.40231637937761455 ) ) ;
#62 = CARTESIAN_POINT ( 'NONE',  ( 55.84404067718625697, 11.40344416406697725, 16.62977076036969137 ) ) ;
#63 = CARTESIAN_POINT ( 'NONE',  ( 47.39174492656407978, 6.877045394230991704, -37.77196057788938077 ) ) ;
#64 = CARTESIAN_POINT ( 'NONE',  ( 49.36627882738848427, -22.51201863981064477, 6.331446930770228576 ) ) ;
#65 = AXIS2_PLACEMENT_3D ( 'NONE', #489, #1273, #707 ) ;
#66 = LINE ( 'NONE', #1703, #400 ) ;
#67 = EDGE_LOOP ( 'NONE', ( #1267, #1881, #2408, #3052 ) ) ;
#68 = CARTESIAN_POINT ( 'NONE',  ( -124.4950000000000188, -0.1745174247331235662, -25.40000000000001279 ) ) ;
#69 = CARTESIAN_POINT ( 'NONE',  ( -119.6926191650997708, 21.13647407632386077, -14.08654051346837832 ) ) ;
#70 = CARTESIAN_POINT ( 'NONE',  ( -123.4527946284136704, -20.85694270693194241, -14.49681150035162602 ) ) ;
#71 = CARTESIAN_POINT ( 'NONE',  ( -122.1693038249371739, 23.21221785532329207, -10.31275628709465941 ) ) ;
#72 = ORIENTED_EDGE ( 'NONE', *, *, #3834, .T. ) ;
#73 = CALENDAR_DATE ( 2024, 25, 1 ) ;
#74 = ORIENTED_EDGE ( 'NONE', *, *, #382, .T. ) ;
#75 = CARTESIAN_POINT ( 'NONE',  ( -124.4774714565629097, 0.3521674086656493285, 25.39813716803329413 ) ) ;
#76 = CARTESIAN_POINT ( 'NONE',  ( 53.26151654942027136, -7.202562203181781086, 17.43611386625883952 ) ) ;
#77 = CARTESIAN_POINT ( 'NONE',  ( 49.45077922089718214, -22.89640899136690422, 5.550904333541136104 ) ) ;
#78 = CIRCLE ( 'NONE', #97, 28.87499999999991829 ) ;
#79 = CIRCLE ( 'NONE', #3015, 0.3000000000000085931 ) ;
#80 = ORIENTED_EDGE ( 'NONE', *, *, #2579, .T. ) ;
#81 = CARTESIAN_POINT ( 'NONE',  ( -95.40500000000000114, 2.624571171422672535E-15, -1.040834085586084257E-14 ) ) ;
#82 = CARTESIAN_POINT ( 'NONE',  ( 46.61720498619370545, 6.946862172462767049, -37.67323978134802331 ) ) ;
#83 = AXIS2_PLACEMENT_3D ( 'NONE', #976, #2779, #391 ) ;
#84 = VERTEX_POINT ( 'NONE', #56 ) ;
#85 = CARTESIAN_POINT ( 'NONE',  ( -123.4641648527427407, -22.98931146775698764, -10.80336206407197785 ) ) ;
#86 = CARTESIAN_POINT ( 'NONE',  ( -119.8056167818323701, 22.82826913021751736, 11.13756889761816460 ) ) ;
#87 = VECTOR ( 'NONE', #3642, 1000.000000000000227 ) ;
#88 = ADVANCED_FACE ( 'NONE', ( #2416 ), #644, .F. ) ;
#89 = FACE_OUTER_BOUND ( 'NONE', #3705, .T. ) ;
#90 = CARTESIAN_POINT ( 'NONE',  ( -119.1449999999999960, -1.407130451232264994E-15, 25.39999999999998082 ) ) ;
#91 = CARTESIAN_POINT ( 'NONE',  ( 48.35222792518740675, 7.057960977705911354, -37.83658039847366439 ) ) ;
#92 = CARTESIAN_POINT ( 'NONE',  ( 51.85518324518853461, -21.11963477420176716, 8.422843284430257427 ) ) ;
#93 = CARTESIAN_POINT ( 'NONE',  ( -129.3899999999999864, 2.624571171422672535E-15, -1.734723475976807094E-14 ) ) ;
#94 = CARTESIAN_POINT ( 'NONE',  ( -121.1248668923235670, -23.35039513117784082, -16.47090938258794779 ) ) ;
#95 = CARTESIAN_POINT ( 'NONE',  ( 45.01117159781006904, 7.944651244343611474, -37.26774512812004048 ) ) ;
#96 = ORIENTED_EDGE ( 'NONE', *, *, #3659, .T. ) ;
#97 = AXIS2_PLACEMENT_3D ( 'NONE', #3106, #1033, #2459 ) ;
#98 = CARTESIAN_POINT ( 'NONE',  ( -119.2814589634467097, -22.41546742612757370, -11.94708178250903963 ) ) ;
#99 = CARTESIAN_POINT ( 'NONE',  ( -120.6353124916112591, 23.10066515727755743, 10.56048109473412389 ) ) ;
#100 = ORIENTED_EDGE ( 'NONE', *, *, #3435, .T. ) ;
#101 = CARTESIAN_POINT ( 'NONE',  ( 51.12846187823389954, 30.07573041448644702, -19.40141221963112272 ) ) ;
#102 = CARTESIAN_POINT ( 'NONE',  ( -124.4949999999999903, 1.734723527313508223E-15, -25.40000000000001634 ) ) ;
#103 = EDGE_CURVE ( 'NONE', #3582, #624, #79, .T. ) ;
#104 = CARTESIAN_POINT ( 'NONE',  ( 52.31058468547094975, 14.05452422591612560, 15.46098025827775402 ) ) ;
#105 = DIRECTION ( 'NONE',  ( -0.9942111271364116876, 0.000000000000000000, 0.1074441002482028479 ) ) ;
#106 = CARTESIAN_POINT ( 'NONE',  ( 49.97116663197516573, 11.28536462832157383, -36.77946185875974550 ) ) ;
#107 = CARTESIAN_POINT ( 'NONE',  ( 49.70246777748258893, -21.93372345347954422, 7.350289151540587262 ) ) ;
#108 = CARTESIAN_POINT ( 'NONE',  ( -119.4169940612352150, 24.13153504891022649, -15.30444171083919969 ) ) ;
#109 = CARTESIAN_POINT ( 'NONE',  ( -120.1863410042736717, -22.98276875585210632, -10.81489183202322835 ) ) ;
#110 = CARTESIAN_POINT ( 'NONE',  ( -119.2304509256723435, 21.64283363546113748, 13.29575322845707674 ) ) ;
#111 = EDGE_LOOP ( 'NONE', ( #177, #3347 ) ) ;
#112 = CARTESIAN_POINT ( 'NONE',  ( -124.4096613550874650, -0.6929334207168226234, 28.56711722255524677 ) ) ;
#113 = EDGE_LOOP ( 'NONE', ( #3534, #2363, #3228, #2178, #501, #3766 ) ) ;
#114 = CARTESIAN_POINT ( 'NONE',  ( 50.65208040604229467, 12.69909578533453320, 16.48588887630203459 ) ) ;
#115 = CARTESIAN_POINT ( 'NONE',  ( -124.1575951583647139, 24.04758047386444275, 15.43853165148337681 ) ) ;
#116 = CARTESIAN_POINT ( 'NONE',  ( 50.36169308808177192, 9.683268926696158019, -37.36163003821089035 ) ) ;
#117 = CARTESIAN_POINT ( 'NONE',  ( 46.94762319323454136, -17.59617903525904481, -33.34363462134056988 ) ) ;
#118 = AXIS2_PLACEMENT_3D ( 'NONE', #93, #3669, #1995 ) ;
#119 = AXIS2_PLACEMENT_3D ( 'NONE', #3489, #3811, #1727 ) ;
#120 = DIRECTION ( 'NONE',  ( 0.09507010545186116157, 0.4659079677327923052, 0.8797109983696187463 ) ) ;
#121 = EDGE_CURVE ( 'NONE', #1210, #1624, #2953, .T. ) ;
#122 = CYLINDRICAL_SURFACE ( 'NONE', #2734, 25.40000000000000213 ) ;
#123 = DIRECTION ( 'NONE',  ( -0.9942111271364115765, 1.101074672228211641E-16, 0.1074441002482030005 ) ) ;
#124 = CARTESIAN_POINT ( 'NONE',  ( -119.4163591999585066, 22.56696240346119353, 11.65841154919474931 ) ) ;
#125 = CARTESIAN_POINT ( 'NONE',  ( 18.06141789894178018, 6.979655082762784751E-17, -2.118272246159059069 ) ) ;
#126 = ORIENTED_EDGE ( 'NONE', *, *, #3461, .T. ) ;
#127 = EDGE_LOOP ( 'NONE', ( #2031, #2453 ) ) ;
#128 =( BOUNDED_CURVE ( )  B_SPLINE_CURVE ( 3, ( #3504, #1093, #259, #3801 ),
 .UNSPECIFIED., .F., .T. ) 
 B_SPLINE_CURVE_WITH_KNOTS ( ( 4, 4 ),
 ( 4.712388980384693227, 6.283185307179586232 ),
 .UNSPECIFIED. ) 
 CURVE ( )  GEOMETRIC_REPRESENTATION_ITEM ( )  RATIONAL_B_SPLINE_CURVE ( ( 1.000000000000000000, 0.8047378541243658256, 0.8047378541243658256, 1.000000000000000000 ) ) 
 REPRESENTATION_ITEM ( '' )  );
#129 = CARTESIAN_POINT ( 'NONE',  ( 53.16770330482910367, 9.404484884513408360, 17.82000749506310910 ) ) ;
#130 = CARTESIAN_POINT ( 'NONE',  ( -124.4093243426226962, 24.39272067203882344, 14.88474159255481943 ) ) ;
#131 = CARTESIAN_POINT ( 'NONE',  ( -124.4093508155557686, 24.39289717181260997, -14.88444104546499425 ) ) ;
#132 = CIRCLE ( 'NONE', #1622, 29.58999999999980446 ) ;
#133 = CARTESIAN_POINT ( 'NONE',  ( 46.06456579086909642, 7.133901111488966329, -37.57252064165700034 ) ) ;
#134 = DIRECTION ( 'NONE',  ( 0.000000000000000000, 1.224646799147349756E-16, 1.000000000000000000 ) ) ;
#135 = CARTESIAN_POINT ( 'NONE',  ( -124.1402104413199510, 21.29535486184722970, -13.84517522945748702 ) ) ;
#136 = CARTESIAN_POINT ( 'NONE',  ( 53.26151654942027136, -4.338674636697221310, 18.32950516156854093 ) ) ;
#137 = AXIS2_PLACEMENT_3D ( 'NONE', #2055, #1803, #2089 ) ;
#138 = CARTESIAN_POINT ( 'NONE',  ( 52.95641250237481756, -24.40523089057183981, -12.97184944741194634 ) ) ;
#139 = CARTESIAN_POINT ( 'NONE',  ( -123.9581755597831290, 23.88417197639534706, 15.68878589009783298 ) ) ;
#140 = CARTESIAN_POINT ( 'NONE',  ( 53.79654804587719497, 30.72511652384660508, 6.185844446223299542 ) ) ;
#141 = CARTESIAN_POINT ( 'NONE',  ( -124.3588235655172696, 24.30548783561926740, -15.02665117447732435 ) ) ;
#142 = EDGE_LOOP ( 'NONE', ( #2609, #216 ) ) ;
#143 = CARTESIAN_POINT ( 'NONE',  ( 54.15798007931781655, -21.56526756038935844, 7.479719630208219172 ) ) ;
#144 = EDGE_CURVE ( 'NONE', #3320, #1641, #1226, .T. ) ;
#145 = CARTESIAN_POINT ( 'NONE',  ( -129.3899999999999864, 7.703719777548943412E-31, -28.87500000000003197 ) ) ;
#146 = CARTESIAN_POINT ( 'NONE',  ( -123.1607788496830267, -23.06583824757501944, 10.63657413091852533 ) ) ;
#147 = CARTESIAN_POINT ( 'NONE',  ( 50.20516669177705182, -16.10998997469265603, -34.58377735088374294 ) ) ;
#148 = CARTESIAN_POINT ( 'NONE',  ( -120.6304666788180953, -20.69734430551773485, 14.72360360685387981 ) ) ;
#149 = FACE_OUTER_BOUND ( 'NONE', #1788, .T. ) ;
#150 = CARTESIAN_POINT ( 'NONE',  ( -124.4773531764281955, -24.56883157853417998, -14.59220187723084727 ) ) ;
#151 = EDGE_CURVE ( 'NONE', #84, #1749, #842, .T. ) ;
#152 = CARTESIAN_POINT ( 'NONE',  ( 50.35814958713280731, -24.97980907732461375, -10.23639051281408108 ) ) ;
#153 = CARTESIAN_POINT ( 'NONE',  ( -96.42000000000000171, 5.777789833161707559E-31, -6.938893903907228378E-15 ) ) ;
#154 = CARTESIAN_POINT ( 'NONE',  ( 45.05024946530011931, -14.65193844784754340, -34.79896443280154728 ) ) ;
#155 = VERTEX_POINT ( 'NONE', #1307 ) ;
#156 = AXIS2_PLACEMENT_3D ( 'NONE', #2695, #3623, #3405 ) ;
#157 = CARTESIAN_POINT ( 'NONE',  ( 53.66169191934530147, -21.32570936444443177, 7.912618117017525599 ) ) ;
#158 = DIRECTION ( 'NONE',  ( 0.9942111271364117986, 1.296796754743211115E-17, -0.1074441002482028062 ) ) ;
#159 = ORIENTED_EDGE ( 'NONE', *, *, #3738, .F. ) ;
#160 = CARTESIAN_POINT ( 'NONE',  ( 60.62736221735694642, 2.220786970395299082E-15, 26.49390039510505446 ) ) ;
#161 = CARTESIAN_POINT ( 'NONE',  ( -120.1886418506050660, -22.98349673205838783, 10.81334002804961081 ) ) ;
#162 = CARTESIAN_POINT ( 'NONE',  ( -121.6457515309968898, -2.675143923236587895, 28.44950315930189788 ) ) ;
#163 = DIRECTION ( 'NONE',  ( -0.9942111271364115765, 0.000000000000000000, 0.1074441002482027091 ) ) ;
#164 = CARTESIAN_POINT ( 'NONE',  ( -124.4949260426423905, 24.65874421026951779, 14.43978833018513974 ) ) ;
#165 = EDGE_LOOP ( 'NONE', ( #561, #1912 ) ) ;
#166 = CARTESIAN_POINT ( 'NONE',  ( 45.10164294188452772, -16.03110774596427390, -34.07640591652360484 ) ) ;
#167 = COORDINATED_UNIVERSAL_TIME_OFFSET ( 3, 0, .AHEAD. ) ;
#168 = EDGE_LOOP ( 'NONE', ( #493, #80, #708, #2348 ) ) ;
#169 = CARTESIAN_POINT ( 'NONE',  ( 52.61787467526862372, -31.83999874825796539, -14.65416082700330414 ) ) ;
#170 = CYLINDRICAL_SURFACE ( 'NONE', #3108, 2.999999999999998224 ) ;
#171 = CARTESIAN_POINT ( 'NONE',  ( -120.6359669434660304, 25.86144099135105279, 12.15405148811915659 ) ) ;
#172 = FACE_OUTER_BOUND ( 'NONE', #2988, .T. ) ;
#173 = CARTESIAN_POINT ( 'NONE',  ( -121.9947681936456121, -23.21221785532334536, -10.31275628709457948 ) ) ;
#174 = CARTESIAN_POINT ( 'NONE',  ( -119.4997896025019628, -22.63795097104834042, 11.51973054346110636 ) ) ;
#175 = ORIENTED_EDGE ( 'NONE', *, *, #3064, .T. ) ;
#176 = CARTESIAN_POINT ( 'NONE',  ( 48.71127747071046343, -9.436664966965544465, -29.14991182749493248 ) ) ;
#177 = ORIENTED_EDGE ( 'NONE', *, *, #2003, .T. ) ;
#178 = CARTESIAN_POINT ( 'NONE',  ( 52.01103625930307572, 30.51717637326353483, 6.896650624248843009 ) ) ;
#179 = CARTESIAN_POINT ( 'NONE',  ( 49.66840749097877250, 10.01495780243970835, -29.01242643387553954 ) ) ;
#180 = CARTESIAN_POINT ( 'NONE',  ( 48.16222271352412321, 23.40944623966328564, -15.28614828107520296 ) ) ;
#181 = ORIENTED_EDGE ( 'NONE', *, *, #331, .T. ) ;
#182 = CARTESIAN_POINT ( 'NONE',  ( 47.78479662965379759, 4.614589136901027899, -30.45322341740945760 ) ) ;
#183 = LINE ( 'NONE', #2390, #2183 ) ;
#184 = DIRECTION ( 'NONE',  ( -0.1026218187300135948, 0.2962248620698923474, -0.9495891708587549385 ) ) ;
#185 = CARTESIAN_POINT ( 'NONE',  ( 51.17056565629572162, -10.05873298462453391, 25.93800306278428280 ) ) ;
#186 = CARTESIAN_POINT ( 'NONE',  ( -119.4150932778375989, 25.31799043255710302, -13.24976254756481708 ) ) ;
#187 = DIRECTION ( 'NONE',  ( 1.000000000000000000, 0.000000000000000000, 0.000000000000000000 ) ) ;
#188 = B_SPLINE_CURVE_WITH_KNOTS ( 'NONE', 3,
 ( #3207, #2250, #785, #825, #1661, #3827, #2301, #2091, #2987, #2674, #405, #1583, #1014, #3110, #185, #1358, #2804, #1025, #3121, #3423, #3717, #2901, #1117, #1957, #3204, #3500, #1413, #3783, #2873, #3192 ),
 .UNSPECIFIED., .F., .F.,
 ( 4, 2, 2, 2, 2, 2, 2, 2, 2, 2, 2, 2, 2, 2, 4 ),
 ( 0.003627020673865405213, 0.004213573518802410725, 0.004800126363739417104, 0.005386679208676421748, 0.005973232053613428127, 0.007146337743487427875, 0.007732890588424429917, 0.008319443433361432827, 0.008905996278298434002, 0.009492549123235435177, 0.01066565481310943059, 0.01125220765804642829, 0.01183876050298342253, 0.01242531334792042197, 0.01301186619285741794 ),
 .UNSPECIFIED. ) ;
#189 = CARTESIAN_POINT ( 'NONE',  ( 46.52798382069267547, 28.76898702358391446, -21.49685174137852073 ) ) ;
#190 = CARTESIAN_POINT ( 'NONE',  ( -119.1618257638513967, -21.82185676110426797, 12.99985701877447397 ) ) ;
#191 = EDGE_LOOP ( 'NONE', ( #1917, #3147 ) ) ;
#192 = CARTESIAN_POINT ( 'NONE',  ( 50.11992540549372421, -13.65286061665014294, -27.12652960758883225 ) ) ;
#193 = VERTEX_POINT ( 'NONE', #3631 ) ;
#194 = CARTESIAN_POINT ( 'NONE',  ( 31.06396737228799054, 4.370299501416288201, -36.44353493427576751 ) ) ;
#195 = CARTESIAN_POINT ( 'NONE',  ( -121.4701822025942732, 2.674894722676185665, 28.44952659067903866 ) ) ;
#196 = VECTOR ( 'NONE', #40, 1000.000000000000114 ) ;
#197 = CARTESIAN_POINT ( 'NONE',  ( -124.4773649248920293, 22.17188821075361105, 12.39341508471865794 ) ) ;
#198 = FACE_BOUND ( 'NONE', #383, .T. ) ;
#199 = EDGE_CURVE ( 'NONE', #1901, #2776, #2700, .T. ) ;
#200 = CARTESIAN_POINT ( 'NONE',  ( -120.4701266848080792, 23.49606918763781493, 16.26295406443122715 ) ) ;
#201 = FACE_BOUND ( 'NONE', #2619, .T. ) ;
#202 = CARTESIAN_POINT ( 'NONE',  ( 47.63739443070281254, -12.96990942513729017, -35.85747838085841011 ) ) ;
#203 = DIRECTION ( 'NONE',  ( -0.9942111271364117986, 0.000000000000000000, 0.1074441002482029034 ) ) ;
#204 = CARTESIAN_POINT ( 'NONE',  ( 56.21434713413057693, 16.45539860674798049, 22.55325347388635748 ) ) ;
#205 = CARTESIAN_POINT ( 'NONE',  ( -95.40500000000001535, 7.703719777548943412E-31, -1.040834085586084257E-14 ) ) ;
#206 = DIRECTION ( 'NONE',  ( 0.9942111271364115765, -0.000000000000000000, -0.1074441002482027785 ) ) ;
#207 = LINE ( 'NONE', #1124, #1929 ) ;
#208 = ORIENTED_EDGE ( 'NONE', *, *, #3781, .F. ) ;
#209 = CARTESIAN_POINT ( 'NONE',  ( 52.20587185069480540, 30.51692090485075681, 6.876213324423443574 ) ) ;
#210 = CARTESIAN_POINT ( 'NONE',  ( 50.77178985969270997, 9.032507620016213323, -29.53389832414830707 ) ) ;
#211 = CARTESIAN_POINT ( 'NONE',  ( -120.4789542645101363, 2.321221304912792327, 28.48073291402390339 ) ) ;
#212 = EDGE_CURVE ( 'NONE', #3092, #1187, #549, .T. ) ;
#213 = DIRECTION ( 'NONE',  ( 0.000000000000000000, -0.8660254037844380415, 0.5000000000000012212 ) ) ;
#214 = ORIENTED_EDGE ( 'NONE', *, *, #3608, .T. ) ;
#215 = B_SPLINE_CURVE_WITH_KNOTS ( 'NONE', 3,
 ( #379, #1845, #3374, #2766, #2414, #109, #2441, #1573, #3685, #98, #1520, #978, #58, #1562, #698, #646, #3344, #1264, #1290, #2428, #3075, #365, #2134, #2454, #2396, #3360, #3635, #409, #658, #3673 ),
 .UNSPECIFIED., .F., .F.,
 ( 4, 2, 2, 2, 2, 2, 2, 2, 2, 2, 2, 2, 2, 2, 4 ),
 ( 0.01588174492623821085, 0.01692738408296085365, 0.01745020366132217504, 0.01797302323968349644, 0.01901866239640616352, 0.01954148197476749879, 0.02006430155312883407, 0.02058712113149017281, 0.02110994070985150808, 0.02163276028821284336, 0.02215557986657417863, 0.02267839944493551391, 0.02320121902329685265, 0.02372403860165818792, 0.02424685818001952320 ),
 .UNSPECIFIED. ) ;
#216 = ORIENTED_EDGE ( 'NONE', *, *, #3781, .T. ) ;
#217 = CARTESIAN_POINT ( 'NONE',  ( 46.99161338417336253, 29.85347497617301826, -19.43770090824333607 ) ) ;
#218 = DIRECTION ( 'NONE',  ( 0.000000000000000000, -0.8837137091828839441, 0.4680278626345116266 ) ) ;
#219 = CARTESIAN_POINT ( 'NONE',  ( 56.43070334222272777, 16.03185860547659303, 22.77065558888399366 ) ) ;
#220 = CARTESIAN_POINT ( 'NONE',  ( 49.05372449866174378, -14.09025272877171631, -26.72416746443401081 ) ) ;
#221 = CYLINDRICAL_SURFACE ( 'NONE', #2117, 2.675000000000000266 ) ;
#222 = FACE_OUTER_BOUND ( 'NONE', #2887, .T. ) ;
#223 = CARTESIAN_POINT ( 'NONE',  ( 51.76586105731857401, 23.19974033806224156, 4.640324216906342336 ) ) ;
#224 = CARTESIAN_POINT ( 'NONE',  ( 51.12441662954203991, 7.237837191209334442, -30.18085784694942930 ) ) ;
#225 = CARTESIAN_POINT ( 'NONE',  ( -121.9936999481207636, 2.675052456535854883, 28.44951175956398259 ) ) ;
#226 = EDGE_LOOP ( 'NONE', ( #2421, #3596, #759, #3649 ) ) ;
#227 = CARTESIAN_POINT ( 'NONE',  ( -123.4513581278163770, 22.98349673829801532, 10.81334001467268635 ) ) ;
#228 = EDGE_CURVE ( 'NONE', #824, #1462, #2038, .T. ) ;
#229 = ORIENTED_EDGE ( 'NONE', *, *, #2191, .F. ) ;
#230 = CARTESIAN_POINT ( 'NONE',  ( 56.01739961004201263, 13.82518478245394533, 23.94117746948722214 ) ) ;
#231 = CARTESIAN_POINT ( 'NONE',  ( 49.21451148327447100, 31.15267712921745513, 5.526899318391486737 ) ) ;
#232 = FACE_OUTER_BOUND ( 'NONE', #564, .T. ) ;
#233 = DIRECTION ( 'NONE',  ( 1.000000000000000000, -4.856618655403135597E-16, 0.000000000000000000 ) ) ;
#234 = CARTESIAN_POINT ( 'NONE',  ( 53.53175383696561340, 6.264570701179861216E-15, -39.16380244098360208 ) ) ;
#235 = CARTESIAN_POINT ( 'NONE',  ( 7.494831408562533603, 5.294135797048153928E-15, -29.71772458872121092 ) ) ;
#236 = CARTESIAN_POINT ( 'NONE',  ( 50.47262381723673030, -10.46505037385205306, -28.90014652034187392 ) ) ;
#237 = CARTESIAN_POINT ( 'NONE',  ( 52.53605196606909544, 24.92880966574930923, -0.9449322231107490921 ) ) ;
#238 = CARTESIAN_POINT ( 'NONE',  ( -123.0046626889784989, 2.404758754953725930, 28.47371204721873994 ) ) ;
#239 = CARTESIAN_POINT ( 'NONE',  ( -124.3582677948894997, 22.41598366355815486, 11.94612947080876886 ) ) ;
#240 = CARTESIAN_POINT ( 'NONE',  ( 47.02154458595197895, -31.83287545572965982, -14.07540982386066375 ) ) ;
#241 = CARTESIAN_POINT ( 'NONE',  ( 54.85291268348188254, -4.951080004438554560, 18.96374207819287250 ) ) ;
#242 = CARTESIAN_POINT ( 'NONE',  ( 48.97230773377246749, 31.33329022094066829, 5.022062122542244822 ) ) ;
#243 = B_SPLINE_CURVE_WITH_KNOTS ( 'NONE', 3,
 ( #761, #1947, #3441, #482, #510, #1908, #179, #1382, #2206, #2853, #210, #1326, #1626, #3173, #224, #771, #1072, #3469, #3455, #788, #3430, #2865, #1650, #2880, #3763, #1612, #1087, #2835 ),
 .UNSPECIFIED., .F., .F.,
 ( 4, 2, 2, 2, 2, 2, 2, 2, 2, 2, 2, 2, 2, 4 ),
 ( 0.01414633327920666699, 0.01473296626430992823, 0.01531959924941319121, 0.01590623223451645418, 0.01649286521961971369, 0.01766613118982621883, 0.01883939716003272050, 0.01942603014513597307, 0.02001266313023922563, 0.02059929611534247473, 0.02118592910044572730, 0.02235919507065221856, 0.02294582805575545725, 0.02353246104085870288 ),
 .UNSPECIFIED. ) ;
#244 = VERTEX_POINT ( 'NONE', #684 ) ;
#245 =( GEOMETRIC_REPRESENTATION_CONTEXT ( 3 ) GLOBAL_UNCERTAINTY_ASSIGNED_CONTEXT ( ( #1041 ) ) GLOBAL_UNIT_ASSIGNED_CONTEXT ( ( #2217, #490, #3164 ) ) REPRESENTATION_CONTEXT ( 'NONE', 'WORKASPACE' ) );
#246 = DIRECTION ( 'NONE',  ( 1.000000000000000000, -4.856618655403135597E-16, 0.000000000000000000 ) ) ;
#247 = DIRECTION ( 'NONE',  ( -0.9942111271364116876, -1.350509218838742282E-17, 0.1074441002482028340 ) ) ;
#248 = ORIENTED_EDGE ( 'NONE', *, *, #1832, .F. ) ;
#249 = CARTESIAN_POINT ( 'NONE',  ( 48.36493143486104174, -14.13235322864181498, -26.62142040269479892 ) ) ;
#250 = DIRECTION ( 'NONE',  ( 0.000000000000000000, 0.2946593363312214886, -0.9556023626555367745 ) ) ;
#251 = AXIS2_PLACEMENT_3D ( 'NONE', #2918, #1108, #3216 ) ;
#252 = CARTESIAN_POINT ( 'NONE',  ( 48.17794931312094775, 10.33538807269188098, -28.71020293035543602 ) ) ;
#253 = VECTOR ( 'NONE', #206, 1000.000000000000227 ) ;
#254 = CARTESIAN_POINT ( 'NONE',  ( 47.73697322651085528, -30.72485645738951376, -17.49196831740439606 ) ) ;
#255 = EDGE_CURVE ( 'NONE', #1973, #1455, #3565, .T. ) ;
#256 = CARTESIAN_POINT ( 'NONE',  ( 34.58056022006427810, 4.712518953647743013E-15, -3.903491034322438491 ) ) ;
#257 = ORIENTED_EDGE ( 'NONE', *, *, #3834, .F. ) ;
#258 = CARTESIAN_POINT ( 'NONE',  ( 52.03081088348354655, -23.59155906315672269, 3.678140760088250971 ) ) ;
#259 = CARTESIAN_POINT ( 'NONE',  ( 7.855379840973170746E-13, -16.73884745518882866, 28.57499999999992824 ) ) ;
#260 = ORIENTED_EDGE ( 'NONE', *, *, #1581, .T. ) ;
#261 = CARTESIAN_POINT ( 'NONE',  ( 54.75504734634732529, 17.54512248359262117, 22.05224054388756016 ) ) ;
#262 = DIRECTION ( 'NONE',  ( 0.000000000000000000, -3.061616997868381785E-17, -1.000000000000000000 ) ) ;
#263 = CARTESIAN_POINT ( 'NONE',  ( 49.50182385620659176, 23.59155906315674045, -14.98350273281459799 ) ) ;
#264 = CARTESIAN_POINT ( 'NONE',  ( 46.04357842179847893, -12.90236532891513832, -27.14917372596762490 ) ) ;
#265 = CARTESIAN_POINT ( 'NONE',  ( 51.81296460277085458, 32.29292554669500248, 1.165439462478039312 ) ) ;
#266 = CARTESIAN_POINT ( 'NONE',  ( -120.6350891489561690, -2.404651515994062461, -28.47372130009532754 ) ) ;
#267 = FACE_OUTER_BOUND ( 'NONE', #627, .T. ) ;
#268 = B_SPLINE_CURVE_WITH_KNOTS ( 'NONE', 3,
 ( #2555, #1687, #2917, #1998, #3528, #1437, #1157, #2298, #1168, #284, #596, #3539, #3261, #1734, #859, #1460, #1728, #573, #1711, #2621, #1182, #3838, #2007, #2, #1427, #1746, #2314, #3549, #2942, #2044, #553, #2288, #3250, #1134 ),
 .UNSPECIFIED., .F., .F.,
 ( 4, 2, 2, 2, 2, 2, 2, 2, 2, 2, 2, 2, 2, 2, 2, 2, 4 ),
 ( 0.005160407268726823447, 0.005747216227633662224, 0.006334025186540500132, 0.006920834145447338909, 0.007507643104354177685, 0.008094452063261016461, 0.008681261022167855237, 0.009268069981074694014, 0.009854878939981531055, 0.01044168789888837157, 0.01102849685779520861, 0.01161530581670204738, 0.01220211477560888616, 0.01278892373451572494, 0.01337573269342256371, 0.01396254165232940075, 0.01454935061123624127 ),
 .UNSPECIFIED. ) ;
#269 = ORIENTED_EDGE ( 'NONE', *, *, #671, .T. ) ;
#270 = CARTESIAN_POINT ( 'NONE',  ( 47.77733816838308911, 28.00183095664336008, -22.93083164571897470 ) ) ;
#271 = CARTESIAN_POINT ( 'NONE',  ( -119.2818711682173785, -0.8626669667366659855, 25.38586255831827287 ) ) ;
#272 = AXIS2_PLACEMENT_3D ( 'NONE', #1992, #580, #3545 ) ;
#273 = CIRCLE ( 'NONE', #1857, 29.57500000000000639 ) ;
#274 = FACE_BOUND ( 'NONE', #3098, .T. ) ;
#275 = PLANE ( 'NONE',  #3382 ) ;
#276 = DIRECTION ( 'NONE',  ( 0.000000000000000000, 1.000000000000000000, 2.026856480123238323E-16 ) ) ;
#277 = VERTEX_POINT ( 'NONE', #1571 ) ;
#278 = DIRECTION ( 'NONE',  ( 9.713237310806269221E-16, 1.000000000000000000, 0.000000000000000000 ) ) ;
#279 = EDGE_CURVE ( 'NONE', #1492, #193, #1903, .T. ) ;
#280 = EDGE_LOOP ( 'NONE', ( #2997, #2393, #2951, #208 ) ) ;
#281 = CARTESIAN_POINT ( 'NONE',  ( 55.02191265953926802, -29.42468263054070832, 8.962079492273606007 ) ) ;
#282 = FACE_BOUND ( 'NONE', #3153, .T. ) ;
#283 = CARTESIAN_POINT ( 'NONE',  ( 55.73877774270746954, -9.181268465940974011, 17.63100656979024805 ) ) ;
#284 = CARTESIAN_POINT ( 'NONE',  ( 47.70211548177363170, -24.71922581119860141, -11.19875346373277125 ) ) ;
#285 = CARTESIAN_POINT ( 'NONE',  ( 57.13870538395450893, -9.314440906328126601, 25.52457557941756505 ) ) ;
#286 = AXIS2_PLACEMENT_3D ( 'NONE', #3222, #1423, #841 ) ;
#287 = EDGE_LOOP ( 'NONE', ( #3468, #2302, #2692 ) ) ;
#288 = CARTESIAN_POINT ( 'NONE',  ( 53.89524030898733287, 12.96990942513725820, 24.55211640813205065 ) ) ;
#289 = CARTESIAN_POINT ( 'NONE',  ( 49.85341207819966769, 23.59754073947802411, -15.00642212848380552 ) ) ;
#290 = VERTEX_POINT ( 'NONE', #1559 ) ;
#291 = CIRCLE ( 'NONE', #973, 25.39999999999999858 ) ;
#292 = DIRECTION ( 'NONE',  ( -4.731699523581595196E-16, -0.8660254037844380415, 0.5000000000000011102 ) ) ;
#293 = CARTESIAN_POINT ( 'NONE',  ( -120.0537136509907157, -2.016693295744452108, -28.50402136118662355 ) ) ;
#294 = CARTESIAN_POINT ( 'NONE',  ( -121.1275143803675860, -23.35000861617069390, 16.47145678565399862 ) ) ;
#295 = B_SPLINE_CURVE_WITH_KNOTS ( 'NONE', 3,
 ( #27, #3025, #2064, #2361, #359, #1814, #1800, #907, #2698, #1207, #3295, #2387, #1787, #2076, #2374, #2682, #917, #3012, #1217, #3312, #51, #2100, #2406, #140, #1369, #770, #3482, #2222, #3762, #209, #178, #2879 ),
 .UNSPECIFIED., .F., .F.,
 ( 4, 2, 2, 2, 2, 2, 2, 2, 2, 2, 2, 2, 2, 2, 2, 4 ),
 ( 0.01341214903775158826, 0.01399852330885635252, 0.01458489757996111851, 0.01517127185106588276, 0.01575764612217064875, 0.01634402039327541301, 0.01693039466438018073, 0.01751676893548494499, 0.01810314320658971271, 0.01927589174879924816, 0.01986226601990401935, 0.02044864029100878708, 0.02103501456211355827, 0.02162138883321832947, 0.02220776310432309719, 0.02279413737542786839 ),
 .UNSPECIFIED. ) ;
#296 = CARTESIAN_POINT ( 'NONE',  ( 54.12888996679273390, -10.22449738084838344, 17.37058129915038407 ) ) ;
#297 = CARTESIAN_POINT ( 'NONE',  ( 48.25797803335219527, 27.91032645537786294, -23.12908033586084500 ) ) ;
#298 = CARTESIAN_POINT ( 'NONE',  ( -124.3581802336727264, -0.8623288146454665126, 25.38586881679359664 ) ) ;
#299 = CARTESIAN_POINT ( 'NONE',  ( 51.81296460277086879, 30.52496952870777136, 6.899053638411286826 ) ) ;
#300 = CARTESIAN_POINT ( 'NONE',  ( 51.78416866056698353, 16.89996766874483924, 22.77027842185194828 ) ) ;
#301 = CARTESIAN_POINT ( 'NONE',  ( 50.83841482169606962, 21.37458829644047498, -19.46258990230619901 ) ) ;
#302 = AXIS2_PLACEMENT_3D ( 'NONE', #2305, #1704, #337 ) ;
#303 = CARTESIAN_POINT ( 'NONE',  ( -150.2199999999999989, 3.972060948574284513E-15, -1.734723475976807094E-14 ) ) ;
#304 = ORIENTED_EDGE ( 'NONE', *, *, #2892, .F. ) ;
#305 = CARTESIAN_POINT ( 'NONE',  ( 54.54075809641665984, -28.32147802649764046, 11.01568179677561865 ) ) ;
#306 = CARTESIAN_POINT ( 'NONE',  ( -124.4096151110908863, -0.6927654475438752568, -28.56711325090526543 ) ) ;
#307 = CARTESIAN_POINT ( 'NONE',  ( -121.1248690241738473, -25.93942365010192219, 11.98658038512824042 ) ) ;
#308 = ADVANCED_FACE ( 'NONE', ( #1272 ), #2172, .T. ) ;
#309 = CARTESIAN_POINT ( 'NONE',  ( -113.9500000000000028, -29.94508000000000081, -29.94508000000001502 ) ) ;
#310 = CARTESIAN_POINT ( 'NONE',  ( 56.39550663488420668, -11.59065089161925322, 24.83821558091385029 ) ) ;
#311 = ORIENTED_EDGE ( 'NONE', *, *, #1631, .F. ) ;
#312 = PERSON_AND_ORGANIZATION ( #2996, #2902 ) ;
#313 = CARTESIAN_POINT ( 'NONE',  ( 54.52596496410203741, 6.154463233957039534E-15, -39.27124654123180392 ) ) ;
#314 = VECTOR ( 'NONE', #2276, 1000.000000000000227 ) ;
#315 = VECTOR ( 'NONE', #1298, 1000.000000000000000 ) ;
#316 = CARTESIAN_POINT ( 'NONE',  ( 55.00427306438512431, -28.76831276446545615, 10.19273457612810674 ) ) ;
#317 = AXIS2_PLACEMENT_3D ( 'NONE', #3355, #1067, #2502 ) ;
#318 = CARTESIAN_POINT ( 'NONE',  ( -122.1691936709354991, -2.657948566347999808, -28.45113573239063598 ) ) ;
#319 = B_SPLINE_CURVE_WITH_KNOTS ( 'NONE', 3,
 ( #2315, #2659, #2646, #3826, #271, #574, #2622, #1183, #2045, #3540, #597, #1158, #1169, #882, #2056, #3550, #1469, #1747, #3226, #1428, #1461, #3563, #1712, #298, #2327, #2008, #3, #2340 ),
 .UNSPECIFIED., .F., .F.,
 ( 4, 2, 2, 2, 2, 2, 2, 2, 2, 2, 2, 2, 2, 4 ),
 ( 0.01169466480767109365, 0.01221762066231174906, 0.01274057651695240448, 0.01326353237159306163, 0.01378648822623371704, 0.01483239993551502788, 0.01535535579015570237, 0.01587831164479637513, 0.01692422335407776576, 0.01744717920871844200, 0.01797013506335911823, 0.01901604677264050192, 0.01953900262728118509, 0.02006195848192186826 ),
 .UNSPECIFIED. ) ;
#320 = ORIENTED_EDGE ( 'NONE', *, *, #3388, .T. ) ;
#321 = CARTESIAN_POINT ( 'NONE',  ( -119.1624903640944808, -0.3518925631770866702, -25.39814117720358411 ) ) ;
#322 = CARTESIAN_POINT ( 'NONE',  ( -121.8199999999999932, 20.53721785532329136, -14.94599219734140760 ) ) ;
#323 = CARTESIAN_POINT ( 'NONE',  ( 46.06435370931203011, 12.28245360062305558, -35.97375672427503446 ) ) ;
#324 = ORIENTED_EDGE ( 'NONE', *, *, #1211, .F. ) ;
#325 = CARTESIAN_POINT ( 'NONE',  ( -122.6805777539555038, 2.538856354809214011, -28.46206884586425545 ) ) ;
#326 = CARTESIAN_POINT ( 'NONE',  ( -119.1449999999999960, 2.062316516152651792E-15, -25.40000000000001634 ) ) ;
#327 = CARTESIAN_POINT ( 'NONE',  ( -150.2199999999999989, 2.717797409007765408E-15, -30.59000000000002117 ) ) ;
#328 = CARTESIAN_POINT ( 'NONE',  ( -0.1710626390779151906, 1.823539765631583822E-15, 25.39999999999996305 ) ) ;
#329 = ADVANCED_FACE ( 'NONE', ( #3707 ), #420, .F. ) ;
#330 = EDGE_LOOP ( 'NONE', ( #3622, #1220 ) ) ;
#331 = EDGE_CURVE ( 'NONE', #959, #1137, #948, .T. ) ;
#332 = CARTESIAN_POINT ( 'NONE',  ( -123.9470886118623270, -1.631396015771187979, -25.34797002765996510 ) ) ;
#333 = CARTESIAN_POINT ( 'NONE',  ( -119.4990572758485570, -24.04904438454887838, -15.43357146431810278 ) ) ;
#334 = ORIENTED_EDGE ( 'NONE', *, *, #3190, .T. ) ;
#335 = CARTESIAN_POINT ( 'NONE',  ( -119.4979289638281585, 1.339610432672646123, -28.54395774690124199 ) ) ;
#336 = CARTESIAN_POINT ( 'NONE',  ( -124.2230059309299435, -24.13153503815790302, -15.30444172809196424 ) ) ;
#337 = DIRECTION ( 'NONE',  ( 0.000000000000000000, 0.2946593363312214886, -0.9556023626555367745 ) ) ;
#338 = ORIENTED_EDGE ( 'NONE', *, *, #1640, .F. ) ;
#339 = CARTESIAN_POINT ( 'NONE',  ( -0.6377081860947552139, 28.57499999999998863, 16.73884745518878603 ) ) ;
#340 = FACE_BOUND ( 'NONE', #1732, .T. ) ;
#341 = DIRECTION ( 'NONE',  ( -0.1074441002482028340, 0.000000000000000000, -0.9942111271364117986 ) ) ;
#342 = CARTESIAN_POINT ( 'NONE',  ( 48.87843333150267000, 24.68642802376861312, 0.5670250345876912679 ) ) ;
#343 = LINE ( 'NONE', #3217, #1699 ) ;
#344 = AXIS2_PLACEMENT_3D ( 'NONE', #1435, #2040, #625 ) ;
#345 = ADVANCED_FACE ( 'NONE', ( #3663 ), #3477, .F. ) ;
#346 = CARTESIAN_POINT ( 'NONE',  ( -119.6928149947400044, -1.631266905751765695, -25.34797821071409629 ) ) ;
#347 = CARTESIAN_POINT ( 'NONE',  ( -119.1450210806239625, 22.08550903657252462, -12.54677179742471793 ) ) ;
#348 = CARTESIAN_POINT ( 'NONE',  ( 56.29584187487738234, 14.21660723975114138, 23.72652018685780462 ) ) ;
#349 = ORIENTED_EDGE ( 'NONE', *, *, #3035, .F. ) ;
#350 = EDGE_CURVE ( 'NONE', #635, #277, #2906, .T. ) ;
#351 = CARTESIAN_POINT ( 'NONE',  ( -121.1255628107509636, 2.589165037235565681, -28.45747745690771424 ) ) ;
#352 = VECTOR ( 'NONE', #3829, 1000.000000000000114 ) ;
#353 = CARTESIAN_POINT ( 'NONE',  ( -124.1407160672139440, -25.39059078807856551, 13.10990635555593009 ) ) ;
#354 = ORIENTED_EDGE ( 'NONE', *, *, #2191, .T. ) ;
#355 = EDGE_CURVE ( 'NONE', #1919, #902, #1136, .T. ) ;
#356 = CARTESIAN_POINT ( 'NONE',  ( -120.6348876077793904, 2.404474993126025861, 25.28602367945895324 ) ) ;
#357 = CARTESIAN_POINT ( 'NONE',  ( -121.8199999999999932, 25.06037526958331441, 14.46861440788698872 ) ) ;
#358 = CARTESIAN_POINT ( 'NONE',  ( 51.37359172526122819, 24.97964848440419416, -1.089604528405992090 ) ) ;
#359 = CARTESIAN_POINT ( 'NONE',  ( 52.77999770757817544, 32.23935681408226372, 1.309396861786421562 ) ) ;
#360 = CARTESIAN_POINT ( 'NONE',  ( 50.84784375459643257, -23.53285366236112708, 3.952796558497878809 ) ) ;
#361 = VECTOR ( 'NONE', #3063, 1000.000000000000114 ) ;
#362 = CARTESIAN_POINT ( 'NONE',  ( -119.1450741248068539, -24.83459819191527274, -14.13520026791050554 ) ) ;
#363 = AXIS2_PLACEMENT_3D ( 'NONE', #905, #1188, #3259 ) ;
#364 = EDGE_LOOP ( 'NONE', ( #2992, #474, #3432, #983, #1378 ) ) ;
#365 = CARTESIAN_POINT ( 'NONE',  ( -120.0537618181567296, -20.91952062996415762, -14.40656959784376667 ) ) ;
#366 = CARTESIAN_POINT ( 'NONE',  ( 51.72262779482299777, -27.96219306349278355, 11.90865277463055349 ) ) ;
#367 = VECTOR ( 'NONE', #433, 1000.000000000000000 ) ;
#368 = CARTESIAN_POINT ( 'NONE',  ( 50.30273038070450298, 30.30054727724812480, -18.80148356470353477 ) ) ;
#369 = ADVANCED_FACE ( 'NONE', ( #462 ), #1723, .T. ) ;
#370 = ORIENTED_EDGE ( 'NONE', *, *, #228, .T. ) ;
#371 = CARTESIAN_POINT ( 'NONE',  ( -119.2304689406692546, 0.6930675928875200675, 25.39111854250807809 ) ) ;
#372 = CARTESIAN_POINT ( 'NONE',  ( 55.75795638599879567, 12.33004691118987495, 16.14437676496156726 ) ) ;
#373 = CARTESIAN_POINT ( 'NONE',  ( 52.39479944820251234, -10.22301502467480461, 17.55870247743556689 ) ) ;
#374 = EDGE_LOOP ( 'NONE', ( #1245, #3840 ) ) ;
#375 = CARTESIAN_POINT ( 'NONE',  ( -119.2814546552496751, -0.8614706380618104564, -25.38590423430915521 ) ) ;
#376 = CARTESIAN_POINT ( 'NONE',  ( -120.6353126767418615, 20.69597741116142231, -14.72552242452761995 ) ) ;
#377 = DIRECTION ( 'NONE',  ( -0.9942111271364116876, 5.383361607227059951E-17, 0.1074441002482028201 ) ) ;
#378 = AXIS2_PLACEMENT_3D ( 'NONE', #3370, #477, #1914 ) ;
#379 = CARTESIAN_POINT ( 'NONE',  ( -121.8199999999999932, -23.21221785532334891, -10.31275628709457770 ) ) ;
#380 = CARTESIAN_POINT ( 'NONE',  ( -119.1450206135033625, 21.90857779828175111, 12.85322578997993226 ) ) ;
#381 = CARTESIAN_POINT ( 'NONE',  ( 51.78548261360622007, 29.49516199957246343, -20.69781703851592169 ) ) ;
#382 = EDGE_CURVE ( 'NONE', #888, #554, #3429, .T. ) ;
#383 = EDGE_LOOP ( 'NONE', ( #1889, #935 ) ) ;
#384 = CARTESIAN_POINT ( 'NONE',  ( -122.5143923365523619, 2.589227332559969064, 25.26770834078275740 ) ) ;
#385 = CARTESIAN_POINT ( 'NONE',  ( 55.57122651659074108, 10.66383444257286861, 17.01586260191465527 ) ) ;
#386 = CARTESIAN_POINT ( 'NONE',  ( 51.17622440359935609, 24.97984061577475146, -1.069330912257128618 ) ) ;
#387 = CARTESIAN_POINT ( 'NONE',  ( 51.11700870717771750, -5.679934000131096283, 19.21076963580283703 ) ) ;
#388 = ADVANCED_FACE ( 'NONE', ( #1411, #2606, #1178, #2648 ), #3280, .F. ) ;
#389 = CARTESIAN_POINT ( 'NONE',  ( -120.6359679122872137, 23.45643755972876932, -16.31963954054841537 ) ) ;
#390 = CARTESIAN_POINT ( 'NONE',  ( -121.1275186863502142, -25.93970485207652032, -11.98597109953306550 ) ) ;
#391 = DIRECTION ( 'NONE',  ( 0.1074441002482030422, 0.000000000000000000, 0.9942111271364116876 ) ) ;
#392 = VECTOR ( 'NONE', #3847, 1000.000000000000114 ) ;
#393 = CARTESIAN_POINT ( 'NONE',  ( -121.8199999999999932, 20.53721785532326649, 14.94599219734140583 ) ) ;
#394 = FACE_BOUND ( 'NONE', #3268, .T. ) ;
#395 = DIRECTION ( 'NONE',  ( -0.09507010545186059258, -0.4659079677327933044, -0.8797109983696183022 ) ) ;
#396 = CARTESIAN_POINT ( 'NONE',  ( 55.18039348970342672, 10.15004705867355028, 17.28998598020121946 ) ) ;
#397 = DIRECTION ( 'NONE',  ( -0.03182761377624750143, -0.9551182288552938493, -0.2945100540043353865 ) ) ;
#398 = CARTESIAN_POINT ( 'NONE',  ( 52.03394051232195494, -4.950621006397057045, 19.26839497482237817 ) ) ;
#399 = AXIS2_PLACEMENT_3D ( 'NONE', #2896, #3210, #1705 ) ;
#400 = VECTOR ( 'NONE', #2576, 1000.000000000000114 ) ;
#401 = VERTEX_POINT ( 'NONE', #751 ) ;
#402 = CARTESIAN_POINT ( 'NONE',  ( 38.12836441025993395, 4.712518953647743802E-15, 28.92536038372188756 ) ) ;
#403 = APPLICATION_PROTOCOL_DEFINITION ( 'international standard', 'config_control_design', 1994, #683 ) ;
#404 = DIRECTION ( 'NONE',  ( 1.000000000000000000, 0.000000000000000000, 0.000000000000000000 ) ) ;
#405 = CARTESIAN_POINT ( 'NONE',  ( 51.54382339736899610, -11.29369888932642851, 25.47463731242256912 ) ) ;
#406 = VERTEX_POINT ( 'NONE', #1632 ) ;
#407 = CARTESIAN_POINT ( 'NONE',  ( -124.1413853239861851, -22.63706114569216510, 11.52148529555330292 ) ) ;
#408 = EDGE_CURVE ( 'NONE', #1127, #3243, #1671, .T. ) ;
#409 = CARTESIAN_POINT ( 'NONE',  ( -121.4683850054519780, -20.54755265971277112, -14.93182053032930590 ) ) ;
#410 = CARTESIAN_POINT ( 'NONE',  ( -122.6821982680572489, -23.37974081863577425, 16.42933119598280811 ) ) ;
#411 = ADVANCED_FACE ( 'NONE', ( #172 ), #1077, .F. ) ;
#412 = CARTESIAN_POINT ( 'NONE',  ( 53.03853855592988253, 17.61912401556639196, 22.19088324505044341 ) ) ;
#413 = ORIENTED_EDGE ( 'NONE', *, *, #2927, .F. ) ;
#414 = PERSON_AND_ORGANIZATION ( #2996, #2902 ) ;
#415 = CARTESIAN_POINT ( 'NONE',  ( 50.65381156200275115, 11.17928149935187854, 17.30040627547581167 ) ) ;
#416 = CARTESIAN_POINT ( 'NONE',  ( -3.079127503415652001, 5.294135797048153139E-15, -28.57500000000004192 ) ) ;
#417 = CARTESIAN_POINT ( 'NONE',  ( 49.75516889086723182, 11.58615731943715232, -36.64442723595139739 ) ) ;
#418 = CARTESIAN_POINT ( 'NONE',  ( 50.40500987102144137, -21.49343598402459676, 8.000484426367320268 ) ) ;
#419 = LINE ( 'NONE', #2280, #1722 ) ;
#420 = CYLINDRICAL_SURFACE ( 'NONE', #556, 2.674999999999996714 ) ;
#421 = CARTESIAN_POINT ( 'NONE',  ( -120.1732129580158528, 25.74664725898673723, -12.39765698570705688 ) ) ;
#422 = CARTESIAN_POINT ( 'NONE',  ( -95.40500000000001535, 28.57500000000000284, -1.040834085586084257E-14 ) ) ;
#423 = AXIS2_PLACEMENT_3D ( 'NONE', #2432, #678, #48 ) ;
#424 = ORIENTED_EDGE ( 'NONE', *, *, #1832, .T. ) ;
#425 = CARTESIAN_POINT ( 'NONE',  ( 13.74270583799552448, 2.384374161534076683E-17, 28.09565245426114544 ) ) ;
#426 = CARTESIAN_POINT ( 'NONE',  ( -121.9964460150441568, -23.30050418053375694, 16.54137630104968082 ) ) ;
#427 = CARTESIAN_POINT ( 'NONE',  ( -124.2249067370748890, -25.31799041654513971, -13.24976257786121892 ) ) ;
#428 = CARTESIAN_POINT ( 'NONE',  ( 51.83751259235979347, 9.795539274185973255, 17.80341771988773658 ) ) ;
#429 = CARTESIAN_POINT ( 'NONE',  ( -124.4950734811607020, 24.83347893804486972, 14.13716650824108712 ) ) ;
#430 = CARTESIAN_POINT ( 'NONE',  ( 47.39174492656410109, 12.60482052720044344, -35.98517798726983585 ) ) ;
#431 = CARTESIAN_POINT ( 'NONE',  ( -122.1702559556518253, 25.96827701722282811, -11.92394145274518813 ) ) ;
#432 = CARTESIAN_POINT ( 'NONE',  ( -113.9500000000000028, 2.717797409007768958E-15, -1.387778780781445676E-14 ) ) ;
#433 = DIRECTION ( 'NONE',  ( 1.000000000000000000, 2.428309327701567798E-16, -0.000000000000000000 ) ) ;
#434 = ORIENTED_EDGE ( 'NONE', *, *, #2892, .T. ) ;
#435 = CARTESIAN_POINT ( 'NONE',  ( 49.25769813373646855, -17.30254404359003217, -33.77723868756311987 ) ) ;
#436 = CARTESIAN_POINT ( 'NONE',  ( -124.3576425355294788, -25.16783957864822341, 13.53280346081172958 ) ) ;
#437 = VERTEX_POINT ( 'NONE', #1357 ) ;
#438 = CARTESIAN_POINT ( 'NONE',  ( -123.1698779729424160, -25.83216511166396856, -12.21671757541990466 ) ) ;
#439 = CARTESIAN_POINT ( 'NONE',  ( 52.95648223210693573, -24.23921303258626025, -13.53440562980688888 ) ) ;
#440 = DIRECTION ( 'NONE',  ( 4.690026295307383482E-16, 6.123233995736769734E-17, -1.000000000000000000 ) ) ;
#441 = TOROIDAL_SURFACE ( 'NONE', #1553, 29.57500000000000639, 1.000000000000010880 ) ;
#442 = CARTESIAN_POINT ( 'NONE',  ( -123.1599162168875807, 25.82590758952054699, -12.22957993802532606 ) ) ;
#443 = EDGE_CURVE ( 'NONE', #3555, #3092, #994, .T. ) ;
#444 = CIRCLE ( 'NONE', #1367, 29.57500000000000639 ) ;
#445 = CARTESIAN_POINT ( 'NONE',  ( -121.8199999999999932, 20.53721785532326649, 14.94599219734140583 ) ) ;
#446 = CARTESIAN_POINT ( 'NONE',  ( -121.4683788392696897, -23.20511178958318155, 10.32879331969534675 ) ) ;
#447 = EDGE_LOOP ( 'NONE', ( #645, #942, #304, #1675 ) ) ;
#448 = ADVANCED_FACE ( 'NONE', ( #2463 ), #2014, .F. ) ;
#449 = CARTESIAN_POINT ( 'NONE',  ( -122.6821964401657965, -25.91808892514763940, -12.03278317292388522 ) ) ;
#450 = FACE_BOUND ( 'NONE', #1075, .T. ) ;
#451 = ORIENTED_EDGE ( 'NONE', *, *, #1706, .F. ) ;
#452 = CARTESIAN_POINT ( 'NONE',  ( 50.74125500494370300, -24.97309498801917371, -10.31430784039869764 ) ) ;
#453 = CARTESIAN_POINT ( 'NONE',  ( -124.4778987956733545, 24.57056663766566729, 14.58929776121087230 ) ) ;
#454 = CARTESIAN_POINT ( 'NONE',  ( -113.9500000000000028, 28.58999999999996433, -1.387778780781445676E-14 ) ) ;
#455 = AXIS2_PLACEMENT_3D ( 'NONE', #2556, #539, #3205 ) ;
#456 = DIRECTION ( 'NONE',  ( -0.1074441002482028340, 0.000000000000000000, -0.9942111271364116876 ) ) ;
#457 = VECTOR ( 'NONE', #3141, 1000.000000000000000 ) ;
#458 = CARTESIAN_POINT ( 'NONE',  ( 51.04852806829922685, -32.25787650221202085, -12.77782984793837784 ) ) ;
#459 = EDGE_CURVE ( 'NONE', #2068, #2817, #1763, .T. ) ;
#460 = CIRCLE ( 'NONE', #952, 28.57499999999999929 ) ;
#461 = DIRECTION ( 'NONE',  ( 1.000000000000000000, 0.000000000000000000, 0.000000000000000000 ) ) ;
#462 = FACE_OUTER_BOUND ( 'NONE', #3651, .T. ) ;
#463 = CARTESIAN_POINT ( 'NONE',  ( 52.99377116766737572, 14.13969093110954844, 15.32991322106599341 ) ) ;
#464 = CARTESIAN_POINT ( 'NONE',  ( -123.1622222952985908, 25.82531172277740694, 12.23083590108934970 ) ) ;
#465 = CARTESIAN_POINT ( 'NONE',  ( 53.35468542656933266, -10.33538807269393267, 17.40484095762813510 ) ) ;
#466 = CARTESIAN_POINT ( 'NONE',  ( -121.4682576931519833, -23.31066527685603162, -16.52708967186709899 ) ) ;
#467 = CARTESIAN_POINT ( 'NONE',  ( 48.97039103457252907, -17.45495266538731016, -33.65130313556163344 ) ) ;
#468 = CARTESIAN_POINT ( 'NONE',  ( -119.1450591840471134, -22.08482525100538041, 12.54794812304812091 ) ) ;
#469 = CARTESIAN_POINT ( 'NONE',  ( -123.4524063875719122, -2.126379700563152397, 28.49594097763669609 ) ) ;
#470 = ORIENTED_EDGE ( 'NONE', *, *, #1561, .F. ) ;
#471 = CARTESIAN_POINT ( 'NONE',  ( 38.09715306784057276, -4.370299501416310406, 28.63655286563088254 ) ) ;
#472 = CARTESIAN_POINT ( 'NONE',  ( -124.4776219630193026, 24.92076723081157397, 13.98268140059971287 ) ) ;
#473 = CARTESIAN_POINT ( 'NONE',  ( -123.1616905755777367, 23.06556875956301056, 10.63715104669234357 ) ) ;
#474 = ORIENTED_EDGE ( 'NONE', *, *, #749, .F. ) ;
#475 = CARTESIAN_POINT ( 'NONE',  ( 55.18006549619983758, -5.155483837867353536, 18.88664991724764874 ) ) ;
#476 = CARTESIAN_POINT ( 'NONE',  ( 54.63836222935722020, -22.01958109472677094, 6.667245962138550475 ) ) ;
#477 = DIRECTION ( 'NONE',  ( 1.000000000000000000, 0.000000000000000000, -0.000000000000000000 ) ) ;
#478 = ORIENTED_EDGE ( 'NONE', *, *, #1008, .T. ) ;
#479 = CARTESIAN_POINT ( 'NONE',  ( -95.40500000000000114, 2.624571171422672535E-15, -1.040834085586084257E-14 ) ) ;
#480 = CARTESIAN_POINT ( 'NONE',  ( -123.5908303578248848, 22.93439894524706801, -10.91735491408243419 ) ) ;
#481 = CARTESIAN_POINT ( 'NONE',  ( 35.92835041589352585, -23.82324867789759892, 8.567998853380473179 ) ) ;
#482 = CARTESIAN_POINT ( 'NONE',  ( 48.94947578174841851, 10.27029948719444796, -28.82265659527878299 ) ) ;
#483 = CARTESIAN_POINT ( 'NONE',  ( -122.6810472464751030, 2.538678395449464720, 28.46208450591652195 ) ) ;
#484 = FACE_BOUND ( 'NONE', #191, .T. ) ;
#485 = CARTESIAN_POINT ( 'NONE',  ( 47.28956264208585480, -17.66841885487356123, -33.33469765518979955 ) ) ;
#486 = AXIS2_PLACEMENT_3D ( 'NONE', #2012, #2308, #2630 ) ;
#487 = CARTESIAN_POINT ( 'NONE',  ( 54.63993363928749858, -22.68271584990974787, 5.430658410140773107 ) ) ;
#488 = CARTESIAN_POINT ( 'NONE',  ( 76.74505412191950882, 2.013676060108894295E-15, -8.460195325848726355 ) ) ;
#489 = CARTESIAN_POINT ( 'NONE',  ( 7.387387308314327328, 3.645736650093639136E-15, -30.71193571585762072 ) ) ;
#490 =( NAMED_UNIT ( * ) PLANE_ANGLE_UNIT ( ) SI_UNIT ( $, .RADIAN. ) );
#491 = B_SPLINE_CURVE_WITH_KNOTS ( 'NONE', 3,
 ( #924, #3634, #3123, #2763, #146, #2488, #2781, #2806, #1321, #407, #2440, #3373, #991, #1060, #744, #1095, #2236, #3789, #2000, #2252, #1988, #1417, #815, #2587, #3518, #799, #3180, #3481, #1380, #555 ),
 .UNSPECIFIED., .F., .F.,
 ( 4, 2, 2, 2, 2, 2, 2, 2, 2, 2, 2, 2, 2, 2, 4 ),
 ( 0.007510424330161415488, 0.008556759259411539711, 0.009079926724036600089, 0.009603094188661662201, 0.01012626165328672431, 0.01064942911791178642, 0.01117259658253684854, 0.01169576404716191065, 0.01221893151178697276, 0.01274209897641203314, 0.01326526644103709351, 0.01378843390566215563, 0.01483476883491228332, 0.01535793629953734717, 0.01588110376416241101 ),
 .UNSPECIFIED. ) ;
#492 = FACE_OUTER_BOUND ( 'NONE', #3506, .T. ) ;
#493 = ORIENTED_EDGE ( 'NONE', *, *, #1345, .F. ) ;
#494 = CARTESIAN_POINT ( 'NONE',  ( 46.71305448898187507, 28.53489810248515113, -21.92777232570701784 ) ) ;
#495 = CARTESIAN_POINT ( 'NONE',  ( -120.0537612917446211, -22.93621564306011607, 10.91355140208493246 ) ) ;
#496 = CARTESIAN_POINT ( 'NONE',  ( 40.77158099983753203, -4.370299501416300636, 28.34752823596321747 ) ) ;
#497 = ORIENTED_EDGE ( 'NONE', *, *, #507, .T. ) ;
#498 = CARTESIAN_POINT ( 'NONE',  ( 53.82996128244563039, 24.71940894471972427, -0.1073106126404851646 ) ) ;
#499 = PLANE ( 'NONE',  #2142 ) ;
#500 = CARTESIAN_POINT ( 'NONE',  ( 47.09563293728551514, 21.78382315756176979, -18.39533624132299394 ) ) ;
#501 = ORIENTED_EDGE ( 'NONE', *, *, #2247, .T. ) ;
#502 = CARTESIAN_POINT ( 'NONE',  ( -123.0049976437819623, 23.10062398585556309, 10.56057277806011641 ) ) ;
#503 = CIRCLE ( 'NONE', #378, 30.59000000000000341 ) ;
#504 = CARTESIAN_POINT ( 'NONE',  ( 51.22311105593528424, -32.24174001330183614, -12.87088712611523533 ) ) ;
#505 = CARTESIAN_POINT ( 'NONE',  ( -119.2823574789988612, 25.16783959576514107, 13.53280342863556385 ) ) ;
#506 = ORIENTED_EDGE ( 'NONE', *, *, #1176, .F. ) ;
#507 = EDGE_CURVE ( 'NONE', #3551, #1930, #1249, .T. ) ;
#508 = CARTESIAN_POINT ( 'NONE',  ( 48.36493143486104174, -9.404484884513390597, -29.12536946778944014 ) ) ;
#509 = CARTESIAN_POINT ( 'NONE',  ( 53.55355030751530876, 23.42107239907658922, 3.933335896528380449 ) ) ;
#510 = CARTESIAN_POINT ( 'NONE',  ( 49.13900143024491740, 10.22261254069875491, -28.86436733546220168 ) ) ;
#511 = CARTESIAN_POINT ( 'NONE',  ( -119.6925055733793783, 1.630916137934843801, 28.52879042109893248 ) ) ;
#512 = CARTESIAN_POINT ( 'NONE',  ( -123.5908296215675506, 20.92190572364703627, 14.40309530951441452 ) ) ;
#513 = CARTESIAN_POINT ( 'NONE',  ( 47.02213456902396871, -31.02719796651600603, -16.61266330629534238 ) ) ;
#514 = CARTESIAN_POINT ( 'NONE',  ( -119.4990582677393434, -25.39038796750996596, 13.11029606435219641 ) ) ;
#515 = CARTESIAN_POINT ( 'NONE',  ( 51.61485217889424604, 30.53276428814834631, 6.901457147164906658 ) ) ;
#516 = CARTESIAN_POINT ( 'NONE',  ( 48.94238029528641221, 30.35605004217540781, -18.52471921344339023 ) ) ;
#517 = VERTEX_POINT ( 'NONE', #2841 ) ;
#518 = CARTESIAN_POINT ( 'NONE',  ( 49.22154988331666203, -9.572367334307907427, -29.15006136645978074 ) ) ;
#519 = CARTESIAN_POINT ( 'NONE',  ( 54.49372874250158816, 23.91934826496999378, 2.546686755530365609 ) ) ;
#520 = ORIENTED_EDGE ( 'NONE', *, *, #3314, .F. ) ;
#521 = CARTESIAN_POINT ( 'NONE',  ( -150.2199999999999989, 2.717797409007765408E-15, -1.734723475976807094E-14 ) ) ;
#522 = CARTESIAN_POINT ( 'NONE',  ( 46.96015237755977978, 21.94256791875652013, -18.11069266471556816 ) ) ;
#523 = DIRECTION ( 'NONE',  ( 0.1074441002482028062, 5.164055645578289159E-34, 0.9942111271364116876 ) ) ;
#524 = CARTESIAN_POINT ( 'NONE',  ( 48.21013290645553440, -32.17809952549058750, -12.83073135555651234 ) ) ;
#525 = CARTESIAN_POINT ( 'NONE',  ( 47.88817123191606129, -30.68494733452771328, -17.60949894174103036 ) ) ;
#526 = CARTESIAN_POINT ( 'NONE',  ( -120.1879976015615910, -25.74150873139533502, 12.40624039146401891 ) ) ;
#527 = EDGE_CURVE ( 'NONE', #3606, #1375, #2571, .T. ) ;
#528 = CARTESIAN_POINT ( 'NONE',  ( 49.12051311007716237, 31.97498888829455765, 2.816383891311237342 ) ) ;
#529 = DIRECTION ( 'NONE',  ( 0.000000000000000000, 0.000000000000000000, 1.000000000000000000 ) ) ;
#530 = CARTESIAN_POINT ( 'NONE',  ( 49.11875079373970721, 30.36267585655175694, -18.52818783261072255 ) ) ;
#531 = CARTESIAN_POINT ( 'NONE',  ( -129.3899999999999864, 2.624571171422672535E-15, -1.734723475976807094E-14 ) ) ;
#532 = DIRECTION ( 'NONE',  ( 0.1074441002482028062, 5.164055645578289159E-34, 0.9942111271364116876 ) ) ;
#533 = VERTEX_POINT ( 'NONE', #1104 ) ;
#534 = CARTESIAN_POINT ( 'NONE',  ( 52.71534631319374853, 13.27456543126778676, 24.54701615311160268 ) ) ;
#535 = CARTESIAN_POINT ( 'NONE',  ( 28.61074853480049285, -12.54410612323770380, -27.22029669057470613 ) ) ;
#536 = CARTESIAN_POINT ( 'NONE',  ( 52.71388665186031375, -31.68405578620257756, -15.21670158209603940 ) ) ;
#537 = B_SPLINE_CURVE_WITH_KNOTS ( 'NONE', 3,
 ( #288, #2010, #3208, #2613, #864, #534, #3494, #2933, #1098, #3219, #1392, #3229, #1112, #3806, #2291, #2279, #1431, #2590, #1418, #3815, #557, #1718, #912, #300, #2370, #619, #2331, #2343, #600, #412, #1200, #3605, #3579, #3276 ),
 .UNSPECIFIED., .F., .F.,
 ( 4, 2, 2, 2, 2, 2, 2, 2, 2, 2, 2, 2, 2, 2, 2, 2, 4 ),
 ( 0.003449088183374330371, 0.003971939819114846115, 0.004494791454855363161, 0.005017643090595878472, 0.005540494726336395517, 0.006063346362076910828, 0.006586197997817427874, 0.007109049633557943185, 0.007631901269298460230, 0.008154752905038975541, 0.008677604540779492587, 0.009200456176520007898, 0.009723307812260524943, 0.01024615944800104025, 0.01076901108374155730, 0.01129186271948207261, 0.01181471435522258966 ),
 .UNSPECIFIED. ) ;
#538 = CARTESIAN_POINT ( 'NONE',  ( 49.63576582498688339, -13.89076903647685413, -35.66129079235248156 ) ) ;
#539 = DIRECTION ( 'NONE',  ( 0.1026218187300147050, -0.2962248620698917922, 0.9495891708587548274 ) ) ;
#540 = AXIS2_PLACEMENT_3D ( 'NONE', #2849, #1972, #1636 ) ;
#541 = CARTESIAN_POINT ( 'NONE',  ( 53.26151654942027136, -10.06644976966634175, 16.54272257094913812 ) ) ;
#542 = CARTESIAN_POINT ( 'NONE',  ( 58.07376915429770037, 2.013676060108894295E-15, -6.442395123187475647 ) ) ;
#543 = ORIENTED_EDGE ( 'NONE', *, *, #2607, .T. ) ;
#544 = DATE_AND_TIME ( #73, #3657 ) ;
#545 = CARTESIAN_POINT ( 'NONE',  ( 54.24283016224347875, 17.66846017930114598, 22.02933551186310979 ) ) ;
#546 = CARTESIAN_POINT ( 'NONE',  ( 52.16618883178913535, 22.43142964666121131, -17.79453144956816502 ) ) ;
#547 = EDGE_LOOP ( 'NONE', ( #3001, #3599 ) ) ;
#548 = EDGE_CURVE ( 'NONE', #2253, #1202, #3447, .T. ) ;
#549 = LINE ( 'NONE', #990, #315 ) ;
#550 = DATE_TIME_ROLE ( 'classification_date' ) ;
#551 = EDGE_CURVE ( 'NONE', #1462, #3439, #3452, .T. ) ;
#552 = ORIENTED_EDGE ( 'NONE', *, *, #279, .T. ) ;
#553 = CARTESIAN_POINT ( 'NONE',  ( 49.18370256946536756, -23.21451890680264896, -15.84925736086473336 ) ) ;
#554 = VERTEX_POINT ( 'NONE', #2552 ) ;
#555 = CARTESIAN_POINT ( 'NONE',  ( -121.8199999999999932, -20.53721785532329491, 14.94599219734139872 ) ) ;
#556 = AXIS2_PLACEMENT_3D ( 'NONE', #2749, #696, #2451 ) ;
#557 = CARTESIAN_POINT ( 'NONE',  ( 51.37732291325645662, 16.25220528376350515, 23.19253958823788508 ) ) ;
#558 = CARTESIAN_POINT ( 'NONE',  ( 52.06534676057357558, -30.37576955824115643, 7.229680423274127854 ) ) ;
#559 = CARTESIAN_POINT ( 'NONE',  ( 45.96001277626118764, -12.76425061568212271, -27.22157030803569100 ) ) ;
#560 = CARTESIAN_POINT ( 'NONE',  ( 49.91505721794911921, -30.53265705917468154, -18.20678605591043464 ) ) ;
#561 = ORIENTED_EDGE ( 'NONE', *, *, #2820, .T. ) ;
#562 = CARTESIAN_POINT ( 'NONE',  ( 53.21512599678557365, -23.44697857612243297, 3.907145119244344489 ) ) ;
#563 = DIRECTION ( 'NONE',  ( 0.03182761377624739041, 0.9551182288552939603, 0.2945100540043350534 ) ) ;
#564 = EDGE_LOOP ( 'NONE', ( #3188, #3249, #72, #1223, #2542 ) ) ;
#565 = CIRCLE ( 'NONE', #119, 29.57500000000000639 ) ;
#566 = CARTESIAN_POINT ( 'NONE',  ( -1.539563751707431427, -28.57499999999997087, -6.908912627297278924E-15 ) ) ;
#567 = CARTESIAN_POINT ( 'NONE',  ( 51.26585647850540539, 23.40528107017135895, -15.63150579767014214 ) ) ;
#568 = CARTESIAN_POINT ( 'NONE',  ( 46.35121356215741883, 9.714350557286760335, -28.78141719976488844 ) ) ;
#569 = EDGE_CURVE ( 'NONE', #3439, #2960, #3176, .T. ) ;
#570 = DIRECTION ( 'NONE',  ( 0.000000000000000000, -0.5000000000000006661, -0.8660254037844383745 ) ) ;
#571 = CARTESIAN_POINT ( 'NONE',  ( -123.1607326444728585, -2.321421846340521178, -28.48071704675311366 ) ) ;
#572 = CARTESIAN_POINT ( 'NONE',  ( 56.27767836510713551, -8.185854926196116210, 17.93931708569290251 ) ) ;
#573 = CARTESIAN_POINT ( 'NONE',  ( 46.95945770293061372, -24.10722587621327406, -13.29036372781924946 ) ) ;
#574 = CARTESIAN_POINT ( 'NONE',  ( -119.4160020851360713, -1.186206679948585752, 25.37280287705262438 ) ) ;
#575 = FACE_BOUND ( 'NONE', #330, .T. ) ;
#576 = ORIENTED_EDGE ( 'NONE', *, *, #2649, .T. ) ;
#577 = DIRECTION ( 'NONE',  ( 0.000000000000000000, 0.000000000000000000, 1.000000000000000000 ) ) ;
#578 = CARTESIAN_POINT ( 'NONE',  ( 50.36230857595658250, 23.57148911205606012, -15.12707838552804951 ) ) ;
#579 = VERTEX_POINT ( 'NONE', #833 ) ;
#580 = DIRECTION ( 'NONE',  ( 0.9942111271364117986, 1.296796754743211115E-17, -0.1074441002482028062 ) ) ;
#581 = EDGE_LOOP ( 'NONE', ( #3561, #3784, #470, #2121, #229, #3696 ) ) ;
#582 = CARTESIAN_POINT ( 'NONE',  ( 52.76541970946932025, -27.87275302319005732, 11.93832371238165102 ) ) ;
#583 = DATE_AND_TIME ( #2948, #1900 ) ;
#584 = CARTESIAN_POINT ( 'NONE',  ( 53.35468542656933266, -10.33538807269393267, 17.40484095762813510 ) ) ;
#585 = CARTESIAN_POINT ( 'NONE',  ( 48.42473792481580119, 27.89180229537316080, -23.17647299569111752 ) ) ;
#586 = CARTESIAN_POINT ( 'NONE',  ( 55.96500452705447515, -7.420962532008128498, 26.14830644240173640 ) ) ;
#587 = FACE_OUTER_BOUND ( 'NONE', #1351, .T. ) ;
#588 = CYLINDRICAL_SURFACE ( 'NONE', #2033, 28.57499999999999929 ) ;
#589 = CARTESIAN_POINT ( 'NONE',  ( -119.1449999999999960, 0.1745907778611322791, -28.57500000000002061 ) ) ;
#590 = CARTESIAN_POINT ( 'NONE',  ( -121.1270355136056622, 2.589565165813809688, -25.26767347339384528 ) ) ;
#591 = CARTESIAN_POINT ( 'NONE',  ( 49.84977288336941115, 21.12882332105103700, -19.73301546883943303 ) ) ;
#592 = ORIENTED_EDGE ( 'NONE', *, *, #863, .F. ) ;
#593 = EDGE_CURVE ( 'NONE', #3416, #1492, #3079, .T. ) ;
#594 = DIRECTION ( 'NONE',  ( 0.9942111271364115765, 1.739943305894491969E-16, -0.1074441002482029450 ) ) ;
#595 = ORIENTED_EDGE ( 'NONE', *, *, #1299, .T. ) ;
#596 = CARTESIAN_POINT ( 'NONE',  ( 47.57658050429116514, -24.68098969155486699, -11.34620017465795527 ) ) ;
#597 = CARTESIAN_POINT ( 'NONE',  ( -120.4730993464915230, -2.337275537509825973, 25.29259057164517088 ) ) ;
#598 = ORIENTED_EDGE ( 'NONE', *, *, #3111, .T. ) ;
#599 = CARTESIAN_POINT ( 'NONE',  ( -147.2199999999999704, 2.332952152375709227E-15, -1.734723475976807094E-14 ) ) ;
#600 = CARTESIAN_POINT ( 'NONE',  ( 52.71445096399046548, 17.51827807266941761, 22.28964702203441561 ) ) ;
#601 = CARTESIAN_POINT ( 'NONE',  ( 46.60042257669968535, -9.933642118827188838, -28.71586182098655371 ) ) ;
#602 = EDGE_LOOP ( 'NONE', ( #1935, #1044, #3245 ) ) ;
#603 = CARTESIAN_POINT ( 'NONE',  ( 53.27429654679134785, -27.91027491256840776, 11.82383935340489067 ) ) ;
#604 = CARTESIAN_POINT ( 'NONE',  ( -124.2237961704679208, -1.186647722706643648, -28.55081012217810965 ) ) ;
#605 = ADVANCED_FACE ( 'NONE', ( #697 ), #2384, .F. ) ;
#606 = CARTESIAN_POINT ( 'NONE',  ( 13.63526173774732619, 1.794707568484589891E-15, 27.10144132712473208 ) ) ;
#607 = CARTESIAN_POINT ( 'NONE',  ( 56.74010617304619331, -8.254255661830278257, 25.85996347376778814 ) ) ;
#608 = EDGE_CURVE ( 'NONE', #3444, #1518, #3798, .T. ) ;
#609 = CARTESIAN_POINT ( 'NONE',  ( -121.6412563879282374, 2.674862073956004505, -28.44952966051074839 ) ) ;
#610 = DIRECTION ( 'NONE',  ( 0.1074441002482030422, 0.000000000000000000, 0.9942111271364116876 ) ) ;
#611 = ORIENTED_EDGE ( 'NONE', *, *, #2678, .F. ) ;
#612 = DIRECTION ( 'NONE',  ( 0.000000000000000000, 0.000000000000000000, 1.000000000000000000 ) ) ;
#613 = CARTESIAN_POINT ( 'NONE',  ( 50.24110478057557572, 24.94520318731752084, -0.7826619543469163220 ) ) ;
#614 = ORIENTED_EDGE ( 'NONE', *, *, #3581, .T. ) ;
#615 = CARTESIAN_POINT ( 'NONE',  ( -119.1621020588604125, -24.91998778641571022, -13.98408242166118853 ) ) ;
#616 = DIRECTION ( 'NONE',  ( 1.000000000000000000, 0.000000000000000000, -0.000000000000000000 ) ) ;
#617 = EDGE_CURVE ( 'NONE', #1348, #1446, #923, .T. ) ;
#618 = CARTESIAN_POINT ( 'NONE',  ( -123.8336058341175772, 1.769586717004515419, -28.52042152313693180 ) ) ;
#619 = CARTESIAN_POINT ( 'NONE',  ( 52.13867897449816269, 17.21223743929016692, 22.54238826092842984 ) ) ;
#620 = CARTESIAN_POINT ( 'NONE',  ( 50.78461620033546353, -30.20654077655049718, 7.760626205419498547 ) ) ;
#621 = ADVANCED_FACE ( 'NONE', ( #149 ), #2930, .T. ) ;
#622 = ORIENTED_EDGE ( 'NONE', *, *, #1653, .T. ) ;
#623 = SHAPE_DEFINITION_REPRESENTATION ( #2594, #3246 ) ;
#624 = VERTEX_POINT ( 'NONE', #2039 ) ;
#625 = DIRECTION ( 'NONE',  ( 0.1074441002482030838, 0.000000000000000000, 0.9942111271364116876 ) ) ;
#626 = CARTESIAN_POINT ( 'NONE',  ( 49.45150479243412178, -22.26490031401301195, 6.786168318724659976 ) ) ;
#627 = EDGE_LOOP ( 'NONE', ( #1861, #3833, #672, #2770 ) ) ;
#628 = CARTESIAN_POINT ( 'NONE',  ( -121.1242374882871076, -2.588843522311855772, -25.26774774959330117 ) ) ;
#629 = CARTESIAN_POINT ( 'NONE',  ( -119.8056143469906090, 21.05955357411158957, -14.20107447310357962 ) ) ;
#630 = DIRECTION ( 'NONE',  ( 1.000000000000000000, 2.428309327701567798E-16, -0.000000000000000000 ) ) ;
#631 = CARTESIAN_POINT ( 'NONE',  ( -122.5107552597785769, 2.590148311091148070, -28.45738768180889977 ) ) ;
#632 = CARTESIAN_POINT ( 'NONE',  ( 50.09887814414937424, -29.90965616184285025, 8.492025070961680910 ) ) ;
#633 = LINE ( 'NONE', #728, #2486 ) ;
#634 = CARTESIAN_POINT ( 'NONE',  ( 47.67257826446983415, -9.452009585681249604, -29.03145249856926213 ) ) ;
#635 = VERTEX_POINT ( 'NONE', #24 ) ;
#636 = EDGE_CURVE ( 'NONE', #2960, #2654, #784, .T. ) ;
#637 = CARTESIAN_POINT ( 'NONE',  ( -123.8355562452707090, 1.767546167219191888, 25.33873295439661533 ) ) ;
#638 = CARTESIAN_POINT ( 'NONE',  ( 14.20896385603270140, 4.418113081672003095E-17, 27.21100367614859294 ) ) ;
#639 = CARTESIAN_POINT ( 'NONE',  ( 48.97150185960642688, 23.86840750375490927, 3.280355854029696872 ) ) ;
#640 = ORIENTED_EDGE ( 'NONE', *, *, #2480, .T. ) ;
#641 = CARTESIAN_POINT ( 'NONE',  ( 53.35468542656918345, -4.607612939722758760, 19.19162354824846517 ) ) ;
#642 = ADVANCED_FACE ( 'NONE', ( #2723 ), #2151, .F. ) ;
#643 = CARTESIAN_POINT ( 'NONE',  ( -1.539563751707440087, -25.40000000000007674, -1.423663188993379250E-14 ) ) ;
#644 = PLANE ( 'NONE',  #2800 ) ;
#645 = ORIENTED_EDGE ( 'NONE', *, *, #2633, .F. ) ;
#646 = CARTESIAN_POINT ( 'NONE',  ( -119.2311158562500424, -21.64150793502566117, -13.29791327802832690 ) ) ;
#647 = CARTESIAN_POINT ( 'NONE',  ( -1.539563751707440087, -25.40000000000007674, -1.423663188993379250E-14 ) ) ;
#648 = ORIENTED_EDGE ( 'NONE', *, *, #2790, .T. ) ;
#649 = FACE_BOUND ( 'NONE', #2077, .T. ) ;
#650 = CARTESIAN_POINT ( 'NONE',  ( 50.74192926369202894, -23.27943491482252725, -15.86948741223395309 ) ) ;
#651 = CARTESIAN_POINT ( 'NONE',  ( 54.50490379652251960, 13.78014197003562202, 15.40479168920514752 ) ) ;
#652 = CARTESIAN_POINT ( 'NONE',  ( 48.97084020634614632, 24.72417371677382292, 0.3974540471033755074 ) ) ;
#653 = CYLINDRICAL_SURFACE ( 'NONE', #2623, 33.02000000000001734 ) ;
#654 = CARTESIAN_POINT ( 'NONE',  ( 50.68736867590568096, -6.329162938622689083, 19.09857927462372373 ) ) ;
#655 = CARTESIAN_POINT ( 'NONE',  ( -129.3899999999999864, 7.703719777548943412E-31, -1.387778780781445676E-14 ) ) ;
#656 = CARTESIAN_POINT ( 'NONE',  ( -121.1266503316967942, 23.17722705100529268, -10.39121413610726030 ) ) ;
#657 = EDGE_CURVE ( 'NONE', #1259, #1375, #57, .T. ) ;
#658 = CARTESIAN_POINT ( 'NONE',  ( -121.6455452218098827, -20.53721785532336597, -14.94599219734134188 ) ) ;
#659 = CARTESIAN_POINT ( 'NONE',  ( -119.8058884168644767, 21.05939128396858351, 14.20131358292361412 ) ) ;
#660 = VERTEX_POINT ( 'NONE', #3560 ) ;
#661 = CARTESIAN_POINT ( 'NONE',  ( 50.88290254234412657, 30.16684891534821134, -19.17082198139197402 ) ) ;
#662 = ADVANCED_FACE ( 'NONE', ( #3823 ), #3031, .F. ) ;
#663 = DIRECTION ( 'NONE',  ( 0.000000000000000000, -1.000000000000000000, 0.000000000000000000 ) ) ;
#664 = CARTESIAN_POINT ( 'NONE',  ( -119.8038949084029952, -1.766957717500307279, -28.52059161435206391 ) ) ;
#665 = CARTESIAN_POINT ( 'NONE',  ( 50.26878715129569031, -21.56003366162440216, 7.908466610906371486 ) ) ;
#666 = LINE ( 'NONE', #3589, #361 ) ;
#667 = EDGE_LOOP ( 'NONE', ( #434, #2271 ) ) ;
#668 = CARTESIAN_POINT ( 'NONE',  ( -119.2297900697031707, 25.08516208950612381, -13.68555944554721826 ) ) ;
#669 = CARTESIAN_POINT ( 'NONE',  ( -119.2822166878424213, -25.16751999277954610, -13.53338475217002035 ) ) ;
#670 = CARTESIAN_POINT ( 'NONE',  ( 45.13532822724379656, 7.801674698480436376, -37.31635343841431762 ) ) ;
#671 = EDGE_CURVE ( 'NONE', #1663, #898, #2940, .T. ) ;
#672 = ORIENTED_EDGE ( 'NONE', *, *, #3256, .T. ) ;
#673 = CIRCLE ( 'NONE', #2813, 28.87499999999991829 ) ;
#674 = CARTESIAN_POINT ( 'NONE',  ( 54.15970070359316679, -23.10258041559620068, 4.599263240328964386 ) ) ;
#675 = CARTESIAN_POINT ( 'NONE',  ( -120.9573373542049382, 20.61799267534839331, 14.83451609549305061 ) ) ;
#676 = VECTOR ( 'NONE', #3301, 1000.000000000000000 ) ;
#677 = ORIENTED_EDGE ( 'NONE', *, *, #3363, .T. ) ;
#678 = DIRECTION ( 'NONE',  ( -0.9942111271364117986, 1.101074672228211888E-16, 0.1074441002482030283 ) ) ;
#679 = CARTESIAN_POINT ( 'NONE',  ( 53.85905588391450749, 14.03181777527371921, 15.30875203244465155 ) ) ;
#680 = CARTESIAN_POINT ( 'NONE',  ( 49.63074714836490386, 11.72583968111684705, -36.57784753260457933 ) ) ;
#681 = CARTESIAN_POINT ( 'NONE',  ( 51.17029754498069138, -21.23167635816150067, 8.326959525654853422 ) ) ;
#682 = CARTESIAN_POINT ( 'NONE',  ( 37.74570350946762431, -14.91698647848571291, 25.38448913431021836 ) ) ;
#683 = APPLICATION_CONTEXT ( 'configuration controlled 3d designs of mechanical parts and assemblies' ) ;
#684 = CARTESIAN_POINT ( 'NONE',  ( -121.8199999999999932, -23.30050418053383865, -16.54137630104961332 ) ) ;
#685 = AXIS2_PLACEMENT_3D ( 'NONE', #3283, #213, #3733 ) ;
#686 = CARTESIAN_POINT ( 'NONE',  ( 49.96349467394291821, -24.97596922094981764, -10.21462294594529574 ) ) ;
#687 = CARTESIAN_POINT ( 'NONE',  ( -119.2818151715323580, 22.41610585033411951, 11.94590099055927901 ) ) ;
#688 = CARTESIAN_POINT ( 'NONE',  ( 51.51420365606654883, 28.76104223291742201, -22.04988358040611729 ) ) ;
#689 = CARTESIAN_POINT ( 'NONE',  ( -120.4794692856840186, 2.321456452982250784, -25.29387952378962368 ) ) ;
#690 = ORIENTED_EDGE ( 'NONE', *, *, #1422, .F. ) ;
#691 = CARTESIAN_POINT ( 'NONE',  ( 51.06071844353129308, 10.46407825614251053, 17.59515533495248718 ) ) ;
#692 = CARTESIAN_POINT ( 'NONE',  ( -121.8199999999999932, 25.97550418053376475, 11.90814039080294329 ) ) ;
#693 = CARTESIAN_POINT ( 'NONE',  ( 50.28408800515430244, 10.62092456289108888, -37.04991833787322264 ) ) ;
#694 = CARTESIAN_POINT ( 'NONE',  ( -124.3577833205891778, 25.16751998064485107, -13.53338477470186696 ) ) ;
#695 = CARTESIAN_POINT ( 'NONE',  ( -121.6435599797744089, 25.97550418053378607, -11.90814039080295572 ) ) ;
#696 = DIRECTION ( 'NONE',  ( 0.000000000000000000, 0.000000000000000000, -1.000000000000000000 ) ) ;
#697 = FACE_OUTER_BOUND ( 'NONE', #168, .T. ) ;
#698 = CARTESIAN_POINT ( 'NONE',  ( -119.1626357796264841, -21.81895445667640487, -13.00471413254522091 ) ) ;
#699 = CARTESIAN_POINT ( 'NONE',  ( -123.4667807239514303, -23.61000645656448782, 16.09842663109905914 ) ) ;
#700 = CARTESIAN_POINT ( 'NONE',  ( -123.8362011925611341, -25.58287760741765382, -12.73036833817294422 ) ) ;
#701 = FACE_OUTER_BOUND ( 'NONE', #113, .T. ) ;
#702 = CARTESIAN_POINT ( 'NONE',  ( 51.79044444539478320, -24.89515116569542741, -10.83253210273179512 ) ) ;
#703 = CARTESIAN_POINT ( 'NONE',  ( 48.35269280585266927, 12.49114205432185187, -36.13608095501443529 ) ) ;
#704 = CARTESIAN_POINT ( 'NONE',  ( -124.4950736453580049, 24.65988476548685426, -14.43784046575157021 ) ) ;
#705 = EDGE_LOOP ( 'NONE', ( #3715, #3754, #2097, #1110, #349 ) ) ;
#706 = AXIS2_PLACEMENT_3D ( 'NONE', #1983, #233, #1092 ) ;
#707 = DIRECTION ( 'NONE',  ( 0.000000000000000000, -1.256674848131609206E-16, 1.000000000000000000 ) ) ;
#708 = ORIENTED_EDGE ( 'NONE', *, *, #3330, .F. ) ;
#709 = EDGE_CURVE ( 'NONE', #1054, #2318, #1560, .T. ) ;
#710 = CARTESIAN_POINT ( 'NONE',  ( 47.98769664931705137, -17.69794393932484411, -33.39129199570014350 ) ) ;
#711 = CARTESIAN_POINT ( 'NONE',  ( -121.8199999999999932, 23.21221785532327786, 10.31275628709465941 ) ) ;
#712 = CARTESIAN_POINT ( 'NONE',  ( -150.2199999999999989, -28.62947999999999737, -28.62948000000001514 ) ) ;
#713 = CARTESIAN_POINT ( 'NONE',  ( 51.94018318258322608, -23.57537839605980423, -15.28894336982710200 ) ) ;
#714 = CARTESIAN_POINT ( 'NONE',  ( -124.2245211305545212, 25.31838767994748096, 13.24900857874720828 ) ) ;
#715 = VERTEX_POINT ( 'NONE', #3323 ) ;
#716 = CARTESIAN_POINT ( 'NONE',  ( -124.4776217063110266, 24.56974056644154913, -14.59067737181185009 ) ) ;
#717 = FACE_OUTER_BOUND ( 'NONE', #705, .T. ) ;
#718 = ADVANCED_FACE ( 'NONE', ( #3152, #3300, #274, #897, #222 ), #1870, .T. ) ;
#719 = ORIENTED_EDGE ( 'NONE', *, *, #1126, .T. ) ;
#720 = CARTESIAN_POINT ( 'NONE',  ( 44.49005028849101961, 10.43462341471690458, -36.48534955689987669 ) ) ;
#721 = ORIENTED_EDGE ( 'NONE', *, *, #3513, .F. ) ;
#722 = CARTESIAN_POINT ( 'NONE',  ( -121.9944548341418340, 20.53721785532329491, -14.94599219734141116 ) ) ;
#723 = ORIENTED_EDGE ( 'NONE', *, *, #2551, .T. ) ;
#724 = CARTESIAN_POINT ( 'NONE',  ( 51.05774765390036407, 13.34259108856165810, 16.05543822977703883 ) ) ;
#725 = DIRECTION ( 'NONE',  ( 0.7646102519894864002, 3.062836244325897623E-17, -0.6444929499634375336 ) ) ;
#726 = CARTESIAN_POINT ( 'NONE',  ( -123.4520047734156663, 23.61487466856004858, -16.08967889653704830 ) ) ;
#727 = CYLINDRICAL_SURFACE ( 'NONE', #137, 2.674999999999996714 ) ;
#728 = CARTESIAN_POINT ( 'NONE',  ( 37.14022773925018583, 12.54410612323774465, 19.78184788578112929 ) ) ;
#729 = CARTESIAN_POINT ( 'NONE',  ( 52.31792509136722913, -32.01595892051746262, -13.94959225872617559 ) ) ;
#730 = FACE_BOUND ( 'NONE', #1196, .T. ) ;
#731 = CARTESIAN_POINT ( 'NONE',  ( 49.94030820270083382, -16.65852662250804528, -34.23965456723144030 ) ) ;
#732 = ORIENTED_EDGE ( 'NONE', *, *, #569, .T. ) ;
#733 = CARTESIAN_POINT ( 'NONE',  ( -119.8051258746669703, -1.768130941054281813, 28.52051185911771114 ) ) ;
#734 = VERTEX_POINT ( 'NONE', #1489 ) ;
#735 = CARTESIAN_POINT ( 'NONE',  ( 50.16048873232135463, -24.97967568574474839, -10.21576583183517428 ) ) ;
#736 = CARTESIAN_POINT ( 'NONE',  ( 44.96426092597928914, -15.42143901947297913, -34.39378340998743511 ) ) ;
#737 = EDGE_CURVE ( 'NONE', #579, #810, #3487, .T. ) ;
#738 = DIRECTION ( 'NONE',  ( 1.000000000000000000, 2.345013147653676950E-16, -5.499086662668604439E-32 ) ) ;
#739 = CARTESIAN_POINT ( 'NONE',  ( 51.54722673956366208, -32.20170212645052032, -13.08571898791065102 ) ) ;
#740 = CARTESIAN_POINT ( 'NONE',  ( -119.2308816162983760, 25.08710384257461357, 13.68199772887372490 ) ) ;
#741 = CARTESIAN_POINT ( 'NONE',  ( 29.56767386339088688, -29.45851174789169491, -18.36559171072499552 ) ) ;
#742 = CARTESIAN_POINT ( 'NONE',  ( -123.9465938674854755, 21.13593233383506842, -14.08734823186852303 ) ) ;
#743 = CARTESIAN_POINT ( 'NONE',  ( -124.4780540411700258, -0.3482116795849062862, 28.57339832359742005 ) ) ;
#744 = CARTESIAN_POINT ( 'NONE',  ( -124.4950205833429067, -22.08520069057238189, 12.54731464404125241 ) ) ;
#745 = TOROIDAL_SURFACE ( 'NONE', #3454, 29.57500000000000639, 1.000000000000010880 ) ;
#746 = EDGE_LOOP ( 'NONE', ( #2713, #2764, #60, #269 ) ) ;
#747 = CARTESIAN_POINT ( 'NONE',  ( 51.96371310789205467, 23.19943089028724614, 4.619637106087104428 ) ) ;
#748 = CARTESIAN_POINT ( 'NONE',  ( -122.6815581035484541, 23.15624148351664857, 10.43805567592224470 ) ) ;
#749 = EDGE_CURVE ( 'NONE', #1292, #660, #1530, .T. ) ;
#750 = AXIS2_PLACEMENT_3D ( 'NONE', #1135, #1700, #218 ) ;
#751 = CARTESIAN_POINT ( 'NONE',  ( 53.35468542656918345, -4.607612939722758760, 19.19162354824846517 ) ) ;
#752 = CARTESIAN_POINT ( 'NONE',  ( -119.8063916550140533, 25.58420496314379378, 12.72770006962313794 ) ) ;
#753 = EDGE_LOOP ( 'NONE', ( #2593, #3172 ) ) ;
#754 = PERSON_AND_ORGANIZATION ( #2996, #2902 ) ;
#755 = DIRECTION ( 'NONE',  ( 0.000000000000000000, 0.000000000000000000, -1.000000000000000000 ) ) ;
#756 = CARTESIAN_POINT ( 'NONE',  ( -124.1588922456522965, 22.64003357315196041, -11.51922966118528358 ) ) ;
#757 = ORIENTED_EDGE ( 'NONE', *, *, #1262, .T. ) ;
#758 = CYLINDRICAL_SURFACE ( 'NONE', #455, 2.999999999999999556 ) ;
#759 = ORIENTED_EDGE ( 'NONE', *, *, #2303, .T. ) ;
#760 = CARTESIAN_POINT ( 'NONE',  ( 54.14088981312606563, -6.877045394230980158, 26.46659860516300000 ) ) ;
#761 = CARTESIAN_POINT ( 'NONE',  ( 48.17794931312094775, 10.33538807269188098, -28.71020293035543602 ) ) ;
#762 = CARTESIAN_POINT ( 'NONE',  ( -119.2818217503311331, 0.8626039196185668612, 28.56243794548700876 ) ) ;
#763 = CARTESIAN_POINT ( 'NONE',  ( -1.539563751707440087, 25.39999999999992397, -1.734723475976807094E-14 ) ) ;
#764 = ORIENTED_EDGE ( 'NONE', *, *, #709, .T. ) ;
#765 = DIRECTION ( 'NONE',  ( 0.000000000000000000, 0.9546291888281865923, 0.2977970984365670426 ) ) ;
#766 = CARTESIAN_POINT ( 'NONE',  ( -121.4710752060209131, 25.97550418053376120, 11.90814039080294151 ) ) ;
#767 = DIRECTION ( 'NONE',  ( 0.05005906239151897835, -0.8848331851841330087, 0.4632108857414555247 ) ) ;
#768 = CARTESIAN_POINT ( 'NONE',  ( -120.9584418755354136, -23.15624147892064144, 10.43805568596536837 ) ) ;
#769 = CARTESIAN_POINT ( 'NONE',  ( 50.36106572657674008, -10.33439311832482410, -28.94694101266842523 ) ) ;
#770 = CARTESIAN_POINT ( 'NONE',  ( 53.31572903879742142, 30.61606548412436979, 6.512548043053410396 ) ) ;
#771 = CARTESIAN_POINT ( 'NONE',  ( 51.04898811773799849, 6.866739841751133611, -30.28058252240793635 ) ) ;
#772 = CARTESIAN_POINT ( 'NONE',  ( 47.16185598509104437, 22.97620155775804918, -16.15976500920440273 ) ) ;
#773 = CARTESIAN_POINT ( 'NONE',  ( 45.57458279353736685, 8.869200712895350946, -29.03198993365833402 ) ) ;
#774 = VERTEX_POINT ( 'NONE', #2385 ) ;
#775 = CARTESIAN_POINT ( 'NONE',  ( 55.33427151359815355, -5.274774525518802548, 18.84495718931292174 ) ) ;
#776 = CARTESIAN_POINT ( 'NONE',  ( 53.37141585743884775, -21.23512702223092674, 8.083802322088597947 ) ) ;
#777 = EDGE_CURVE ( 'NONE', #1259, #2375, #2886, .T. ) ;
#778 = CARTESIAN_POINT ( 'NONE',  ( 51.69920752860874558, -32.17756117646555225, -13.20884625395976286 ) ) ;
#779 = CARTESIAN_POINT ( 'NONE',  ( -112.9499999999999602, 2.952298723773141139E-15, -1.387778780781445676E-14 ) ) ;
#780 = ORIENTED_EDGE ( 'NONE', *, *, #3859, .F. ) ;
#781 = FACE_OUTER_BOUND ( 'NONE', #1485, .T. ) ;
#782 = CARTESIAN_POINT ( 'NONE',  ( 46.51204231293606739, 29.42603027666835658, -20.26483851269949099 ) ) ;
#783 = CARTESIAN_POINT ( 'NONE',  ( -129.3899999999999864, 3.517797930550768156E-15, 28.57499999999998153 ) ) ;
#784 = LINE ( 'NONE', #1474, #2975 ) ;
#785 = CARTESIAN_POINT ( 'NONE',  ( 53.74899229957335223, -12.59844054561844828, 24.72483511582442617 ) ) ;
#786 = CARTESIAN_POINT ( 'NONE',  ( 50.47293354453589131, -13.34486972997083676, -27.35918311579225914 ) ) ;
#787 = ADVANCED_FACE ( 'NONE', ( #3602 ), #2793, .F. ) ;
#788 = CARTESIAN_POINT ( 'NONE',  ( 50.53773467017957444, 5.831130168888011056, -30.49409744643634568 ) ) ;
#789 = CARTESIAN_POINT ( 'NONE',  ( 47.37298267260142381, 21.56637291954210411, -18.78310859269394939 ) ) ;
#790 = CARTESIAN_POINT ( 'NONE',  ( -122.5148854292015130, 23.17703467324011513, 10.39164319840045891 ) ) ;
#791 = CARTESIAN_POINT ( 'NONE',  ( -119.2306501575053943, -25.08675471102064591, 13.68264435648830357 ) ) ;
#792 = CARTESIAN_POINT ( 'NONE',  ( 50.31224558608231234, 30.73079729683676575, 6.547884508812912507 ) ) ;
#793 = DIRECTION ( 'NONE',  ( 1.000000000000000000, 2.345013147653678429E-16, -0.000000000000000000 ) ) ;
#794 = FACE_OUTER_BOUND ( 'NONE', #2133, .T. ) ;
#795 = ORIENTED_EDGE ( 'NONE', *, *, #3559, .T. ) ;
#796 = CARTESIAN_POINT ( 'NONE',  ( -121.8199999999999932, -21.50902278442082505, -12.41824009459106293 ) ) ;
#797 = CARTESIAN_POINT ( 'NONE',  ( 48.53876175418029959, -9.412691626356441077, -29.14086514839615916 ) ) ;
#798 = EDGE_LOOP ( 'NONE', ( #2320, #260, #2721, #1609, #543 ) ) ;
#799 = CARTESIAN_POINT ( 'NONE',  ( -122.6826626563045579, -20.61799267721591633, 14.83451609291226170 ) ) ;
#800 = CARTESIAN_POINT ( 'NONE',  ( 54.26733197585895141, 24.55091827699266460, 0.5221453621694110980 ) ) ;
#801 = PLANE ( 'NONE',  #2832 ) ;
#802 = CARTESIAN_POINT ( 'NONE',  ( 46.82323802835740878, 22.27278777164749357, -17.50885232581404694 ) ) ;
#803 = CARTESIAN_POINT ( 'NONE',  ( -122.1716212413672622, 23.20511178377121553, 10.32879333272378730 ) ) ;
#804 = CARTESIAN_POINT ( 'NONE',  ( 46.81314358878906035, -31.20465034945503646, -16.08765332589631569 ) ) ;
#805 =( BOUNDED_CURVE ( )  B_SPLINE_CURVE ( 3, ( #913, #1511, #3293, #328 ),
 .UNSPECIFIED., .F., .F. ) 
 B_SPLINE_CURVE_WITH_KNOTS ( ( 4, 4 ),
 ( 4.712388980384702108, 6.283185307179586232 ),
 .UNSPECIFIED. ) 
 CURVE ( )  GEOMETRIC_REPRESENTATION_ITEM ( )  RATIONAL_B_SPLINE_CURVE ( ( 1.000000000000000000, 0.8047378541243679351, 0.8047378541243679351, 1.000000000000000000 ) ) 
 REPRESENTATION_ITEM ( '' )  );
#806 = CARTESIAN_POINT ( 'NONE',  ( -120.0515654372047294, -23.67802371260600935, 15.99678343414718462 ) ) ;
#807 = CARTESIAN_POINT ( 'NONE',  ( 50.48407025802580961, 32.25786996482727176, 1.472501508851417285 ) ) ;
#808 = CARTESIAN_POINT ( 'NONE',  ( 48.17794931312094775, 10.33538807269188098, -28.71020293035543602 ) ) ;
#809 = VECTOR ( 'NONE', #725, 1000.000000000000114 ) ;
#810 = VERTEX_POINT ( 'NONE', #2458 ) ;
#811 = EDGE_CURVE ( 'NONE', #1982, #2753, #3502, .T. ) ;
#812 = CARTESIAN_POINT ( 'NONE',  ( 36.18330241065978470, 29.45851174789173044, 10.92714290593144000 ) ) ;
#813 = VERTEX_POINT ( 'NONE', #3734 ) ;
#814 = CARTESIAN_POINT ( 'NONE',  ( 79.03173971433325562, 1.823539765631578694E-15, -8.707316756419592352 ) ) ;
#815 = CARTESIAN_POINT ( 'NONE',  ( -123.8341115709427669, -21.05939127745181239, 14.20131359244144598 ) ) ;
#816 = CARTESIAN_POINT ( 'NONE',  ( -95.40500000000000114, 2.624571171422672535E-15, -1.040834085586084257E-14 ) ) ;
#817 = CARTESIAN_POINT ( 'NONE',  ( -121.8199999999999932, 20.53721785532329136, -14.94599219734140760 ) ) ;
#818 = CARTESIAN_POINT ( 'NONE',  ( 46.73572584985115697, -13.60330009051022238, -26.79242795907867958 ) ) ;
#819 = VERTEX_POINT ( 'NONE', #1049 ) ;
#820 = DIRECTION ( 'NONE',  ( 1.000000000000000000, 2.345013147653676950E-16, -5.499086662668604439E-32 ) ) ;
#821 = APPROVAL_ROLE ( '' ) ;
#822 = B_SPLINE_CURVE_WITH_KNOTS ( 'NONE', 3,
 ( #3078, #3114, #3426, #3376, #2169, #3090, #3414, #1575, #733, #1610, #1303, #1589, #1018, #982, #162, #3102, #1600, #3677, #3688, #2184, #2194, #469, #1886, #2507, #1863, #1876, #112, #743, #1280, #1565 ),
 .UNSPECIFIED., .F., .F.,
 ( 4, 2, 2, 2, 2, 2, 2, 2, 2, 2, 2, 2, 2, 2, 4 ),
 ( 0.01347925932042702384, 0.01400215975260360284, 0.01452506018478018184, 0.01504796061695676083, 0.01557086104913333983, 0.01661666191348649610, 0.01713956234566307510, 0.01766246277783965410, 0.01818536321001623310, 0.01870826364219281210, 0.01923116407436938763, 0.01975406450654596663, 0.02079986537089915585, 0.02132276580307575567, 0.02184566623525235896 ),
 .UNSPECIFIED. ) ;
#823 = DIRECTION ( 'NONE',  ( 0.1074441002482030422, 0.000000000000000000, 0.9942111271364116876 ) ) ;
#824 = VERTEX_POINT ( 'NONE', #194 ) ;
#825 = CARTESIAN_POINT ( 'NONE',  ( 53.36593898347508969, -12.53850097340125735, 24.79104730341499874 ) ) ;
#826 = CARTESIAN_POINT ( 'NONE',  ( 82.20939897917384087, 2.013676060108894295E-15, 20.69647732863978717 ) ) ;
#827 = ORIENTED_EDGE ( 'NONE', *, *, #121, .T. ) ;
#828 = DIRECTION ( 'NONE',  ( 0.000000000000000000, -0.2946593363312213776, 0.9556023626555368855 ) ) ;
#829 = DIRECTION ( 'NONE',  ( -0.9942111271364116876, -2.177737708390812062E-17, 0.1074441002482030560 ) ) ;
#830 = AXIS2_PLACEMENT_3D ( 'NONE', #957, #1542, #1512 ) ;
#831 = VERTEX_POINT ( 'NONE', #3700 ) ;
#832 = EDGE_CURVE ( 'NONE', #2525, #3320, #1401, .T. ) ;
#833 = CARTESIAN_POINT ( 'NONE',  ( 34.71822024418204222, 5.090187566222020120E-15, 29.29389364757322411 ) ) ;
#834 = APPROVAL_STATUS ( 'not_yet_approved' ) ;
#835 = CARTESIAN_POINT ( 'NONE',  ( 55.22995846447702917, 13.23201505061684458, 24.29405739038300993 ) ) ;
#836 = VERTEX_POINT ( 'NONE', #1932 ) ;
#837 = DIRECTION ( 'NONE',  ( 0.03182761377624739041, 0.9551182288552939603, 0.2945100540043350534 ) ) ;
#838 = CARTESIAN_POINT ( 'NONE',  ( 51.81337978851938431, 21.93373953162267043, -18.65036792346670325 ) ) ;
#839 = CARTESIAN_POINT ( 'NONE',  ( 45.75913597270873368, -12.33672615425117414, -27.44609664199247234 ) ) ;
#840 = ORIENTED_EDGE ( 'NONE', *, *, #593, .F. ) ;
#841 = DIRECTION ( 'NONE',  ( 0.1074441002482029450, 0.000000000000000000, 0.9942111271364116876 ) ) ;
#842 = B_SPLINE_CURVE_WITH_KNOTS ( 'NONE', 3,
 ( #1820, #3044, #3342, #1533, #2057, #323, #896, #3684, #1261, #3109, #1843, #3410, #1831, #3072, #720, #2132, #3086, #2733, #2116, #3695, #3097, #95, #670, #3356, #1288, #1546, #133, #963, #82, #3658, #3371, #3386 ),
 .UNSPECIFIED., .F., .F.,
 ( 4, 2, 2, 2, 2, 2, 2, 2, 2, 2, 2, 2, 2, 2, 2, 4 ),
 ( 0.003818601174177879178, 0.004405041229591281048, 0.004991481285004682050, 0.005577921340418083920, 0.006164361395831485790, 0.006750801451244887660, 0.007337241506658288663, 0.007923681562071689666, 0.008510121617485093271, 0.009683001728311893541, 0.01026944178372529368, 0.01085588183913869555, 0.01144232189455209395, 0.01202876194996549408, 0.01261520200537889075, 0.01320164206079228741 ),
 .UNSPECIFIED. ) ;
#843 = CARTESIAN_POINT ( 'NONE',  ( 53.37203937275788945, -23.40900655761830507, 3.981657729945109914 ) ) ;
#844 = CARTESIAN_POINT ( 'NONE',  ( -121.6435018931435934, -25.97550418053382515, -11.90814039080285447 ) ) ;
#845 = PRODUCT_DEFINITION_FORMATION_WITH_SPECIFIED_SOURCE ( 'ANY', '', #1743, .NOT_KNOWN. ) ;
#846 = ORIENTED_EDGE ( 'NONE', *, *, #103, .T. ) ;
#847 = LINE ( 'NONE', #15, #1354 ) ;
#848 = CARTESIAN_POINT ( 'NONE',  ( -129.6899999999999977, 2.717797409007765408E-15, -30.59000000000002117 ) ) ;
#849 = CARTESIAN_POINT ( 'NONE',  ( 51.12804411738171240, 21.49365057814907587, -19.30554672899500446 ) ) ;
#850 = VERTEX_POINT ( 'NONE', #1370 ) ;
#851 = CARTESIAN_POINT ( 'NONE',  ( -129.3899999999999864, 2.624571171422672535E-15, -1.734723475976807094E-14 ) ) ;
#852 = CARTESIAN_POINT ( 'NONE',  ( 49.32903061664928401, -32.28055177958417232, -12.48689910444367968 ) ) ;
#853 = EDGE_CURVE ( 'NONE', #3400, #1210, #2684, .T. ) ;
#854 = VECTOR ( 'NONE', #1647, 1000.000000000000000 ) ;
#855 = FACE_OUTER_BOUND ( 'NONE', #2071, .T. ) ;
#856 = CARTESIAN_POINT ( 'NONE',  ( -121.4690510303947093, -2.657643426977635670, -28.45116402353000495 ) ) ;
#857 = ORIENTED_EDGE ( 'NONE', *, *, #3516, .F. ) ;
#858 = CARTESIAN_POINT ( 'NONE',  ( 54.75445073378519822, 13.05593964358516068, 24.42221496059540797 ) ) ;
#859 = CARTESIAN_POINT ( 'NONE',  ( 47.05548126683677168, -24.39740331949304064, -12.36140094366852438 ) ) ;
#860 = CARTESIAN_POINT ( 'NONE',  ( 54.14088981312606563, -12.60482052720009882, 24.67981601454360785 ) ) ;
#861 = CARTESIAN_POINT ( 'NONE',  ( 56.56830031787185931, 15.42249419600609173, 23.08786929493268758 ) ) ;
#862 = FACE_BOUND ( 'NONE', #3387, .T. ) ;
#863 = EDGE_CURVE ( 'NONE', #2050, #850, #243, .T. ) ;
#864 = CARTESIAN_POINT ( 'NONE',  ( 53.03918585037495603, 13.13528271931916080, 24.57314386263156081 ) ) ;
#865 = CARTESIAN_POINT ( 'NONE',  ( 50.84038303694439520, 23.50702504265368020, -15.33890729340862968 ) ) ;
#866 = DIRECTION ( 'NONE',  ( 0.000000000000000000, -3.061616997868380553E-17, -1.000000000000000000 ) ) ;
#867 = CARTESIAN_POINT ( 'NONE',  ( 54.75144473257150679, -29.72446904889850572, 8.384066378651079177 ) ) ;
#868 = B_SPLINE_CURVE_WITH_KNOTS ( 'NONE', 3,
 ( #1174, #589, #42, #2330, #2059, #874, #335, #2381, #2961, #3290, #1751, #2369, #2342, #2083, #351, #2355, #609, #1482, #3264, #631, #325, #1463, #3578, #1764, #3619, #618, #1224, #2662, #899, #3566, #2047, #6 ),
 .UNSPECIFIED., .F., .F.,
 ( 4, 2, 2, 2, 2, 2, 2, 2, 2, 2, 2, 2, 2, 2, 2, 4 ),
 ( 0.008367847826343579806, 0.008890716226693391386, 0.009413584627043204700, 0.009936453027393016280, 0.01045932142774282786, 0.01098218982809263944, 0.01150505822844245102, 0.01202792662879226433, 0.01255079502914207591, 0.01307366342949188923, 0.01359653182984170081, 0.01411940023019151239, 0.01464226863054132570, 0.01516513703089113728, 0.01568800543124095059, 0.01673374223194057375 ),
 .UNSPECIFIED. ) ;
#869 = ADVANCED_FACE ( 'NONE', ( #794 ), #1026, .F. ) ;
#870 = CARTESIAN_POINT ( 'NONE',  ( 49.11875079373970721, 27.88138672442148902, -23.26798785400109892 ) ) ;
#871 = CARTESIAN_POINT ( 'NONE',  ( 54.92207800038352872, -6.928759361367421654, 26.37136103050966440 ) ) ;
#872 = ORIENTED_EDGE ( 'NONE', *, *, #3409, .T. ) ;
#873 = VECTOR ( 'NONE', #2199, 1000.000000000000000 ) ;
#874 = CARTESIAN_POINT ( 'NONE',  ( -119.4150423525492215, 1.184125629308517835, -28.55090916965631465 ) ) ;
#875 = CARTESIAN_POINT ( 'NONE',  ( -121.9967455198103323, 2.675006209761188636, -25.25874782679811759 ) ) ;
#876 = PLANE ( 'NONE',  #1731 ) ;
#877 = EDGE_CURVE ( 'NONE', #1210, #3400, #2111, .T. ) ;
#878 = CARTESIAN_POINT ( 'NONE',  ( 52.58803801432226521, -30.35613330810949151, 7.219400830500664057 ) ) ;
#879 = CARTESIAN_POINT ( 'NONE',  ( -123.8345007239084055, -1.768567884744708163, -28.52048498880620286 ) ) ;
#880 = FACE_BOUND ( 'NONE', #2450, .T. ) ;
#881 = CARTESIAN_POINT ( 'NONE',  ( 54.58440591645194218, 13.01623398961787181, 24.45770590877851802 ) ) ;
#882 = CARTESIAN_POINT ( 'NONE',  ( -121.4697642122870604, -2.657793197081033121, 25.26058842938436655 ) ) ;
#883 = LINE ( 'NONE', #3198, #1162 ) ;
#884 = VERTEX_POINT ( 'NONE', #3184 ) ;
#885 = DIRECTION ( 'NONE',  ( 1.092739197465705287E-15, 1.000000000000000000, 0.000000000000000000 ) ) ;
#886 = CARTESIAN_POINT ( 'NONE',  ( -123.5889304526643144, 2.014184360362318404, -25.32031540222136101 ) ) ;
#887 = CARTESIAN_POINT ( 'NONE',  ( -123.0040330497735397, -25.86144099282374853, 12.15405148498602017 ) ) ;
#888 = VERTEX_POINT ( 'NONE', #3750 ) ;
#889 = CARTESIAN_POINT ( 'NONE',  ( -1.539563751707431427, 28.57500000000002771, -1.040834085586084257E-14 ) ) ;
#890 = ADVANCED_FACE ( 'NONE', ( #979 ), #801, .F. ) ;
#891 = DIRECTION ( 'NONE',  ( 0.1074441002482029450, 0.000000000000000000, 0.9942111271364116876 ) ) ;
#892 = CARTESIAN_POINT ( 'NONE',  ( -124.4775293200328719, -0.3517878772830302925, -25.39814321530298002 ) ) ;
#893 = CARTESIAN_POINT ( 'NONE',  ( 54.53001592692104538, -12.59320711599379550, 24.64258764201209573 ) ) ;
#894 = FACE_OUTER_BOUND ( 'NONE', #1846, .T. ) ;
#895 = CARTESIAN_POINT ( 'NONE',  ( 56.55109026787713589, 15.57620132224904630, 23.00753262891742068 ) ) ;
#896 = CARTESIAN_POINT ( 'NONE',  ( 45.89093470731436497, 12.19064356635140278, -35.99196305797134698 ) ) ;
#897 = FACE_BOUND ( 'NONE', #1767, .T. ) ;
#898 = VERTEX_POINT ( 'NONE', #2196 ) ;
#899 = CARTESIAN_POINT ( 'NONE',  ( -124.2233118271006589, 1.187458072800046782, -28.55077008677341510 ) ) ;
#900 = CARTESIAN_POINT ( 'NONE',  ( -123.0040320811625776, -23.45643755781000905, -16.31963954330672806 ) ) ;
#901 = CARTESIAN_POINT ( 'NONE',  ( 27.62261186379072342, 9.133971297006581465E-15, -36.36380918851543242 ) ) ;
#902 = VERTEX_POINT ( 'NONE', #471 ) ;
#903 = CARTESIAN_POINT ( 'NONE',  ( 7.918242130817999485E-13, 16.73884745518879669, 28.57499999999996376 ) ) ;
#904 = EDGE_CURVE ( 'NONE', #437, #244, #3511, .T. ) ;
#905 = CARTESIAN_POINT ( 'NONE',  ( -113.9500000000000028, 2.717797409007765408E-15, -1.387778780781445676E-14 ) ) ;
#906 = CARTESIAN_POINT ( 'NONE',  ( 49.19045618757365190, 23.74647230837685186, 3.586530892783666324 ) ) ;
#907 = CARTESIAN_POINT ( 'NONE',  ( 53.64429381276120523, 32.11628281261165085, 1.754351373719015728 ) ) ;
#908 = ADVANCED_FACE ( 'NONE', ( #1343 ), #275, .F. ) ;
#909 = DIRECTION ( 'NONE',  ( -0.9942111271364115765, 0.000000000000000000, 0.1074441002482028756 ) ) ;
#910 = CARTESIAN_POINT ( 'NONE',  ( -119.6926393505170978, -23.89112600422848232, -15.67691813477043183 ) ) ;
#911 = EDGE_LOOP ( 'NONE', ( #3136, #181, #1754, #1059 ) ) ;
#912 = CARTESIAN_POINT ( 'NONE',  ( 51.59205998137777271, 16.65812540592153468, 22.93455695751911350 ) ) ;
#913 = CARTESIAN_POINT ( 'NONE',  ( -1.539563751707440087, -25.40000000000007674, -1.423663188993379250E-14 ) ) ;
#914 = ORIENTED_EDGE ( 'NONE', *, *, #617, .F. ) ;
#915 = CARTESIAN_POINT ( 'NONE',  ( -124.4949999999999761, 0.1747298721721318171, 25.39999999999997726 ) ) ;
#916 = CARTESIAN_POINT ( 'NONE',  ( 49.31533191884282274, 23.68740377949571396, 3.727579177854484893 ) ) ;
#917 = CARTESIAN_POINT ( 'NONE',  ( 54.81560762821113286, 31.50619243014368109, 3.852567101515818049 ) ) ;
#918 = CARTESIAN_POINT ( 'NONE',  ( 52.03081088348354655, -23.59155906315672269, 3.678140760088250971 ) ) ;
#919 = EDGE_LOOP ( 'NONE', ( #3168, #1666 ) ) ;
#920 = AXIS2_PLACEMENT_3D ( 'NONE', #1468, #1698, #2610 ) ;
#921 = CARTESIAN_POINT ( 'NONE',  ( -122.5156452905173694, -2.588871516687474283, -25.26774486140964626 ) ) ;
#922 = DIRECTION ( 'NONE',  ( 0.000000000000000000, 1.224646799147356412E-16, 1.000000000000000000 ) ) ;
#923 = CIRCLE ( 'NONE', #1012, 28.58999999999996078 ) ;
#924 = CARTESIAN_POINT ( 'NONE',  ( -121.8199999999999932, -23.21221785532330273, 10.31275628709465231 ) ) ;
#925 = CARTESIAN_POINT ( 'NONE',  ( 49.81612531210748074, -29.64646670009555507, 9.077863426014536330 ) ) ;
#926 = CARTESIAN_POINT ( 'NONE',  ( 36.78542525431641508, -32.72951087730949382, -8.537516057216882004 ) ) ;
#927 = ADVANCED_FACE ( 'NONE', ( #575, #492 ), #3520, .T. ) ;
#928 = VERTEX_POINT ( 'NONE', #848 ) ;
#929 = EDGE_CURVE ( 'NONE', #1446, #1492, #207, .T. ) ;
#930 = CARTESIAN_POINT ( 'NONE',  ( -122.6811416864980515, 2.538645741277069323, 25.27290653164515177 ) ) ;
#931 = CARTESIAN_POINT ( 'NONE',  ( 54.93280970138646069, 13.50332196009804164, 15.53596092230796444 ) ) ;
#932 = CARTESIAN_POINT ( 'NONE',  ( 51.37231234638835531, 23.21629055617159665, 4.645427465364922348 ) ) ;
#933 = CARTESIAN_POINT ( 'NONE',  ( 34.11099732231944159, -32.72951087730949382, -8.248491427549227595 ) ) ;
#934 = CARTESIAN_POINT ( 'NONE',  ( 50.40225184079470466, -23.44333480806095693, 4.219934498059026318 ) ) ;
#935 = ORIENTED_EDGE ( 'NONE', *, *, #1228, .T. ) ;
#936 = CARTESIAN_POINT ( 'NONE',  ( -123.0062119247290582, -2.404008324992572110, -25.28606913944306100 ) ) ;
#937 = CARTESIAN_POINT ( 'NONE',  ( -120.4792129727498775, 20.74446549061636347, -14.65731060875388714 ) ) ;
#938 = DIRECTION ( 'NONE',  ( 0.7071067811865452413, -0.7071067811865499042, 8.659560562354962440E-17 ) ) ;
#939 = AXIS2_PLACEMENT_3D ( 'NONE', #2067, #2716, #2703 ) ;
#940 = CARTESIAN_POINT ( 'NONE',  ( -122.5215726556929496, -20.57898245194532194, -14.88903784530485730 ) ) ;
#941 = ORIENTED_EDGE ( 'NONE', *, *, #1133, .F. ) ;
#942 = ORIENTED_EDGE ( 'NONE', *, *, #2240, .T. ) ;
#943 = CARTESIAN_POINT ( 'NONE',  ( -119.1624212181966413, 0.3511250689683096948, 25.39814864737095235 ) ) ;
#944 = DIRECTION ( 'NONE',  ( 0.000000000000000000, 0.000000000000000000, -1.000000000000000000 ) ) ;
#945 = CARTESIAN_POINT ( 'NONE',  ( 48.67141195861044167, 24.55647938293833121, 1.105701499417305111 ) ) ;
#946 = CARTESIAN_POINT ( 'NONE',  ( 51.54226593606956897, -5.271005897909832427, 19.25546332921053505 ) ) ;
#947 = FACE_OUTER_BOUND ( 'NONE', #447, .T. ) ;
#948 = LINE ( 'NONE', #3399, #3384 ) ;
#949 = ADVANCED_FACE ( 'NONE', ( #3415 ), #2397, .F. ) ;
#950 = CARTESIAN_POINT ( 'NONE',  ( 51.54019018524765272, 24.10720919443000199, -1.358620588034284538 ) ) ;
#951 = CARTESIAN_POINT ( 'NONE',  ( -121.8199999999999932, 26.39787526958331298, 12.15199645276361373 ) ) ;
#952 = AXIS2_PLACEMENT_3D ( 'NONE', #1545, #2516, #2747 ) ;
#953 = CARTESIAN_POINT ( 'NONE',  ( -124.1413840050149560, -21.29642848679212008, -13.84352894685470048 ) ) ;
#954 = CARTESIAN_POINT ( 'NONE',  ( -119.2820829726907306, 21.55313228740654807, 13.44056222834321623 ) ) ;
#955 = CARTESIAN_POINT ( 'NONE',  ( 49.81010183543006775, 30.35519407318725982, -18.62050583221517996 ) ) ;
#956 = CARTESIAN_POINT ( 'NONE',  ( -120.0523551275684611, 2.015319905184738136, 25.32022496941132061 ) ) ;
#957 = CARTESIAN_POINT ( 'NONE',  ( -121.8199999999999932, -1.734723475976807094E-15, 28.93722497036231545 ) ) ;
#958 = CARTESIAN_POINT ( 'NONE',  ( 51.56914006574721299, 24.97596922094982119, -1.090739026781070153 ) ) ;
#959 = VERTEX_POINT ( 'NONE', #1975 ) ;
#960 = CARTESIAN_POINT ( 'NONE',  ( 52.96183382916012761, -4.620132311922853674, 19.23175610222820708 ) ) ;
#961 = DIRECTION ( 'NONE',  ( 1.000000000000000000, 2.428309327701567798E-16, -0.000000000000000000 ) ) ;
#962 = CARTESIAN_POINT ( 'NONE',  ( -120.1889831372806583, -25.74186398548253862, -12.40550550515552430 ) ) ;
#963 = CARTESIAN_POINT ( 'NONE',  ( 46.42899369125645137, 6.996966017581778274, -37.64207421941095788 ) ) ;
#964 = VERTEX_POINT ( 'NONE', #3507 ) ;
#965 = CARTESIAN_POINT ( 'NONE',  ( -122.6826634562889637, -23.15606402903768313, -10.43844760802299199 ) ) ;
#966 = CARTESIAN_POINT ( 'NONE',  ( -124.4948758925252008, -24.83587774042290519, 14.13297466680406522 ) ) ;
#967 = VERTEX_POINT ( 'NONE', #1691 ) ;
#968 = CARTESIAN_POINT ( 'NONE',  ( 51.69946182260611067, 29.00777609540099888, -21.62193294575289571 ) ) ;
#969 = TOROIDAL_SURFACE ( 'NONE', #1313, 29.59000000000001052, 1.014999999999997238 ) ;
#970 = CARTESIAN_POINT ( 'NONE',  ( 50.15881996063740189, -23.21622737317135687, -15.95076995565629296 ) ) ;
#971 = CARTESIAN_POINT ( 'NONE',  ( 48.16325078206632782, 12.53924684682113622, -36.09572875734311026 ) ) ;
#972 = CARTESIAN_POINT ( 'NONE',  ( 51.68011058397018331, -23.59758433818304013, 3.700854381334711007 ) ) ;
#973 = AXIS2_PLACEMENT_3D ( 'NONE', #303, #2738, #2149 ) ;
#974 = CARTESIAN_POINT ( 'NONE',  ( -119.8063906066694386, 23.81461461330481200, -15.79272059762429770 ) ) ;
#975 = CARTESIAN_POINT ( 'NONE',  ( -119.1448771987972464, 24.65934444306748219, 14.43878553491152772 ) ) ;
#976 = CARTESIAN_POINT ( 'NONE',  ( 34.58056022006428520, 4.712518953647743013E-15, -3.903491034322439379 ) ) ;
#977 = EDGE_CURVE ( 'NONE', #715, #1518, #66, .T. ) ;
#978 = CARTESIAN_POINT ( 'NONE',  ( -119.1618262804347381, -22.16913533032477801, -12.39835278798714313 ) ) ;
#979 = FACE_OUTER_BOUND ( 'NONE', #1500, .T. ) ;
#980 = CARTESIAN_POINT ( 'NONE',  ( -124.4951227995618126, -24.65934445220053917, 14.43878551878536420 ) ) ;
#981 = ORIENTED_EDGE ( 'NONE', *, *, #199, .F. ) ;
#982 = CARTESIAN_POINT ( 'NONE',  ( -121.4710497399686915, -2.657863265783254825, 28.45114312681229407 ) ) ;
#983 = ORIENTED_EDGE ( 'NONE', *, *, #2402, .T. ) ;
#984 = CARTESIAN_POINT ( 'NONE',  ( 52.65466627166731683, -24.68612027357897176, -11.87365258680209834 ) ) ;
#985 = CARTESIAN_POINT ( 'NONE',  ( 54.02741575065395807, 9.491599934775720726, 17.69206101618325278 ) ) ;
#986 = CARTESIAN_POINT ( 'NONE',  ( 49.20732119329942833, 12.08771857936425498, -36.39125515342943373 ) ) ;
#987 = CARTESIAN_POINT ( 'NONE',  ( 45.87255545949404478, -17.06038292282362079, -33.55997580397997382 ) ) ;
#988 = ORIENTED_EDGE ( 'NONE', *, *, #3091, .F. ) ;
#989 = CARTESIAN_POINT ( 'NONE',  ( -120.4701220585583741, 25.83216511735683341, -12.21671756324327163 ) ) ;
#990 = CARTESIAN_POINT ( 'NONE',  ( 21.65514832826926650, 4.165926963858810135E-15, 31.13554785668890901 ) ) ;
#991 = CARTESIAN_POINT ( 'NONE',  ( -124.4095642904690067, -22.33583390849279482, 12.09544470881452938 ) ) ;
#992 = VECTOR ( 'NONE', #3277, 1000.000000000000227 ) ;
#993 = CARTESIAN_POINT ( 'NONE',  ( -119.6929929433490827, 21.13618245264274620, 14.08698119401041104 ) ) ;
#994 = CIRCLE ( 'NONE', #3618, 28.74556901442441159 ) ;
#995 = CARTESIAN_POINT ( 'NONE',  ( -121.8199999999999932, -25.97550418053382515, -11.90814039080285092 ) ) ;
#996 = VERTEX_POINT ( 'NONE', #2908 ) ;
#997 = CARTESIAN_POINT ( 'NONE',  ( 52.31072807687756665, 9.572425239552149634, 17.84471612214965219 ) ) ;
#998 = CARTESIAN_POINT ( 'NONE',  ( -121.8199999999999932, 25.97550418053376475, 11.90814039080294329 ) ) ;
#999 = CARTESIAN_POINT ( 'NONE',  ( 50.26687385949860953, 9.124617428676438990, -37.51831338550535122 ) ) ;
#1000 = CARTESIAN_POINT ( 'NONE',  ( -124.1409427173913258, 24.04904437802185413, -15.43357147450650935 ) ) ;
#1001 = LINE ( 'NONE', #1827, #2656 ) ;
#1002 = EDGE_CURVE ( 'NONE', #635, #2478, #2449, .T. ) ;
#1003 = CARTESIAN_POINT ( 'NONE',  ( 53.08244080128625342, 11.35057498708124335, 15.77907452222936158 ) ) ;
#1004 = CARTESIAN_POINT ( 'NONE',  ( 50.27312924940424921, -15.81091070084954175, -34.75721746957762548 ) ) ;
#1005 = CARTESIAN_POINT ( 'NONE',  ( -121.4708543243105510, 23.21221785532328852, 10.31275628709466474 ) ) ;
#1006 = ADVANCED_FACE ( 'NONE', ( #3227 ), #1657, .F. ) ;
#1007 = CARTESIAN_POINT ( 'NONE',  ( -123.4667870852700275, -25.74664724259465132, -12.39765701945591836 ) ) ;
#1008 = EDGE_CURVE ( 'NONE', #2753, #774, #883, .T. ) ;
#1009 = CARTESIAN_POINT ( 'NONE',  ( 52.21705278636947867, -23.68726307509032480, -15.03329059010753888 ) ) ;
#1010 = CARTESIAN_POINT ( 'NONE',  ( -124.4949999999999903, -1.734723479595114851E-15, 28.57499999999998153 ) ) ;
#1011 = CARTESIAN_POINT ( 'NONE',  ( -121.8199999999999932, 20.53721785532326649, 14.94599219734140583 ) ) ;
#1012 = AXIS2_PLACEMENT_3D ( 'NONE', #1434, #2335, #612 ) ;
#1013 = EDGE_LOOP ( 'NONE', ( #2965, #96, #2456, #1289, #3062, #2598, #640, #3271, #520, #732, #1852, #3006 ) ) ;
#1014 = CARTESIAN_POINT ( 'NONE',  ( 51.26507195797751848, -10.60936104926678603, 25.74525520124774047 ) ) ;
#1015 = LINE ( 'NONE', #1409, #3309 ) ;
#1016 = CARTESIAN_POINT ( 'NONE',  ( 48.81785479137326433, -17.51838548039220100, -33.59490561398165909 ) ) ;
#1017 = CARTESIAN_POINT ( 'NONE',  ( -123.1629596624986505, 23.06528433017772528, -10.63777250073927227 ) ) ;
#1018 = CARTESIAN_POINT ( 'NONE',  ( -121.1291092717692521, -2.590110697483939184, 28.45739111262199827 ) ) ;
#1019 = VECTOR ( 'NONE', #3761, 1000.000000000000227 ) ;
#1020 = CARTESIAN_POINT ( 'NONE',  ( 50.51803256020916422, 12.10596510012032567, 16.83432962269538535 ) ) ;
#1021 = CARTESIAN_POINT ( 'NONE',  ( -124.4949999999999619, 0.1747111972690012505, 28.57499999999998508 ) ) ;
#1022 = CARTESIAN_POINT ( 'NONE',  ( -123.8362429314950361, 23.81618243200807328, -15.79036694979700783 ) ) ;
#1023 = EDGE_LOOP ( 'NONE', ( #1709, #1986, #3050, #840 ) ) ;
#1024 = CARTESIAN_POINT ( 'NONE',  ( 52.56132639947514207, -31.88718837728901079, -14.47316934750391049 ) ) ;
#1025 = CARTESIAN_POINT ( 'NONE',  ( 51.26557640842475649, -9.125218418216359595, 26.21279948210782962 ) ) ;
#1026 = CYLINDRICAL_SURFACE ( 'NONE', #1911, 2.999999999999998224 ) ;
#1027 = VERTEX_POINT ( 'NONE', #566 ) ;
#1028 = EDGE_CURVE ( 'NONE', #774, #155, #537, .T. ) ;
#1029 = CARTESIAN_POINT ( 'NONE',  ( 50.29000137576670681, -15.65789495063455838, -34.84247661268524610 ) ) ;
#1030 = CARTESIAN_POINT ( 'NONE',  ( -119.4161789322198359, -22.56678937923953754, 11.65874564744202857 ) ) ;
#1031 = DIRECTION ( 'NONE',  ( 4.690026295307383482E-16, 6.123233995736769734E-17, -1.000000000000000000 ) ) ;
#1032 = CARTESIAN_POINT ( 'NONE',  ( 51.16685980015228097, 13.45267434839689535, 15.97477490516190457 ) ) ;
#1033 = DIRECTION ( 'NONE',  ( -1.000000000000000000, -0.000000000000000000, -0.000000000000000000 ) ) ;
#1034 = ORIENTED_EDGE ( 'NONE', *, *, #3218, .F. ) ;
#1035 = CARTESIAN_POINT ( 'NONE',  ( 46.94485532872366207, -13.01685632711865637, -35.76243506527871574 ) ) ;
#1036 = ORIENTED_EDGE ( 'NONE', *, *, #1640, .T. ) ;
#1037 = CARTESIAN_POINT ( 'NONE',  ( 49.71967013691926951, -32.29292554669499538, -12.47080143520441098 ) ) ;
#1038 = FACE_OUTER_BOUND ( 'NONE', #3655, .T. ) ;
#1039 = CARTESIAN_POINT ( 'NONE',  ( -119.2297908154604755, 24.39462188337232007, 14.88161003197943622 ) ) ;
#1040 = FACE_OUTER_BOUND ( 'NONE', #2974, .T. ) ;
#1041 = UNCERTAINTY_MEASURE_WITH_UNIT (LENGTH_MEASURE( 1.000000000000000082E-05 ), #2217, 'distance_accuracy_value', 'NONE');
#1042 = CARTESIAN_POINT ( 'NONE',  ( -145.9199999999999875, 2.717797409007765408E-15, -1.734723475976807094E-14 ) ) ;
#1043 = CARTESIAN_POINT ( 'NONE',  ( -122.5148872951647974, 20.58794446924737187, -14.87607902585543229 ) ) ;
#1044 = ORIENTED_EDGE ( 'NONE', *, *, #355, .F. ) ;
#1045 = PLANE ( 'NONE',  #540 ) ;
#1046 = AXIS2_PLACEMENT_3D ( 'NONE', #741, #1634, #3436 ) ;
#1047 = VECTOR ( 'NONE', #397, 1000.000000000000114 ) ;
#1048 = CARTESIAN_POINT ( 'NONE',  ( 51.56914006574721299, 23.20801320296249060, 4.642875149152152936 ) ) ;
#1049 = CARTESIAN_POINT ( 'NONE',  ( -2.908064864336950883, 4.934142635465851221E-15, -25.40000000000003766 ) ) ;
#1050 = APPROVAL ( #2583, 'UNSPECIFIED' ) ;
#1051 = CARTESIAN_POINT ( 'NONE',  ( -122.5249315545364084, 20.57941687818112442, 14.88844716067164420 ) ) ;
#1052 = FACE_OUTER_BOUND ( 'NONE', #3212, .T. ) ;
#1053 = CARTESIAN_POINT ( 'NONE',  ( 81.99744400261421617, -27.60229999999998185, 18.73519703813777681 ) ) ;
#1054 = VERTEX_POINT ( 'NONE', #249 ) ;
#1055 = EDGE_CURVE ( 'NONE', #2068, #406, #2286, .T. ) ;
#1056 = CARTESIAN_POINT ( 'NONE',  ( -121.8199999999999932, 25.97550418053376475, 11.90814039080294329 ) ) ;
#1057 = CARTESIAN_POINT ( 'NONE',  ( -129.3900000000000148, -28.57499999999999574, -1.384780653120450967E-14 ) ) ;
#1058 = CARTESIAN_POINT ( 'NONE',  ( -124.4950589065889091, 22.08393315398115320, -12.54951815383934211 ) ) ;
#1059 = ORIENTED_EDGE ( 'NONE', *, *, #2704, .F. ) ;
#1060 = CARTESIAN_POINT ( 'NONE',  ( -124.4776086402701765, -22.17090515422798447, 12.39516937092804838 ) ) ;
#1061 = CARTESIAN_POINT ( 'NONE',  ( -119.1449999999999960, 2.062316513048878560E-15, -28.57500000000001705 ) ) ;
#1062 = CARTESIAN_POINT ( 'NONE',  ( -119.1624110425906480, 0.3510428268932105356, 28.57335527629042105 ) ) ;
#1063 = VECTOR ( 'NONE', #3307, 1000.000000000000114 ) ;
#1064 = CARTESIAN_POINT ( 'NONE',  ( -124.4099177956520634, 21.64340429430470181, 13.29483981055926556 ) ) ;
#1065 = DIRECTION ( 'NONE',  ( -0.1074441002482028756, 2.026856480123243746E-16, -0.9942111271364115765 ) ) ;
#1066 = CARTESIAN_POINT ( 'NONE',  ( -119.1626468194903055, 24.56883159281322193, -14.59220185325870567 ) ) ;
#1067 = DIRECTION ( 'NONE',  ( 0.000000000000000000, -0.8660254037844380415, 0.5000000000000012212 ) ) ;
#1068 = B_SPLINE_CURVE_WITH_KNOTS ( 'NONE', 3,
 ( #3130, #1328, #431, #2474, #1880, #1888, #442, #2775, #2461, #3407, #1605, #694, #3095, #3433, #1614, #704, #716, #131, #141, #2788, #1000, #2799, #1022, #1318, #726, #3692, #3714, #2175, #1306, #2484, #2162, #3419 ),
 .UNSPECIFIED., .F., .F.,
 ( 4, 2, 2, 2, 2, 2, 2, 2, 2, 2, 2, 2, 2, 2, 2, 4 ),
 ( 0.0009272880683929597689, 0.001450320135765632845, 0.001973352203138305921, 0.002496384270510978998, 0.003019416337883651640, 0.004065480472629027717, 0.004588512540001705130, 0.005111544607374382543, 0.005634576674747060823, 0.006157608742119738236, 0.006680640809492415649, 0.007203672876865096532, 0.007726704944237778282, 0.008249737011610459164, 0.008772769078983140914, 0.009295801146355822664 ),
 .UNSPECIFIED. ) ;
#1069 = CARTESIAN_POINT ( 'NONE',  ( 46.99126387549854655, 28.32185666567780302, -22.32034256368168457 ) ) ;
#1070 = CARTESIAN_POINT ( 'NONE',  ( -123.4513597476997973, 20.85637615685262247, -14.49762112840538819 ) ) ;
#1071 = ORIENTED_EDGE ( 'NONE', *, *, #2820, .F. ) ;
#1072 = CARTESIAN_POINT ( 'NONE',  ( 50.99180524763593780, 6.680747337769119554, -30.32609258777682015 ) ) ;
#1073 = CARTESIAN_POINT ( 'NONE',  ( 46.90880513380397332, 22.67874607045802193, -16.74202688779789838 ) ) ;
#1074 = CARTESIAN_POINT ( 'NONE',  ( 45.91867453258024057, 9.326200073030443960, -28.89267419229443590 ) ) ;
#1075 = EDGE_LOOP ( 'NONE', ( #1145, #2956 ) ) ;
#1076 = PLANE ( 'NONE',  #1123 ) ;
#1077 = PLANE ( 'NONE',  #2228 ) ;
#1078 = CYLINDRICAL_SURFACE ( 'NONE', #1171, 2.675000000000001599 ) ;
#1079 = VERTEX_POINT ( 'NONE', #2020 ) ;
#1080 = COORDINATED_UNIVERSAL_TIME_OFFSET ( 3, 0, .AHEAD. ) ;
#1081 = CARTESIAN_POINT ( 'NONE',  ( 46.45928687204447272, 28.93212936661729628, -21.19467258769363482 ) ) ;
#1082 = CARTESIAN_POINT ( 'NONE',  ( 34.58056022006428520, 4.712518953647742225E-15, -3.903491034322439823 ) ) ;
#1083 = CARTESIAN_POINT ( 'NONE',  ( 50.66463842019609132, -10.73823123075857389, -28.79469241196783713 ) ) ;
#1084 = VECTOR ( 'NONE', #3580, 1000.000000000000227 ) ;
#1085 = VERTEX_POINT ( 'NONE', #313 ) ;
#1086 = CARTESIAN_POINT ( 'NONE',  ( 52.90125261255121103, 23.27561373327100114, 4.344831530167875933 ) ) ;
#1087 = CARTESIAN_POINT ( 'NONE',  ( 48.37295878928513559, 4.613827490537236287, -30.51690711065484862 ) ) ;
#1088 = CARTESIAN_POINT ( 'NONE',  ( -122.5142992845799057, 2.589251014232213599, 28.45746973808433467 ) ) ;
#1089 = ORIENTED_EDGE ( 'NONE', *, *, #709, .F. ) ;
#1090 = CARTESIAN_POINT ( 'NONE',  ( -120.6337203272723002, -23.45703562895748107, 16.31878171673858091 ) ) ;
#1091 = CARTESIAN_POINT ( 'NONE',  ( 51.54606862302583892, -30.82174473687002703, -17.65312678204339392 ) ) ;
#1092 = DIRECTION ( 'NONE',  ( 0.000000000000000000, -3.061616997868380553E-17, -1.000000000000000000 ) ) ;
#1093 = CARTESIAN_POINT ( 'NONE',  ( -0.6377081860947642067, -28.57499999999998153, 16.73884745518875761 ) ) ;
#1094 = CARTESIAN_POINT ( 'NONE',  ( 48.36493143486104174, -14.13235322864181498, -26.62142040269479892 ) ) ;
#1095 = CARTESIAN_POINT ( 'NONE',  ( -124.4949793802616256, -21.90857779599214084, 12.85322579263240250 ) ) ;
#1096 = ORIENTED_EDGE ( 'NONE', *, *, #671, .F. ) ;
#1097 = CARTESIAN_POINT ( 'NONE',  ( 53.07387770468364607, 23.30554785670520701, 4.257241418064165117 ) ) ;
#1098 = CARTESIAN_POINT ( 'NONE',  ( 52.13975747879337774, 13.65660389519485385, 24.43778166345885694 ) ) ;
#1099 = CARTESIAN_POINT ( 'NONE',  ( -124.4090703208289028, 0.6948981811616459225, 28.56706364254045027 ) ) ;
#1100 = CARTESIAN_POINT ( 'NONE',  ( -124.1402103969451929, 22.63795097198845596, 11.51973054169354249 ) ) ;
#1101 = CARTESIAN_POINT ( 'NONE',  ( 46.87078406814080012, -31.73075056666481331, -14.42357305023134018 ) ) ;
#1102 = CARTESIAN_POINT ( 'NONE',  ( -119.1450739585139047, -24.65874419240127935, 14.43978836091737783 ) ) ;
#1103 = EDGE_CURVE ( 'NONE', #244, #517, #2861, .T. ) ;
#1104 = CARTESIAN_POINT ( 'NONE',  ( -3.079127503415652001, 5.294135797048153139E-15, -28.57500000000004192 ) ) ;
#1105 = ORIENTED_EDGE ( 'NONE', *, *, #1250, .T. ) ;
#1106 = LINE ( 'NONE', #1971, #2771 ) ;
#1107 = DIRECTION ( 'NONE',  ( -0.9942111271364117986, 1.101074672228211888E-16, 0.1074441002482030283 ) ) ;
#1108 = DIRECTION ( 'NONE',  ( -3.365775526749475420E-16, -0.8660254037844393737, -0.4999999999999989453 ) ) ;
#1109 = CARTESIAN_POINT ( 'NONE',  ( 52.03081088348354655, -21.11026993102645122, 8.417940781478627343 ) ) ;
#1110 = ORIENTED_EDGE ( 'NONE', *, *, #3581, .F. ) ;
#1111 = FACE_BOUND ( 'NONE', #2351, .T. ) ;
#1112 = CARTESIAN_POINT ( 'NONE',  ( 51.50999444966728191, 14.43685252947341446, 24.13708195708035475 ) ) ;
#1113 = CARTESIAN_POINT ( 'NONE',  ( 49.99244455444247848, -23.22323118543635800, -12.81354847265870056 ) ) ;
#1114 = DIRECTION ( 'NONE',  ( -0.1074441002482030977, 0.000000000000000000, -0.9942111271364115765 ) ) ;
#1115 = CIRCLE ( 'NONE', #2423, 25.40000000000000213 ) ;
#1116 = CARTESIAN_POINT ( 'NONE',  ( 52.11483356440356829, -31.03270393542846151, -17.15066141164699332 ) ) ;
#1117 = CARTESIAN_POINT ( 'NONE',  ( 52.32715152544790982, -7.535171020858301816, 26.51477584027059109 ) ) ;
#1118 = APPROVAL_STATUS ( 'not_yet_approved' ) ;
#1119 = B_SPLINE_CURVE_WITH_KNOTS ( 'NONE', 3,
 ( #958, #358, #386, #2710, #25, #613, #2681, #1786, #1243, #2405, #39, #652, #342, #1233, #945, #2420, #2373, #1475, #1813, #3584, #1773, #2668, #639, #906, #916, #1216, #1206, #3294, #3311, #1502, #1513, #2697, #932, #3625 ),
 .UNSPECIFIED., .F., .F.,
 ( 4, 2, 2, 2, 2, 2, 2, 2, 2, 2, 2, 2, 2, 2, 2, 2, 4 ),
 ( 0.004547063703976611873, 0.005133880414239507667, 0.005720697124502402593, 0.006307513834765298387, 0.006894330545028193313, 0.007481147255291089107, 0.008067963965553984901, 0.008654780675816878960, 0.009241597386079776488, 0.009828414096342670547, 0.01041523080660556634, 0.01100204751686846213, 0.01158886422713135793, 0.01217568093739425372, 0.01276249764765714778, 0.01334931435792004357, 0.01393613106818293937 ),
 .UNSPECIFIED. ) ;
#1120 = ORIENTED_EDGE ( 'NONE', *, *, #1864, .F. ) ;
#1121 = DIRECTION ( 'NONE',  ( -0.9942111271364115765, 0.000000000000000000, 0.1074441002482028618 ) ) ;
#1122 = CARTESIAN_POINT ( 'NONE',  ( 34.68700890176268103, -4.370299501416308630, 29.00508612948222265 ) ) ;
#1123 = AXIS2_PLACEMENT_3D ( 'NONE', #1053, #3445, #3119 ) ;
#1124 = CARTESIAN_POINT ( 'NONE',  ( -112.9499999999999744, 29.59000000000000341, -1.387778780781445676E-14 ) ) ;
#1125 = CARTESIAN_POINT ( 'NONE',  ( 48.36493143486104174, -14.13235322864181498, -26.62142040269479892 ) ) ;
#1126 = EDGE_CURVE ( 'NONE', #401, #2839, #3135, .T. ) ;
#1127 = VERTEX_POINT ( 'NONE', #1894 ) ;
#1128 = CARTESIAN_POINT ( 'NONE',  ( 48.91430301887693588, 31.83955275674010821, 3.350478882749781118 ) ) ;
#1129 = VECTOR ( 'NONE', #3401, 1000.000000000000114 ) ;
#1130 = PERSON_AND_ORGANIZATION ( #2996, #2902 ) ;
#1131 = PERSON_AND_ORGANIZATION_ROLE ( 'creator' ) ;
#1132 = EDGE_LOOP ( 'NONE', ( #2600, #2158 ) ) ;
#1133 = EDGE_CURVE ( 'NONE', #1594, #964, #2592, .T. ) ;
#1134 = CARTESIAN_POINT ( 'NONE',  ( 49.96349467394291821, -23.20801320296248704, -15.94823712187851505 ) ) ;
#1135 = CARTESIAN_POINT ( 'NONE',  ( 53.08244080128625342, 11.35057498708124335, 15.77907452222936158 ) ) ;
#1136 = CIRCLE ( 'NONE', #2717, 33.02000000000001734 ) ;
#1137 = VERTEX_POINT ( 'NONE', #2479 ) ;
#1138 = AXIS2_PLACEMENT_3D ( 'NONE', #1248, #3329, #1517 ) ;
#1139 = CARTESIAN_POINT ( 'NONE',  ( 51.62171431419625378, 23.26828729039804955, -15.99095771162239288 ) ) ;
#1140 = CARTESIAN_POINT ( 'NONE',  ( 45.68861359848816761, -12.02488248098827661, -27.61018418923085704 ) ) ;
#1141 = CARTESIAN_POINT ( 'NONE',  ( 49.71967013691926951, -30.52496952870766833, -18.20441561113762674 ) ) ;
#1142 = CARTESIAN_POINT ( 'NONE',  ( 52.69441184631423880, -31.73852345590399437, -15.02572818515945485 ) ) ;
#1143 = LINE ( 'NONE', #606, #1824 ) ;
#1144 = CARTESIAN_POINT ( 'NONE',  ( 54.86060274702457207, -9.942642979854442231, 17.41465111848841829 ) ) ;
#1145 = ORIENTED_EDGE ( 'NONE', *, *, #777, .T. ) ;
#1146 = CARTESIAN_POINT ( 'NONE',  ( 56.83415150421888740, -8.421217307177624178, 25.80607256515683900 ) ) ;
#1147 = ORIENTED_EDGE ( 'NONE', *, *, #3543, .F. ) ;
#1148 = ORIENTED_EDGE ( 'NONE', *, *, #2607, .F. ) ;
#1149 = CARTESIAN_POINT ( 'NONE',  ( 48.45019393840387778, -11.35057498708125223, -27.08443649495574235 ) ) ;
#1150 = CARTESIAN_POINT ( 'NONE',  ( 49.32622382860058252, 23.58532575284163357, -14.98023958983973536 ) ) ;
#1151 = AXIS2_PLACEMENT_3D ( 'NONE', #2773, #1316, #1603 ) ;
#1152 = ORIENTED_EDGE ( 'NONE', *, *, #18, .T. ) ;
#1153 = EDGE_CURVE ( 'NONE', #47, #1993, #822, .T. ) ;
#1154 = CARTESIAN_POINT ( 'NONE',  ( 52.41388394595043820, -30.36267585655173917, 7.222825859884385302 ) ) ;
#1155 = CARTESIAN_POINT ( 'NONE',  ( -120.4785660326430587, -2.320893173656854547, -28.48075686441869436 ) ) ;
#1156 = VECTOR ( 'NONE', #395, 1000.000000000000000 ) ;
#1157 = CARTESIAN_POINT ( 'NONE',  ( 48.46057002586325524, -24.87018777792538415, -10.59588911899023955 ) ) ;
#1158 = CARTESIAN_POINT ( 'NONE',  ( -120.9557843823981642, -2.537538116651445463, 25.27301721198557516 ) ) ;
#1159 = CIRCLE ( 'NONE', #3529, 1.000000000000011324 ) ;
#1160 = CARTESIAN_POINT ( 'NONE',  ( -122.6829520192431318, 2.538052215823701108, -25.27296681753596985 ) ) ;
#1161 = CARTESIAN_POINT ( 'NONE',  ( -113.9500000000000028, 28.57499999999999574, -1.734723475976807094E-14 ) ) ;
#1162 = VECTOR ( 'NONE', #2924, 1000.000000000000000 ) ;
#1163 = ORIENTED_EDGE ( 'NONE', *, *, #3535, .F. ) ;
#1164 = CARTESIAN_POINT ( 'NONE',  ( 54.95343955245905221, -28.68882242976265928, 10.33919449222675802 ) ) ;
#1165 = B_SPLINE_CURVE_WITH_KNOTS ( 'NONE', 3,
 ( #263, #2021, #289, #2319, #578, #2925, #865, #2627, #567, #3255, #1139, #1454, #3816, #1432, #3553, #546, #2603, #3857, #838, #1740, #2035, #2001, #849, #301, #2332, #2614, #591, #3220 ),
 .UNSPECIFIED., .F., .F.,
 ( 4, 2, 2, 2, 2, 2, 2, 2, 2, 2, 2, 2, 2, 4 ),
 ( 0.01244242358379992440, 0.01296529695831289027, 0.01348817033282585787, 0.01401104370733882373, 0.01453391708185178960, 0.01505679045636474853, 0.01557966383087770919, 0.01662541057990362184, 0.01767115732892953622, 0.01819403070344249168, 0.01871690407795544714, 0.01923977745246840260, 0.01976265082698135805, 0.02080839757600728285 ),
 .UNSPECIFIED. ) ;
#1166 = ORIENTED_EDGE ( 'NONE', *, *, #279, .F. ) ;
#1167 = CARTESIAN_POINT ( 'NONE',  ( 55.52232488154882617, 13.39736551257148456, 24.18917677550198775 ) ) ;
#1168 = CARTESIAN_POINT ( 'NONE',  ( 47.97895619191448446, -24.78735329007670174, -10.93083913739616087 ) ) ;
#1169 = CARTESIAN_POINT ( 'NONE',  ( -121.1249452487182481, -2.589098043366804269, 25.26772177698321542 ) ) ;
#1170 = AXIS2_PLACEMENT_3D ( 'NONE', #2293, #3533, #1114 ) ;
#1171 = AXIS2_PLACEMENT_3D ( 'NONE', #2875, #1388, #1673 ) ;
#1172 = ORIENTED_EDGE ( 'NONE', *, *, #2347, .F. ) ;
#1173 = VECTOR ( 'NONE', #3316, 1000.000000000000114 ) ;
#1174 = CARTESIAN_POINT ( 'NONE',  ( -119.1449999999999960, 2.062316513048878560E-15, -28.57500000000001705 ) ) ;
#1175 = CARTESIAN_POINT ( 'NONE',  ( -123.1606457463226150, 2.321390441256641513, -25.29388562301843635 ) ) ;
#1176 = EDGE_CURVE ( 'NONE', #2798, #734, #3832, .T. ) ;
#1177 = LINE ( 'NONE', #234, #314 ) ;
#1178 = FACE_BOUND ( 'NONE', #3819, .T. ) ;
#1179 = CARTESIAN_POINT ( 'NONE',  ( 53.10753736310530826, -27.89177450933597768, 11.87119394415993767 ) ) ;
#1180 = EDGE_LOOP ( 'NONE', ( #2910, #3424, #2202, #2495 ) ) ;
#1181 = ADVANCED_FACE ( 'NONE', ( #2494 ), #2388, .T. ) ;
#1182 = CARTESIAN_POINT ( 'NONE',  ( 47.11287110859208127, -23.86011375766845077, -14.01979666117462742 ) ) ;
#1183 = CARTESIAN_POINT ( 'NONE',  ( -119.6923746893648541, -1.630777313521854843, 25.34801379387790021 ) ) ;
#1184 = PLANE ( 'NONE',  #3326 ) ;
#1185 = CARTESIAN_POINT ( 'NONE',  ( -121.8199999999999932, -23.30050418053383865, -16.54137630104961332 ) ) ;
#1186 = CARTESIAN_POINT ( 'NONE',  ( 50.40423229156740348, -30.07577471094386823, 8.095947584008346354 ) ) ;
#1187 = VERTEX_POINT ( 'NONE', #3170 ) ;
#1188 = DIRECTION ( 'NONE',  ( 1.000000000000000000, 2.345013147653676950E-16, -5.499086662668604439E-32 ) ) ;
#1189 = CARTESIAN_POINT ( 'NONE',  ( -120.9590825579244466, -2.538736653578713920, -28.46207950576786772 ) ) ;
#1190 = ORIENTED_EDGE ( 'NONE', *, *, #3810, .T. ) ;
#1191 = B_SPLINE_CURVE_WITH_KNOTS ( 'NONE', 3,
 ( #1310, #1323, #1336, #148, #2521, #1905, #2220, #1893, #2808, #3412, #2795, #190, #1608, #468, #2182, #3437, #2848, #1030, #174, #3719, #3729, #495, #161, #1916, #2203, #768, #2168, #446, #3698, #2544 ),
 .UNSPECIFIED., .F., .F.,
 ( 4, 2, 2, 2, 2, 2, 2, 2, 2, 2, 2, 2, 2, 2, 4 ),
 ( 0.01588110376416241101, 0.01692674283649796274, 0.01744956237266575769, 0.01797238190883355610, 0.01901802098116911824, 0.01954084051733689931, 0.02006366005350467691, 0.02058647958967245797, 0.02110929912584023904, 0.02163211866200802011, 0.02215493819817580118, 0.02267775773434357878, 0.02320057727051135985, 0.02372339680667914091, 0.02424621634284691851 ),
 .UNSPECIFIED. ) ;
#1192 = FACE_BOUND ( 'NONE', #547, .T. ) ;
#1193 = ORIENTED_EDGE ( 'NONE', *, *, #2579, .F. ) ;
#1194 = CARTESIAN_POINT ( 'NONE',  ( -124.4949999999999903, 1.734723527313508223E-15, -25.40000000000001634 ) ) ;
#1195 = CARTESIAN_POINT ( 'NONE',  ( -2.908064864336959321, 14.87897551572335608, -25.39999999999996305 ) ) ;
#1196 = EDGE_LOOP ( 'NONE', ( #2290, #2006 ) ) ;
#1197 = DIRECTION ( 'NONE',  ( -1.000000000000000000, 0.000000000000000000, 0.000000000000000000 ) ) ;
#1198 = EDGE_CURVE ( 'NONE', #902, #1312, #3085, .T. ) ;
#1199 = DIRECTION ( 'NONE',  ( 0.000000000000000000, 1.000000000000000000, 1.893777111032906324E-16 ) ) ;
#1200 = CARTESIAN_POINT ( 'NONE',  ( 53.20477048813800280, 17.65481062507971188, 22.15018820779525299 ) ) ;
#1201 = CARTESIAN_POINT ( 'NONE',  ( -122.5211340551122277, -25.94635348861394775, 11.97227031702324673 ) ) ;
#1202 = VERTEX_POINT ( 'NONE', #3438 ) ;
#1203 = ADVANCED_FACE ( 'NONE', ( #2444 ), #745, .F. ) ;
#1204 = VECTOR ( 'NONE', #2744, 1000.000000000000114 ) ;
#1205 = CARTESIAN_POINT ( 'NONE',  ( 55.07317199614158199, -28.93149041823710732, 9.890498153267818893 ) ) ;
#1206 = CARTESIAN_POINT ( 'NONE',  ( 49.74351409849435157, 23.52290550782343104, 4.097434042490790240 ) ) ;
#1207 = CARTESIAN_POINT ( 'NONE',  ( 54.07271595764380834, 32.01055971590256632, 2.140731973187158133 ) ) ;
#1208 = CARTESIAN_POINT ( 'NONE',  ( 13.88261408676554787, 4.635998353184747434E-17, -34.87893172308533707 ) ) ;
#1209 = CARTESIAN_POINT ( 'NONE',  ( -120.0530601002715940, -23.67719665142908170, -15.99801840123161689 ) ) ;
#1210 = VERTEX_POINT ( 'NONE', #3731 ) ;
#1211 = EDGE_CURVE ( 'NONE', #2798, #1054, #1938, .T. ) ;
#1212 = CARTESIAN_POINT ( 'NONE',  ( 50.65046260271922307, -30.16709762780308779, 7.864821134363481292 ) ) ;
#1213 = ORIENTED_EDGE ( 'NONE', *, *, #3603, .F. ) ;
#1214 = DIRECTION ( 'NONE',  ( -0.9942111271364117986, 1.101074672228211888E-16, 0.1074441002482030283 ) ) ;
#1215 = CARTESIAN_POINT ( 'NONE',  ( -119.1450000000000244, 0.1765849865457183032, 25.39999999999998437 ) ) ;
#1216 = CARTESIAN_POINT ( 'NONE',  ( 49.59079304125337728, 23.57600922218163220, 3.982167722153171496 ) ) ;
#1217 = CARTESIAN_POINT ( 'NONE',  ( 54.73605038440621939, 31.20154885243955789, 4.793388578269241584 ) ) ;
#1218 = CARTESIAN_POINT ( 'NONE',  ( 51.85338052402906328, -10.03029226865805867, 17.70180215746328756 ) ) ;
#1219 = ADVANCED_FACE ( 'NONE', ( #880, #2249 ), #1045, .T. ) ;
#1220 = ORIENTED_EDGE ( 'NONE', *, *, #3091, .T. ) ;
#1221 = CARTESIAN_POINT ( 'NONE',  ( -119.4155637660832099, -1.185339835078690784, -25.37284443906779074 ) ) ;
#1222 = DIRECTION ( 'NONE',  ( 0.000000000000000000, 0.000000000000000000, -1.000000000000000000 ) ) ;
#1223 = ORIENTED_EDGE ( 'NONE', *, *, #832, .T. ) ;
#1224 = CARTESIAN_POINT ( 'NONE',  ( -123.9443716248872533, 1.635102058980670847, -28.52855483479580556 ) ) ;
#1225 = CARTESIAN_POINT ( 'NONE',  ( 49.83281288303334122, -29.00841870959027347, 10.31542299801491325 ) ) ;
#1226 = CIRCLE ( 'NONE', #1138, 28.57499999999999929 ) ;
#1227 = CARTESIAN_POINT ( 'NONE',  ( 45.70630967413212886, -11.40377002347104707, -27.93476013183127904 ) ) ;
#1228 = EDGE_CURVE ( 'NONE', #1641, #3320, #2785, .T. ) ;
#1229 = ORIENTED_EDGE ( 'NONE', *, *, #853, .F. ) ;
#1230 = CARTESIAN_POINT ( 'NONE',  ( 55.90532604388731386, 13.70665949331908706, 24.00786200160463224 ) ) ;
#1231 = CARTESIAN_POINT ( 'NONE',  ( 51.28917906636812774, -23.38355661892697057, -15.68550697079505696 ) ) ;
#1232 = CARTESIAN_POINT ( 'NONE',  ( 53.51676829180319572, 9.404211245192147572, 17.78240770864631060 ) ) ;
#1233 = CARTESIAN_POINT ( 'NONE',  ( 48.72773034438993989, 24.60199239559969797, 0.9236292054937315088 ) ) ;
#1234 = CARTESIAN_POINT ( 'NONE',  ( 49.38322332739409148, -22.74962539359522040, 5.860470881931868270 ) ) ;
#1235 = EDGE_CURVE ( 'NONE', #2050, #84, #1979, .T. ) ;
#1236 = ORIENTED_EDGE ( 'NONE', *, *, #459, .F. ) ;
#1237 = CARTESIAN_POINT ( 'NONE',  ( -122.1728354942349739, -2.657383151550154921, -25.26063144296014684 ) ) ;
#1238 = CARTESIAN_POINT ( 'NONE',  ( -120.0525756380565952, 20.92018567952634811, -14.40559419342537772 ) ) ;
#1239 = DIRECTION ( 'NONE',  ( 3.619642959912460024E-17, -1.000000000000000000, -3.911737360732387228E-18 ) ) ;
#1240 = CARTESIAN_POINT ( 'NONE',  ( 52.06615183792188617, -27.90829627014387881, 11.95754759572852066 ) ) ;
#1241 = CARTESIAN_POINT ( 'NONE',  ( 79.03173971433325562, 1.823539765631578694E-15, -8.707316756419592352 ) ) ;
#1242 = CARTESIAN_POINT ( 'NONE',  ( 55.29348684247860035, 13.16098095949804225, 15.70946115880475524 ) ) ;
#1243 = CARTESIAN_POINT ( 'NONE',  ( 49.58970374731298847, 24.87332610205182704, -0.3484022140910995602 ) ) ;
#1244 = CARTESIAN_POINT ( 'NONE',  ( 50.99284122133039432, -9.322759704861800500, 18.08818400549711214 ) ) ;
#1245 = ORIENTED_EDGE ( 'NONE', *, *, #3211, .T. ) ;
#1246 = DIRECTION ( 'NONE',  ( 0.03182761377624739041, 0.9551182288552939603, 0.2945100540043350534 ) ) ;
#1247 = CARTESIAN_POINT ( 'NONE',  ( -121.8199999999999932, 23.21221785532329207, -10.31275628709465941 ) ) ;
#1248 = CARTESIAN_POINT ( 'NONE',  ( -113.9500000000000028, -4.874048032519752631E-15, -1.734723475976807094E-14 ) ) ;
#1249 = LINE ( 'NONE', #3120, #2241 ) ;
#1250 = EDGE_CURVE ( 'NONE', #554, #1901, #3590, .T. ) ;
#1251 = FACE_BOUND ( 'NONE', #919, .T. ) ;
#1252 = CARTESIAN_POINT ( 'NONE',  ( -123.9470036602483844, -22.76777698083718704, -11.26097598581487169 ) ) ;
#1253 = CARTESIAN_POINT ( 'NONE',  ( -124.4091183789290653, -25.08710385035397650, 13.68199771453366154 ) ) ;
#1254 = FACE_BOUND ( 'NONE', #1132, .T. ) ;
#1255 = CARTESIAN_POINT ( 'NONE',  ( 55.48784895672883266, 10.52633632147881215, 17.08824168895601403 ) ) ;
#1256 = CARTESIAN_POINT ( 'NONE',  ( 48.71093365795224628, 7.216168460523271655, -37.84011824429443749 ) ) ;
#1257 = CARTESIAN_POINT ( 'NONE',  ( 49.50088177443617354, -22.96583854904842781, 5.398733851618345625 ) ) ;
#1258 = VECTOR ( 'NONE', #1570, 1000.000000000000000 ) ;
#1259 = VERTEX_POINT ( 'NONE', #2822 ) ;
#1260 = CARTESIAN_POINT ( 'NONE',  ( -150.2199999999999989, 25.39999999999999858, -1.734723475976807094E-14 ) ) ;
#1261 = CARTESIAN_POINT ( 'NONE',  ( 45.41259737239421668, 11.85635228910301997, -36.07185472208055188 ) ) ;
#1262 = EDGE_CURVE ( 'NONE', #22, #3143, #444, .T. ) ;
#1263 = ORIENTED_EDGE ( 'NONE', *, *, #2347, .T. ) ;
#1264 = CARTESIAN_POINT ( 'NONE',  ( -119.4161827744352138, -21.38015999101614995, -13.71404729758648422 ) ) ;
#1265 = CARTESIAN_POINT ( 'NONE',  ( 79.03173971433325562, 2.013676060108894295E-15, -8.707316756419594128 ) ) ;
#1266 = CALENDAR_DATE ( 2024, 25, 1 ) ;
#1267 = ORIENTED_EDGE ( 'NONE', *, *, #1400, .F. ) ;
#1268 = CARTESIAN_POINT ( 'NONE',  ( 50.53511745607836048, 12.26062682751953758, 16.74741120784825199 ) ) ;
#1269 = CARTESIAN_POINT ( 'NONE',  ( 54.34945978109202258, 13.85634355017325525, 15.37176732211002594 ) ) ;
#1270 = CARTESIAN_POINT ( 'NONE',  ( 51.56914006574721299, 24.97596922094982119, -1.090739026781070153 ) ) ;
#1271 = DIRECTION ( 'NONE',  ( 0.000000000000000000, 0.000000000000000000, 1.000000000000000000 ) ) ;
#1272 = FACE_OUTER_BOUND ( 'NONE', #17, .T. ) ;
#1273 = DIRECTION ( 'NONE',  ( -2.303832225350170931E-17, 1.000000000000000000, 1.256674848131612657E-16 ) ) ;
#1274 = CARTESIAN_POINT ( 'NONE',  ( -119.4150954682901045, 24.13362349855967537, 15.30114587559789641 ) ) ;
#1275 = DIRECTION ( 'NONE',  ( -0.9942111271364115765, 0.000000000000000000, 0.1074441002482030283 ) ) ;
#1276 = ORIENTED_EDGE ( 'NONE', *, *, #3132, .F. ) ;
#1277 = CARTESIAN_POINT ( 'NONE',  ( -124.4776083699330940, -21.81998327916900493, -13.00298383168366634 ) ) ;
#1278 = CARTESIAN_POINT ( 'NONE',  ( -123.1698733472503733, -23.49606919548673645, 16.26295405319743281 ) ) ;
#1279 = FACE_OUTER_BOUND ( 'NONE', #1023, .T. ) ;
#1280 = CARTESIAN_POINT ( 'NONE',  ( -124.4950000000000188, -0.1746807994108310336, 28.57499999999997797 ) ) ;
#1281 = CARTESIAN_POINT ( 'NONE',  ( 51.98903933685735979, 13.95572751042112536, 15.56140754688973260 ) ) ;
#1282 = CARTESIAN_POINT ( 'NONE',  ( 54.93324143157172301, 9.934584511850335531, 17.40997876409437239 ) ) ;
#1283 = CARTESIAN_POINT ( 'NONE',  ( 50.36236989763931859, 10.24500372938715564, -37.18471626034529010 ) ) ;
#1284 = ORIENTED_EDGE ( 'NONE', *, *, #2979, .F. ) ;
#1285 = CARTESIAN_POINT ( 'NONE',  ( 46.30147448702171431, -17.34130131200618408, -33.43379350003392148 ) ) ;
#1286 = EDGE_CURVE ( 'NONE', #1187, #1891, #3503, .T. ) ;
#1287 = CARTESIAN_POINT ( 'NONE',  ( -119.1451238674608106, 24.65745884427512280, -14.44200530489937506 ) ) ;
#1288 = CARTESIAN_POINT ( 'NONE',  ( 45.56731157748040317, 7.421201298275700076, -37.45357846433292792 ) ) ;
#1289 = ORIENTED_EDGE ( 'NONE', *, *, #355, .T. ) ;
#1290 = CARTESIAN_POINT ( 'NONE',  ( -119.4997895572847568, -21.29535486433542957, -13.84517522548602564 ) ) ;
#1291 = CARTESIAN_POINT ( 'NONE',  ( -121.4716015602638493, 20.54726992363524829, 14.93220960792929830 ) ) ;
#1292 = VERTEX_POINT ( 'NONE', #2235 ) ;
#1293 = CARTESIAN_POINT ( 'NONE',  ( -122.1710926592711814, -25.96822588323178493, -11.92405283634652768 ) ) ;
#1294 = CARTESIAN_POINT ( 'NONE',  ( 52.81886096171921707, 9.437177592452211883, 17.84461279298529135 ) ) ;
#1295 = CARTESIAN_POINT ( 'NONE',  ( 54.04652035616323502, -23.16352964365112044, 4.476044117784872434 ) ) ;
#1296 = CARTESIAN_POINT ( 'NONE',  ( 45.62572640035964611, -13.70809910466065062, -35.31239620115255917 ) ) ;
#1297 = CARTESIAN_POINT ( 'NONE',  ( -119.6910792918147024, 25.52129046754926023, -12.85362183562751248 ) ) ;
#1298 = DIRECTION ( 'NONE',  ( 0.8846487781125863537, 9.903825952063673524E-17, 0.4662580180371249661 ) ) ;
#1299 = EDGE_CURVE ( 'NONE', #2654, #824, #343, .T. ) ;
#1300 = CARTESIAN_POINT ( 'NONE',  ( 50.02072160169002046, -14.43300715489960595, -35.44412526287428022 ) ) ;
#1301 = CARTESIAN_POINT ( 'NONE',  ( -120.4743345428899346, 20.73496244343572315, 14.67103580058213552 ) ) ;
#1302 = EDGE_LOOP ( 'NONE', ( #3752, #592, #3115, #3027 ) ) ;
#1303 = CARTESIAN_POINT ( 'NONE',  ( -120.4719330048934580, -2.337145607084945009, 28.47958263722970784 ) ) ;
#1304 = ORIENTED_EDGE ( 'NONE', *, *, #1519, .T. ) ;
#1305 = CARTESIAN_POINT ( 'NONE',  ( -122.1717474574040381, 25.96821175634615031, 11.92408431729147367 ) ) ;
#1306 = CARTESIAN_POINT ( 'NONE',  ( -122.5151330931808076, 23.35039512990201160, -16.47090938438777741 ) ) ;
#1307 = CARTESIAN_POINT ( 'NONE',  ( 53.89524030898733287, 17.69777776926572344, 22.04816734303739878 ) ) ;
#1308 = EDGE_LOOP ( 'NONE', ( #3200, #36, #2058, #2745 ) ) ;
#1309 = CARTESIAN_POINT ( 'NONE',  ( 49.63875893945125028, -17.01114317979737223, -33.99676448069499912 ) ) ;
#1310 = CARTESIAN_POINT ( 'NONE',  ( -121.8199999999999932, -20.53721785532329491, 14.94599219734139872 ) ) ;
#1311 = CARTESIAN_POINT ( 'NONE',  ( -124.3587947433273939, -25.16619832718324901, -13.53585272004841045 ) ) ;
#1312 = VERTEX_POINT ( 'NONE', #1122 ) ;
#1313 = AXIS2_PLACEMENT_3D ( 'NONE', #205, #3576, #2392 ) ;
#1314 = VERTEX_POINT ( 'NONE', #826 ) ;
#1315 = CARTESIAN_POINT ( 'NONE',  ( 50.51832948289158765, 11.79821634066614777, 16.99937079476235624 ) ) ;
#1316 = DIRECTION ( 'NONE',  ( -1.000000000000000000, 1.374771665667168626E-32, -2.345013147653691741E-16 ) ) ;
#1317 = AXIS2_PLACEMENT_3D ( 'NONE', #2858, #3421, #456 ) ;
#1318 = CARTESIAN_POINT ( 'NONE',  ( -123.5869398962693282, 23.67719664790848100, -15.99801840667159425 ) ) ;
#1319 = EDGE_CURVE ( 'NONE', #660, #1292, #1115, .T. ) ;
#1320 = DIRECTION ( 'NONE',  ( 0.000000000000000000, 0.000000000000000000, -1.000000000000000000 ) ) ;
#1321 = CARTESIAN_POINT ( 'NONE',  ( -123.9473787323737071, -22.76754034619955647, 11.26145049776589779 ) ) ;
#1322 = CARTESIAN_POINT ( 'NONE',  ( 50.15498758716982053, -16.25300653695538600, -34.49740999573363354 ) ) ;
#1323 = CARTESIAN_POINT ( 'NONE',  ( -121.4707016375242148, -20.53721785532329847, 14.94599219734139695 ) ) ;
#1324 = DIRECTION ( 'NONE',  ( 0.9942111271364116876, 3.692695712591663901E-17, -0.1074441002482028340 ) ) ;
#1325 = ORIENTED_EDGE ( 'NONE', *, *, #1508, .T. ) ;
#1326 = CARTESIAN_POINT ( 'NONE',  ( 51.06623686317842470, 8.362874889499366304, -29.81119640280769190 ) ) ;
#1327 = DIRECTION ( 'NONE',  ( 0.000000000000000000, 0.000000000000000000, -1.000000000000000000 ) ) ;
#1328 = CARTESIAN_POINT ( 'NONE',  ( -121.9964981461569522, 25.97550418053377541, -11.90814039080294684 ) ) ;
#1329 = AXIS2_PLACEMENT_3D ( 'NONE', #2708, #2372, #2075 ) ;
#1330 = ORIENTED_EDGE ( 'NONE', *, *, #2649, .F. ) ;
#1331 = DIRECTION ( 'NONE',  ( -4.731699523581594210E-16, -0.8660254037844379305, 0.5000000000000011102 ) ) ;
#1332 = DIRECTION ( 'NONE',  ( 0.09507010545186074524, 0.4659079677327930269, 0.8797109983696184132 ) ) ;
#1333 = B_SPLINE_CURVE_WITH_KNOTS ( 'NONE', 3,
 ( #1048, #223, #747, #2852, #2823, #1086, #1097, #3140, #509, #2205, #3183, #2834, #2254, #519, #3171, #1381, #1963, #1338, #2562, #800, #3197, #1931, #498, #3790, #3492, #1678, #1974, #237, #3440, #2522, #1625, #2264 ),
 .UNSPECIFIED., .F., .F.,
 ( 4, 2, 2, 2, 2, 2, 2, 2, 2, 2, 2, 2, 2, 2, 2, 4 ),
 ( 0.01393613106818293937, 0.01452262958317664457, 0.01510912809817034977, 0.01569562661316405497, 0.01628212512815776017, 0.01686862364315146190, 0.01745512215814516710, 0.01862811918813258444, 0.01921461770312629658, 0.01980111621812000525, 0.02038761473311371739, 0.02097411324810742606, 0.02156061176310113819, 0.02214711027809484686, 0.02273360879308855553, 0.02332010730808226767 ),
 .UNSPECIFIED. ) ;
#1334 = FACE_OUTER_BOUND ( 'NONE', #2118, .T. ) ;
#1335 = CARTESIAN_POINT ( 'NONE',  ( -0.1710626390779116102, 14.87897551572314470, 25.40000000000016911 ) ) ;
#1336 = CARTESIAN_POINT ( 'NONE',  ( -121.1150683246987398, -20.57941690575074389, 14.88844712221300348 ) ) ;
#1337 = FACE_BOUND ( 'NONE', #374, .T. ) ;
#1338 = CARTESIAN_POINT ( 'NONE',  ( 54.47662943653806167, 24.39788416201312415, 1.054399135894402928 ) ) ;
#1339 = CARTESIAN_POINT ( 'NONE',  ( -150.2199999999999989, 2.717797409007765408E-15, -1.734723475976807094E-14 ) ) ;
#1340 = CARTESIAN_POINT ( 'NONE',  ( -123.9473588845889935, 25.52217341962373709, 12.85186087595354287 ) ) ;
#1341 = CARTESIAN_POINT ( 'NONE',  ( -121.9944567391638799, 23.21221785532327786, 10.31275628709465941 ) ) ;
#1342 = CARTESIAN_POINT ( 'NONE',  ( -119.4970927308870330, 24.05084071277361701, 15.43077838628452980 ) ) ;
#1343 = FACE_OUTER_BOUND ( 'NONE', #602, .T. ) ;
#1344 = ORIENTED_EDGE ( 'NONE', *, *, #3474, .F. ) ;
#1345 = EDGE_CURVE ( 'NONE', #2513, #715, #3548, .T. ) ;
#1346 = CARTESIAN_POINT ( 'NONE',  ( -122.1716151737246321, 20.54755267831507837, -14.93182050468650246 ) ) ;
#1347 = CARTESIAN_POINT ( 'NONE',  ( 49.98393559042447976, -13.74221816547334285, -27.05414623737098623 ) ) ;
#1348 = VERTEX_POINT ( 'NONE', #3643 ) ;
#1349 = CARTESIAN_POINT ( 'NONE',  ( 34.11099732231943449, -32.72951087730948672, -8.248491427549236477 ) ) ;
#1350 = CARTESIAN_POINT ( 'NONE',  ( 48.31728246004261251, 21.19739284016322856, -19.46353700411091481 ) ) ;
#1351 = EDGE_LOOP ( 'NONE', ( #2632, #2588, #320, #3720, #1720 ) ) ;
#1352 = CARTESIAN_POINT ( 'NONE',  ( -123.0095333504949622, 20.69734431174179079, 14.72360359819322007 ) ) ;
#1353 = LINE ( 'NONE', #160, #2601 ) ;
#1354 = VECTOR ( 'NONE', #563, 1000.000000000000000 ) ;
#1355 = ORIENTED_EDGE ( 'NONE', *, *, #1176, .T. ) ;
#1356 = CARTESIAN_POINT ( 'NONE',  ( 54.35323158116802489, -21.70756544838867796, 7.225870151806167208 ) ) ;
#1357 = CARTESIAN_POINT ( 'NONE',  ( -121.8199999999999932, -20.53721785532336241, -14.94599219734133833 ) ) ;
#1358 = CARTESIAN_POINT ( 'NONE',  ( 51.17086418265878933, -9.684549619200881310, 26.05588029883655565 ) ) ;
#1359 = CARTESIAN_POINT ( 'NONE',  ( 53.16770330482909657, 14.13235322864181498, 15.31605842996842881 ) ) ;
#1360 = CYLINDRICAL_SURFACE ( 'NONE', #3633, 2.675000000000003375 ) ;
#1361 = CARTESIAN_POINT ( 'NONE',  ( -119.6933752201677095, 25.52262373929440642, 12.85096971774426677 ) ) ;
#1362 = B_SPLINE_CURVE_WITH_KNOTS ( 'NONE', 3,
 ( #2125, #2446, #1232, #2756, #985, #3324, #3336, #1524, #1282, #396, #3379, #1255, #385, #2696, #62, #3680, #2085, #372, #49, #2433, #2386, #1242, #2404, #931, #2742, #651, #1269, #2709, #679, #3023, #3037, #3641 ),
 .UNSPECIFIED., .F., .F.,
 ( 4, 2, 2, 2, 2, 2, 2, 2, 2, 2, 2, 2, 2, 2, 2, 4 ),
 ( 0.01256155796758657260, 0.01308450866566277654, 0.01360745936373898221, 0.01413041006181518615, 0.01465336075989139009, 0.01517631145796759576, 0.01569926215604379796, 0.01674516355219620237, 0.01726811425027240457, 0.01779106494834860330, 0.01831401564642480551, 0.01883696634450100424, 0.01935991704257720297, 0.01988286774065340171, 0.02040581843872960044, 0.02092876913680580264 ),
 .UNSPECIFIED. ) ;
#1363 = ORIENTED_EDGE ( 'NONE', *, *, #2023, .F. ) ;
#1364 = CARTESIAN_POINT ( 'NONE',  ( 29.57934423538848634, -29.66148461538753622, -18.25760240585825755 ) ) ;
#1365 = ORIENTED_EDGE ( 'NONE', *, *, #2530, .T. ) ;
#1366 = CARTESIAN_POINT ( 'NONE',  ( 51.01454897665599475, -11.64691977065620598, -28.38596037959865725 ) ) ;
#1367 = AXIS2_PLACEMENT_3D ( 'NONE', #542, #1404, #2907 ) ;
#1368 = FACE_OUTER_BOUND ( 'NONE', #3522, .T. ) ;
#1369 = CARTESIAN_POINT ( 'NONE',  ( 53.64204806703003214, 30.68438213954894422, 6.305824045513071852 ) ) ;
#1370 = CARTESIAN_POINT ( 'NONE',  ( 48.17794931312094775, 4.607612939722764089, -30.49698552097483528 ) ) ;
#1371 = CARTESIAN_POINT ( 'NONE',  ( 47.86968071879682896, 23.32218520476207502, -15.46043973036485752 ) ) ;
#1372 = AXIS2_PLACEMENT_3D ( 'NONE', #3215, #1107, #3478 ) ;
#1373 = CARTESIAN_POINT ( 'NONE',  ( 47.46249005254276199, -17.69029698116378313, -33.33940435541640568 ) ) ;
#1374 = CARTESIAN_POINT ( 'NONE',  ( -119.1621012102082489, -24.57056662308423611, 14.58929778538828437 ) ) ;
#1375 = VERTEX_POINT ( 'NONE', #1985 ) ;
#1376 = EDGE_CURVE ( 'NONE', #1292, #1079, #3082, .T. ) ;
#1377 = CARTESIAN_POINT ( 'NONE',  ( 49.74741509754205993, -14.02047219166595404, -35.61261264247789882 ) ) ;
#1378 = ORIENTED_EDGE ( 'NONE', *, *, #3727, .T. ) ;
#1379 = DIRECTION ( 'NONE',  ( -0.9942111271364116876, -3.640718617119061164E-17, 0.1074441002482028062 ) ) ;
#1380 = CARTESIAN_POINT ( 'NONE',  ( -121.9947654076141959, -20.53721785532328781, 14.94599219734139339 ) ) ;
#1381 = CARTESIAN_POINT ( 'NONE',  ( 54.57315320835066075, 24.22780203856311942, 1.610031085700718956 ) ) ;
#1382 = CARTESIAN_POINT ( 'NONE',  ( 49.99128981505478464, 9.822884619133674278, -29.12927009304336323 ) ) ;
#1383 = CARTESIAN_POINT ( 'NONE',  ( -120.1869650931249254, 2.125951317406900021, 28.49597421851656875 ) ) ;
#1384 = CARTESIAN_POINT ( 'NONE',  ( -123.9598895409219921, 21.13078992029422665, 14.09648508532950117 ) ) ;
#1385 = CARTESIAN_POINT ( 'NONE',  ( 54.12777277444639878, -4.677600150260609269, 19.09500988480909101 ) ) ;
#1386 = CARTESIAN_POINT ( 'NONE',  ( 50.84674399774038278, 30.62065071008259309, 6.767963991801441814 ) ) ;
#1387 = PERSON_AND_ORGANIZATION_ROLE ( 'creator' ) ;
#1388 = DIRECTION ( 'NONE',  ( -4.731699523581602099E-16, -0.8660254037844393737, -0.4999999999999989453 ) ) ;
#1389 = DIRECTION ( 'NONE',  ( -0.9942111271364116876, -2.177737708390817609E-17, 0.1074441002482029728 ) ) ;
#1390 = DIRECTION ( 'NONE',  ( -1.000000000000000000, 0.000000000000000000, 0.000000000000000000 ) ) ;
#1391 = ORIENTED_EDGE ( 'NONE', *, *, #3535, .T. ) ;
#1392 = CARTESIAN_POINT ( 'NONE',  ( 51.78524281449539046, 14.02039509494010616, 24.30728681068388042 ) ) ;
#1393 = CARTESIAN_POINT ( 'NONE',  ( -123.9467528978802306, 1.631837308574029644, 28.52873563946583602 ) ) ;
#1394 = CARTESIAN_POINT ( 'NONE',  ( 45.91843661205051319, 5.539572841119201563, -30.06204651501055380 ) ) ;
#1395 = EDGE_CURVE ( 'NONE', #401, #2123, #3848, .T. ) ;
#1396 = EDGE_LOOP ( 'NONE', ( #33, #1478, #478, #2468 ) ) ;
#1397 = CARTESIAN_POINT ( 'NONE',  ( -119.4154788861358014, -25.31838769806845946, 13.24900854448816112 ) ) ;
#1398 = CARTESIAN_POINT ( 'NONE',  ( 48.97075212070863870, 31.88679924285372991, 3.169330010424522559 ) ) ;
#1399 = VECTOR ( 'NONE', #1121, 1000.000000000000114 ) ;
#1400 = EDGE_CURVE ( 'NONE', #3491, #290, #1068, .T. ) ;
#1401 = LINE ( 'NONE', #1964, #457 ) ;
#1402 = DIRECTION ( 'NONE',  ( -0.9942111271364116876, -1.115540246633152702E-17, 0.1074441002482028618 ) ) ;
#1403 = CARTESIAN_POINT ( 'NONE',  ( 49.71967013691926951, -32.29292554669499538, -12.47080143520441098 ) ) ;
#1404 = DIRECTION ( 'NONE',  ( -0.9942111271364116876, -1.115540246633152702E-17, 0.1074441002482028618 ) ) ;
#1405 = EDGE_LOOP ( 'NONE', ( #3512, #764, #690, #506 ) ) ;
#1406 = PERSON_AND_ORGANIZATION ( #2996, #2902 ) ;
#1407 = AXIS2_PLACEMENT_3D ( 'NONE', #488, #3716, #2816 ) ;
#1408 = CARTESIAN_POINT ( 'NONE',  ( 47.17886370929893047, 21.70807306456784147, -18.53032771257042910 ) ) ;
#1409 = CARTESIAN_POINT ( 'NONE',  ( -129.3900000000000148, -28.57499999999999574, -1.384780653120450967E-14 ) ) ;
#1410 = CARTESIAN_POINT ( 'NONE',  ( 53.35468542656918345, -4.607612939722758760, 19.19162354824846517 ) ) ;
#1411 = FACE_BOUND ( 'NONE', #2156, .T. ) ;
#1412 = CARTESIAN_POINT ( 'NONE',  ( 49.55417091169123012, 32.12041280900238860, 2.178948137430852139 ) ) ;
#1413 = CARTESIAN_POINT ( 'NONE',  ( 53.36984207271903102, -6.995190110775097558, 26.52442482424907411 ) ) ;
#1414 = APPLICATION_PROTOCOL_DEFINITION ( 'international standard', 'config_control_design', 1994, #2596 ) ;
#1415 = B_SPLINE_CURVE_WITH_KNOTS ( 'NONE', 3,
 ( #3033, #2719, #940, #1821, #1547, #70, #3087, #3332, #2105, #953, #3647, #3661, #3046, #1277, #2735, #3389, #1833, #1859, #2751, #3065, #2147, #1252, #1536, #85, #2119, #965, #3709, #2167, #173, #1585 ),
 .UNSPECIFIED., .F., .F.,
 ( 4, 2, 2, 2, 2, 2, 2, 2, 2, 2, 2, 2, 2, 2, 4 ),
 ( 0.007511066193916920986, 0.008557401035457080918, 0.009080568456227159149, 0.009603735876997239115, 0.01012690329776731735, 0.01065007071853739731, 0.01117323813930747554, 0.01169640556007755378, 0.01221957298084763374, 0.01274274040161771197, 0.01326590782238779020, 0.01378907524315787017, 0.01483541008469806133, 0.01535857750546813609, 0.01588174492623821085 ),
 .UNSPECIFIED. ) ;
#1416 = DIRECTION ( 'NONE',  ( -0.1074441002482028618, 0.000000000000000000, -0.9942111271364116876 ) ) ;
#1417 = CARTESIAN_POINT ( 'NONE',  ( -123.9470070127711665, -21.13618241792532260, 14.08698124654587680 ) ) ;
#1418 = CARTESIAN_POINT ( 'NONE',  ( 51.25942081792856442, 15.81028154746891978, 23.45220907790022835 ) ) ;
#1419 = DIRECTION ( 'NONE',  ( -0.9942111271364115765, 1.101074672228211641E-16, 0.1074441002482030005 ) ) ;
#1420 = AXIS2_PLACEMENT_3D ( 'NONE', #1471, #2357, #8 ) ;
#1421 = CARTESIAN_POINT ( 'NONE',  ( 47.50433966795276319, -13.98163570903673403, -26.62928143131107461 ) ) ;
#1422 = EDGE_CURVE ( 'NONE', #734, #2318, #3822, .T. ) ;
#1423 = DIRECTION ( 'NONE',  ( -0.9942111271364117986, 1.101074672228211888E-16, 0.1074441002482030283 ) ) ;
#1424 = CARTESIAN_POINT ( 'NONE',  ( -119.1449999999999960, 2.062316516152651792E-15, -25.40000000000001634 ) ) ;
#1425 = PERSON_AND_ORGANIZATION_ROLE ( 'design_owner' ) ;
#1426 = CARTESIAN_POINT ( 'NONE',  ( 53.89524030898733287, 12.96990942513725820, 24.55211640813205065 ) ) ;
#1427 = CARTESIAN_POINT ( 'NONE',  ( 47.70175611523488612, -23.51594009894175485, -14.97823415316281626 ) ) ;
#1428 = CARTESIAN_POINT ( 'NONE',  ( -123.4524144096555887, -2.126371511461428998, 25.31102675016024506 ) ) ;
#1429 = EDGE_LOOP ( 'NONE', ( #3517, #334 ) ) ;
#1430 = TOROIDAL_SURFACE ( 'NONE', #2759, 28.87500000000001776, 0.3000000000000100919 ) ;
#1431 = CARTESIAN_POINT ( 'NONE',  ( 51.24268889921923176, 15.34950527925886021, 23.70206127235844207 ) ) ;
#1432 = CARTESIAN_POINT ( 'NONE',  ( 52.09700760068200509, 22.90190475854741337, -16.84945569069392945 ) ) ;
#1433 = CARTESIAN_POINT ( 'NONE',  ( -129.3899999999999864, 2.624571171422672535E-15, -1.734723475976807094E-14 ) ) ;
#1434 = CARTESIAN_POINT ( 'NONE',  ( -113.9500000000000028, 2.717797409007768958E-15, -1.387778780781445676E-14 ) ) ;
#1435 = CARTESIAN_POINT ( 'NONE',  ( 76.74505412191950882, 2.013676060108894295E-15, -8.460195325848726355 ) ) ;
#1436 = B_SPLINE_CURVE_WITH_KNOTS ( 'NONE', 3,
 ( #258, #2016, #1448, #562, #843, #3340, #3235, #1295, #674, #2467, #2261, #487, #3408, #2538, #476, #2230, #1356, #143, #2179, #2499, #157, #776, #2514, #3460, #1936, #3148 ),
 .UNSPECIFIED., .F., .F.,
 ( 4, 2, 2, 2, 2, 2, 2, 2, 2, 2, 2, 2, 4 ),
 ( 0.01294906123419140194, 0.01399483423150905959, 0.01451772073016788060, 0.01504060722882670162, 0.01556349372748552090, 0.01608638022614434365, 0.01713215322346198916, 0.01817792622077963466, 0.01870081271943846088, 0.01922369921809728710, 0.01974658571675611332, 0.02026947221541493954, 0.02131524521273260586 ),
 .UNSPECIFIED. ) ;
#1437 = CARTESIAN_POINT ( 'NONE',  ( 48.63324834569161226, -24.89212567600121062, -10.50637753807607488 ) ) ;
#1438 = CARTESIAN_POINT ( 'NONE',  ( 57.06058510068793765, -10.44174674726099106, 25.17723249153522502 ) ) ;
#1439 = AXIS2_PLACEMENT_3D ( 'NONE', #3682, #2746, #2778 ) ;
#1440 = ORIENTED_EDGE ( 'NONE', *, *, #1286, .F. ) ;
#1441 = CC_DESIGN_APPROVAL ( #1050, ( #845 ) ) ;
#1442 = DIRECTION ( 'NONE',  ( 1.000000000000000000, 0.000000000000000000, -0.000000000000000000 ) ) ;
#1443 = CARTESIAN_POINT ( 'NONE',  ( 49.50182385620659176, 23.59155906315674045, -14.98350273281459799 ) ) ;
#1444 = ORIENTED_EDGE ( 'NONE', *, *, #228, .F. ) ;
#1445 = DIRECTION ( 'NONE',  ( 0.1074441002482030422, 0.000000000000000000, 0.9942111271364116876 ) ) ;
#1446 = VERTEX_POINT ( 'NONE', #454 ) ;
#1447 = ORIENTED_EDGE ( 'NONE', *, *, #2480, .F. ) ;
#1448 = CARTESIAN_POINT ( 'NONE',  ( 52.73153664580430444, -23.54086296651182408, 3.730648000370757611 ) ) ;
#1449 = CARTESIAN_POINT ( 'NONE',  ( 56.52248820768399895, -11.44215473676176309, 24.88019180938194452 ) ) ;
#1450 = CYLINDRICAL_SURFACE ( 'NONE', #2604, 2.675000000000000266 ) ;
#1451 = EDGE_LOOP ( 'NONE', ( #1236, #2237, #3448, #3799 ) ) ;
#1452 = EDGE_CURVE ( 'NONE', #2412, #831, #2517, .T. ) ;
#1453 = CARTESIAN_POINT ( 'NONE',  ( -124.4094292350987132, 0.6939100357338991998, -25.39110776732603014 ) ) ;
#1454 = CARTESIAN_POINT ( 'NONE',  ( 51.81503052627770955, 23.15806563406908225, -16.26144613917798054 ) ) ;
#1455 = VERTEX_POINT ( 'NONE', #763 ) ;
#1456 = CARTESIAN_POINT ( 'NONE',  ( 47.67379017656845974, -14.03178410600046533, -26.61415867142610736 ) ) ;
#1457 = CARTESIAN_POINT ( 'NONE',  ( 53.75529205738946104, -30.17041182625500539, 7.521782678653036847 ) ) ;
#1458 = CARTESIAN_POINT ( 'NONE',  ( -120.9572511300412430, -23.37988265347560457, 16.42912792349164874 ) ) ;
#1459 = B_SPLINE_CURVE_WITH_KNOTS ( 'NONE', 3,
 ( #2611, #844, #3043, #390, #2732, #1506, #1804, #962, #1516, #2425, #2366, #669, #1481, #615, #362, #3630, #3587, #1819, #30, #2066, #333, #910, #2998, #1209, #1854, #2232, #2528, #3656, #94, #466, #1558, #2844 ),
 .UNSPECIFIED., .F., .F.,
 ( 4, 2, 2, 2, 2, 2, 2, 2, 2, 2, 2, 2, 2, 2, 2, 4 ),
 ( 0.0009272918728101262661, 0.001450323942913982894, 0.001973356013017839306, 0.002496388083121696150, 0.003019420153225552995, 0.004065484293433263216, 0.004588516363537117025, 0.005111548433640972569, 0.005634580503744828113, 0.006157612573848681922, 0.006680644643952537466, 0.007203676714056395612, 0.007726708784160254626, 0.008249740854264112772, 0.008772772924367970918, 0.009295804994471829064 ),
 .UNSPECIFIED. ) ;
#1460 = CARTESIAN_POINT ( 'NONE',  ( 46.97870846055540284, -24.28562664374818780, -12.73025777732045327 ) ) ;
#1461 = CARTESIAN_POINT ( 'NONE',  ( -123.5897053406434765, -2.013486749277531906, 25.32037040336823353 ) ) ;
#1462 = VERTEX_POINT ( 'NONE', #2867 ) ;
#1463 = CARTESIAN_POINT ( 'NONE',  ( -123.0047072170254125, 2.404756634440603502, -28.47371243983099021 ) ) ;
#1464 = CARTESIAN_POINT ( 'NONE',  ( -119.2305313076844726, 0.6937365351182858131, -25.39111182462202621 ) ) ;
#1465 = CARTESIAN_POINT ( 'NONE',  ( 46.73612948352139540, -9.837413719793214995, -28.77129173597960232 ) ) ;
#1466 = EDGE_LOOP ( 'NONE', ( #3281, #1601, #3480, #2789 ) ) ;
#1467 = CARTESIAN_POINT ( 'NONE',  ( -122.6832652980585436, -2.537863411532981228, -28.46215658542732996 ) ) ;
#1468 = CARTESIAN_POINT ( 'NONE',  ( 49.54676505305836542, 21.55654359886491633, -16.93754893791563276 ) ) ;
#1469 = CARTESIAN_POINT ( 'NONE',  ( -122.5231337544339283, -2.604567713873138679, 25.26646871402880379 ) ) ;
#1470 = CARTESIAN_POINT ( 'NONE',  ( -3.079127503415652001, 5.294135797048153139E-15, -28.57500000000004192 ) ) ;
#1471 = CARTESIAN_POINT ( 'NONE',  ( 17.43041827696121260, 2.089600640159459710E-15, -2.050080305040946627 ) ) ;
#1472 = ORIENTED_EDGE ( 'NONE', *, *, #151, .T. ) ;
#1473 = DESIGN_CONTEXT ( 'detailed design', #2596, 'design' ) ;
#1474 = CARTESIAN_POINT ( 'NONE',  ( 35.65224596146573788, -29.45851174789171267, -19.02314960424400425 ) ) ;
#1475 = CARTESIAN_POINT ( 'NONE',  ( 48.57636709784681983, 24.29337046787853183, 2.045429342366959613 ) ) ;
#1476 = DIRECTION ( 'NONE',  ( 0.1074441002482029034, 0.000000000000000000, 0.9942111271364116876 ) ) ;
#1477 = B_SPLINE_CURVE_WITH_KNOTS ( 'NONE', 3,
 ( #1735, #1760, #871, #2972, #2986, #586, #2353, #3839, #1729, #607, #1146, #3852, #285, #3274, #1438, #2631, #2029, #1449, #310, #2943, #2958, #3262, #3239, #2018, #893, #860 ),
 .UNSPECIFIED., .F., .F.,
 ( 4, 2, 2, 2, 2, 2, 2, 2, 2, 2, 2, 2, 4 ),
 ( 0.01301186619285741621, 0.01418449896005570879, 0.01477081534365485595, 0.01535713172725400311, 0.01594344811085314853, 0.01652976449445229395, 0.01770239726165059868, 0.01887503002884890341, 0.01946134641244805577, 0.02004766279604720466, 0.02063397917964635356, 0.02122029556324550592, 0.02239292833044380371 ),
 .UNSPECIFIED. ) ;
#1478 = ORIENTED_EDGE ( 'NONE', *, *, #3064, .F. ) ;
#1479 = ADVANCED_FACE ( 'NONE', ( #2339 ), #441, .F. ) ;
#1480 = CARTESIAN_POINT ( 'NONE',  ( -124.3585118497089468, -0.8615625921615021054, -25.38590090780735764 ) ) ;
#1481 = CARTESIAN_POINT ( 'NONE',  ( -119.2306745771937102, -25.08692215161367400, -13.68234955736026848 ) ) ;
#1482 = CARTESIAN_POINT ( 'NONE',  ( -121.9945912135126207, 2.675136314603214327, -28.44950387471212139 ) ) ;
#1483 = CARTESIAN_POINT ( 'NONE',  ( -123.8336094005318841, -23.81461461701735871, -15.79272059211166557 ) ) ;
#1484 = CARTESIAN_POINT ( 'NONE',  ( -123.1600351731675147, -25.82589789815499159, 12.22960327333581176 ) ) ;
#1485 = EDGE_LOOP ( 'NONE', ( #1599, #1148, #257, #2359, #988 ) ) ;
#1486 = EDGE_CURVE ( 'NONE', #850, #2050, #2260, .T. ) ;
#1487 = LINE ( 'NONE', #3306, #992 ) ;
#1488 = ORIENTED_EDGE ( 'NONE', *, *, #1198, .F. ) ;
#1489 = CARTESIAN_POINT ( 'NONE',  ( 47.63739443070281254, -12.96990942513729017, -35.85747838085841011 ) ) ;
#1490 = CARTESIAN_POINT ( 'NONE',  ( 53.35468542656933266, -10.33538807269393267, 17.40484095762813510 ) ) ;
#1491 = CARTESIAN_POINT ( 'NONE',  ( 29.56767386339087622, -29.45851174789171978, -18.36559171072499197 ) ) ;
#1492 = VERTEX_POINT ( 'NONE', #3485 ) ;
#1493 = CARTESIAN_POINT ( 'NONE',  ( -123.1625197002793612, -2.320255588209286568, -25.29398859079990913 ) ) ;
#1494 = CARTESIAN_POINT ( 'NONE',  ( -119.4163478188922056, 22.56692105262606063, -11.65848606557103651 ) ) ;
#1495 = CARTESIAN_POINT ( 'NONE',  ( 32.77315824458189297, 29.45851174789178017, 11.29567616978273570 ) ) ;
#1496 = CARTESIAN_POINT ( 'NONE',  ( -123.5866661703284706, -23.67714485514837719, -15.99808440301165824 ) ) ;
#1497 = CARTESIAN_POINT ( 'NONE',  ( -123.9466247863603883, -25.52262373443441845, 12.85096972720700137 ) ) ;
#1498 = CARTESIAN_POINT ( 'NONE',  ( 47.39174492656407978, 6.877045394230991704, -37.77196057788938077 ) ) ;
#1499 = ADVANCED_FACE ( 'NONE', ( #2533, #2245, #1251, #2980, #340, #1111 ), #653, .T. ) ;
#1500 = EDGE_LOOP ( 'NONE', ( #2399, #3747, #2616, #1955 ) ) ;
#1501 = CARTESIAN_POINT ( 'NONE',  ( -122.1709768918627930, 2.657648230695059510, 25.26060349351182666 ) ) ;
#1502 = CARTESIAN_POINT ( 'NONE',  ( 50.60310422287111720, 23.31010484563580931, 4.513691082464130311 ) ) ;
#1503 = CARTESIAN_POINT ( 'NONE',  ( 50.69127233497814444, -23.50685327580205097, 4.034074975486192649 ) ) ;
#1504 = AXIS2_PLACEMENT_3D ( 'NONE', #599, #3018, #885 ) ;
#1505 = CARTESIAN_POINT ( 'NONE',  ( -119.4992824960569777, -1.341722039506113351, -25.36495245525489040 ) ) ;
#1506 = CARTESIAN_POINT ( 'NONE',  ( -120.6337265835204562, -25.86099854550876742, -12.15499532031230423 ) ) ;
#1507 = CARTESIAN_POINT ( 'NONE',  ( -95.40500000000001535, 7.703719777548943412E-31, -1.040834085586084257E-14 ) ) ;
#1508 = EDGE_CURVE ( 'NONE', #3092, #3555, #2581, .T. ) ;
#1509 = CARTESIAN_POINT ( 'NONE',  ( -2.908064864336950883, 4.934142635465851221E-15, -25.40000000000003766 ) ) ;
#1510 = AXIS2_PLACEMENT_3D ( 'NONE', #2437, #1926, #187 ) ;
#1511 = CARTESIAN_POINT ( 'NONE',  ( -0.7379143600517426016, -25.40000000000007674, 14.87897551572321930 ) ) ;
#1512 = DIRECTION ( 'NONE',  ( -1.000000000000000000, 0.000000000000000000, 0.000000000000000000 ) ) ;
#1513 = CARTESIAN_POINT ( 'NONE',  ( 50.79398278769123465, 23.27898958444187727, 4.564794092388706481 ) ) ;
#1514 = CARTESIAN_POINT ( 'NONE',  ( 52.57485214900947312, -4.709650779950338872, 19.25729106255337442 ) ) ;
#1515 = ADVANCED_FACE ( 'NONE', ( #1337, #2629, #3406, #2017 ), #3770, .T. ) ;
#1516 = CARTESIAN_POINT ( 'NONE',  ( -120.0515680633265134, -25.69263364222721790, -12.50737635946062376 ) ) ;
#1517 = DIRECTION ( 'NONE',  ( 0.000000000000000000, 0.000000000000000000, 1.000000000000000000 ) ) ;
#1518 = VERTEX_POINT ( 'NONE', #2036 ) ;
#1519 = EDGE_CURVE ( 'NONE', #1624, #928, #3029, .T. ) ;
#1520 = CARTESIAN_POINT ( 'NONE',  ( -119.2300799740071966, -22.33536647220005733, -12.09632662018368876 ) ) ;
#1521 = EDGE_LOOP ( 'NONE', ( #1152, #100, #3702, #311, #1120 ) ) ;
#1522 = CARTESIAN_POINT ( 'NONE',  ( 49.81006551878876110, 27.96220008701892112, -23.21400991894833510 ) ) ;
#1523 = CARTESIAN_POINT ( 'NONE',  ( -123.9467151739910094, 1.631884896282784547, 25.34793852953659510 ) ) ;
#1524 = CARTESIAN_POINT ( 'NONE',  ( 54.79548432971523653, 9.836692361163589027, 17.46634568402342680 ) ) ;
#1525 = CARTESIAN_POINT ( 'NONE',  ( -119.4157801750922090, -1.185793581030027743, -28.55084590633218866 ) ) ;
#1526 = CARTESIAN_POINT ( 'NONE',  ( 53.15942609881548719, -10.34116351551620205, 17.42335492679616848 ) ) ;
#1527 = ORIENTED_EDGE ( 'NONE', *, *, #1989, .F. ) ;
#1528 = CARTESIAN_POINT ( 'NONE',  ( -119.1448774355151130, 24.83402593763606347, -14.13622826685684686 ) ) ;
#1529 = CARTESIAN_POINT ( 'NONE',  ( -119.6929962424143667, 22.76777691842477935, -11.26097611076786720 ) ) ;
#1530 = CIRCLE ( 'NONE', #2439, 25.40000000000000213 ) ;
#1531 = EDGE_CURVE ( 'NONE', #2503, #1127, #3542, .T. ) ;
#1532 = COORDINATED_UNIVERSAL_TIME_OFFSET ( 3, 0, .AHEAD. ) ;
#1533 = CARTESIAN_POINT ( 'NONE',  ( 46.61598234058671153, 12.49235871999746195, -35.94784882372177037 ) ) ;
#1534 = ORIENTED_EDGE ( 'NONE', *, *, #2379, .F. ) ;
#1535 = FACE_OUTER_BOUND ( 'NONE', #3739, .T. ) ;
#1536 = CARTESIAN_POINT ( 'NONE',  ( -123.8341106487642520, -22.82839435339058554, -11.13731025240514683 ) ) ;
#1537 = CARTESIAN_POINT ( 'NONE',  ( -121.1184258254131834, 23.18377601798044552, 10.37740315260500168 ) ) ;
#1538 = CIRCLE ( 'NONE', #3343, 28.57499999999999218 ) ;
#1539 = CARTESIAN_POINT ( 'NONE',  ( 51.12617536461589651, 28.45290215786367582, -22.54535350649618763 ) ) ;
#1540 = ORIENTED_EDGE ( 'NONE', *, *, #2051, .T. ) ;
#1541 = CARTESIAN_POINT ( 'NONE',  ( -120.4788564255697452, 2.321161823541965763, 25.29390856582195113 ) ) ;
#1542 = DIRECTION ( 'NONE',  ( 0.000000000000000000, 0.000000000000000000, -1.000000000000000000 ) ) ;
#1543 = CARTESIAN_POINT ( 'NONE',  ( 50.53885758028177122, -8.527214095740983879, 18.43774046776366049 ) ) ;
#1544 = CARTESIAN_POINT ( 'NONE',  ( -124.4949999999999903, 1.734723475976807094E-15, -24.83905785565821134 ) ) ;
#1545 = CARTESIAN_POINT ( 'NONE',  ( -129.3899999999999864, 2.624571171422672535E-15, -1.734723475976807094E-14 ) ) ;
#1546 = CARTESIAN_POINT ( 'NONE',  ( 45.89234652499789036, 7.219006900052080233, -37.53494018231095453 ) ) ;
#1547 = CARTESIAN_POINT ( 'NONE',  ( -123.1607872710244891, -20.74446557886372489, -14.65731048331538489 ) ) ;
#1548 = CARTESIAN_POINT ( 'NONE',  ( -124.4773537767238025, -24.92163130927394121, 13.98113493045419453 ) ) ;
#1549 = ORIENTED_EDGE ( 'NONE', *, *, #593, .T. ) ;
#1550 = CARTESIAN_POINT ( 'NONE',  ( 50.86671261484718087, 13.10338100625669178, 16.22278568104770713 ) ) ;
#1551 = CARTESIAN_POINT ( 'NONE',  ( 49.35768810956021468, 11.97566367119751263, -36.45171812484756657 ) ) ;
#1552 = CARTESIAN_POINT ( 'NONE',  ( 49.36593788874370148, -22.67135698587328818, 6.019605834293139779 ) ) ;
#1553 = AXIS2_PLACEMENT_3D ( 'NONE', #3496, #3472, #523 ) ;
#1554 = EDGE_LOOP ( 'NONE', ( #2112, #451, #3392, #3104, #2418 ) ) ;
#1555 = ADVANCED_FACE ( 'NONE', ( #1334 ), #2321, .F. ) ;
#1556 = AXIS2_PLACEMENT_3D ( 'NONE', #479, #2489, #1904 ) ;
#1557 = CARTESIAN_POINT ( 'NONE',  ( -121.4689073890340438, 25.96822588603945192, -11.92405283022671192 ) ) ;
#1558 = CARTESIAN_POINT ( 'NONE',  ( -121.6454819898101647, -23.30050418053384576, -16.54137630104961687 ) ) ;
#1559 = CARTESIAN_POINT ( 'NONE',  ( -121.8199999999999932, 23.30050418053377825, -16.54137630104969503 ) ) ;
#1560 = LINE ( 'NONE', #2124, #1156 ) ;
#1561 = EDGE_CURVE ( 'NONE', #1898, #635, #2436, .T. ) ;
#1562 = CARTESIAN_POINT ( 'NONE',  ( -119.1450592132664781, -21.90925280755539717, -12.85204850935807563 ) ) ;
#1563 = CARTESIAN_POINT ( 'NONE',  ( -122.5129479955938905, -23.35008702902866773, 16.47134564280784730 ) ) ;
#1564 = CARTESIAN_POINT ( 'NONE',  ( 49.97892437160521695, 27.99810758706520986, -23.17474308251650328 ) ) ;
#1565 = CARTESIAN_POINT ( 'NONE',  ( -124.4949999999999903, -1.734723479595114851E-15, 28.57499999999998153 ) ) ;
#1566 = CARTESIAN_POINT ( 'NONE',  ( 52.87880538680440878, -24.11587123990635462, -13.91048063754116626 ) ) ;
#1567 = CARTESIAN_POINT ( 'NONE',  ( 47.58716129390778349, 12.61065269972708691, -36.00387381123120178 ) ) ;
#1568 = CARTESIAN_POINT ( 'NONE',  ( 45.04977215445777006, -15.87988872686098674, -34.15479785522837375 ) ) ;
#1569 = ORIENTED_EDGE ( 'NONE', *, *, #1002, .T. ) ;
#1570 = DIRECTION ( 'NONE',  ( 0.000000000000000000, 0.000000000000000000, -1.000000000000000000 ) ) ;
#1571 = CARTESIAN_POINT ( 'NONE',  ( -1.539563751707431427, 28.57500000000002771, -1.040834085586084257E-14 ) ) ;
#1572 = VERTEX_POINT ( 'NONE', #3858 ) ;
#1573 = CARTESIAN_POINT ( 'NONE',  ( -119.6801133081722526, -22.77331044602899368, -11.25155564765124439 ) ) ;
#1574 = CARTESIAN_POINT ( 'NONE',  ( -124.1429072904154225, -24.05084073124644561, 15.43077835767705430 ) ) ;
#1575 = CARTESIAN_POINT ( 'NONE',  ( -119.6922971455702367, -1.630674377939214326, 28.52880554681458136 ) ) ;
#1576 = CARTESIAN_POINT ( 'NONE',  ( 52.47623301495941206, 14.08979218018552260, 15.41940393005647003 ) ) ;
#1577 = CARTESIAN_POINT ( 'NONE',  ( 44.98138333241065823, -15.57519134976557673, -34.31342164618171608 ) ) ;
#1578 = FACE_OUTER_BOUND ( 'NONE', #1783, .T. ) ;
#1579 = ORIENTED_EDGE ( 'NONE', *, *, #2628, .F. ) ;
#1580 = CARTESIAN_POINT ( 'NONE',  ( -121.1188676831196602, 23.34146667104372952, -16.48406653566091151 ) ) ;
#1581 = EDGE_CURVE ( 'NONE', #2503, #1641, #1015, .T. ) ;
#1582 = DIRECTION ( 'NONE',  ( -4.731699523581594210E-16, -0.8660254037844379305, 0.5000000000000011102 ) ) ;
#1583 = CARTESIAN_POINT ( 'NONE',  ( 51.32083739072562878, -10.78470713730301966, 25.67877227394660267 ) ) ;
#1584 = EDGE_LOOP ( 'NONE', ( #1962, #3021 ) ) ;
#1585 = CARTESIAN_POINT ( 'NONE',  ( -121.8199999999999932, -23.21221785532334891, -10.31275628709457770 ) ) ;
#1586 = CARTESIAN_POINT ( 'NONE',  ( -124.4088841320590291, 21.64150790115039058, -13.29791333427551692 ) ) ;
#1587 = FACE_BOUND ( 'NONE', #1835, .T. ) ;
#1588 = VERTEX_POINT ( 'NONE', #2911 ) ;
#1589 = CARTESIAN_POINT ( 'NONE',  ( -120.9598228420393724, -2.539034769341640629, 28.46205351665532035 ) ) ;
#1590 = CARTESIAN_POINT ( 'NONE',  ( 53.16770330482909657, 14.13235322864181498, 15.31605842996842881 ) ) ;
#1591 = DIRECTION ( 'NONE',  ( 0.1074441002482028062, -6.053808854361125083E-17, 0.9942111271364116876 ) ) ;
#1592 = ORIENTED_EDGE ( 'NONE', *, *, #1452, .T. ) ;
#1593 = AXIS2_PLACEMENT_3D ( 'NONE', #1507, #616, #1222 ) ;
#1594 = VERTEX_POINT ( 'NONE', #2002 ) ;
#1595 =( BOUNDED_CURVE ( )  B_SPLINE_CURVE ( 3, ( #3221, #903, #339, #889 ),
 .UNSPECIFIED., .F., .T. ) 
 B_SPLINE_CURVE_WITH_KNOTS ( ( 4, 4 ),
 ( 2.332444105212015186E-15, 1.570796326794897890 ),
 .UNSPECIFIED. ) 
 CURVE ( )  GEOMETRIC_REPRESENTATION_ITEM ( )  RATIONAL_B_SPLINE_CURVE ( ( 1.000000000000000000, 0.8047378541243652705, 0.8047378541243652705, 1.000000000000000000 ) ) 
 REPRESENTATION_ITEM ( '' )  );
#1596 = DIRECTION ( 'NONE',  ( 0.000000000000000000, 0.000000000000000000, -1.000000000000000000 ) ) ;
#1597 = PLANE ( 'NONE',  #1046 ) ;
#1598 = CARTESIAN_POINT ( 'NONE',  ( -123.9598867732349987, 22.77331040892642733, -11.25155572433616591 ) ) ;
#1599 = ORIENTED_EDGE ( 'NONE', *, *, #103, .F. ) ;
#1600 = CARTESIAN_POINT ( 'NONE',  ( -122.1723369625162832, -2.657424456216189057, 28.45118441693450961 ) ) ;
#1601 = ORIENTED_EDGE ( 'NONE', *, *, #2932, .T. ) ;
#1602 = CARTESIAN_POINT ( 'NONE',  ( 52.34303478485204408, -23.74697031319232110, -14.89062773805784090 ) ) ;
#1603 = DIRECTION ( 'NONE',  ( 4.690026295307383482E-16, 6.123233995736769734E-17, -1.000000000000000000 ) ) ;
#1604 = FACE_OUTER_BOUND ( 'NONE', #581, .T. ) ;
#1605 = CARTESIAN_POINT ( 'NONE',  ( -124.1575924344123791, 25.39395316150228155, -13.10654529525562317 ) ) ;
#1606 = EDGE_CURVE ( 'NONE', #1054, #2798, #1725, .T. ) ;
#1607 = CARTESIAN_POINT ( 'NONE',  ( 31.03275602986861514, 8.756302684432305147E-15, -36.73234245236677253 ) ) ;
#1608 = CARTESIAN_POINT ( 'NONE',  ( -119.1449411214926641, -21.91016929025603943, 12.85048598841588330 ) ) ;
#1609 = ORIENTED_EDGE ( 'NONE', *, *, #832, .F. ) ;
#1610 = CARTESIAN_POINT ( 'NONE',  ( -120.1748432946893814, -2.137896975434305791, 28.49598316334395420 ) ) ;
#1611 = EDGE_LOOP ( 'NONE', ( #3524, #857 ) ) ;
#1612 = CARTESIAN_POINT ( 'NONE',  ( 48.56622637311719615, 4.638853581270852011, -30.53317024945160085 ) ) ;
#1613 = CARTESIAN_POINT ( 'NONE',  ( -123.1599219540564008, 23.50408274143920551, 16.25109911351458791 ) ) ;
#1614 = CARTESIAN_POINT ( 'NONE',  ( -124.4949258763219575, 24.83459817455903007, -14.13520029818374546 ) ) ;
#1615 = CARTESIAN_POINT ( 'NONE',  ( -120.1879540771300583, 25.74154213615738840, 12.40617616048850635 ) ) ;
#1616 = B_SPLINE_CURVE_WITH_KNOTS ( 'NONE', 3,
 ( #3805, #2612, #545, #3828, #261, #3519, #1702, #2922, #3530, #1717, #2920, #204, #2234, #219, #3194, #895, #861, #2030, #2328, #348, #2295, #230, #1230, #2195, #1167, #835, #3272, #858, #881, #1, #2915, #1426 ),
 .UNSPECIFIED., .F., .F.,
 ( 4, 2, 2, 2, 2, 2, 2, 2, 2, 2, 2, 2, 2, 2, 2, 4 ),
 ( 0.01181471435522258966, 0.01233756484772804279, 0.01286041534023349593, 0.01338326583273894907, 0.01390611632524440221, 0.01442896681774985534, 0.01495181731025530848, 0.01547466780276076162, 0.01599751829526621996, 0.01704321928027712624, 0.01756606977278258111, 0.01808892026528803598, 0.01861177075779349085, 0.01913462125029894573, 0.01965747174280440060, 0.02018032223530985547 ),
 .UNSPECIFIED. ) ;
#1617 = VERTEX_POINT ( 'NONE', #3807 ) ;
#1618 = CARTESIAN_POINT ( 'NONE',  ( -121.8199999999999932, 26.39787526959407771, -12.15199645276983276 ) ) ;
#1619 = CARTESIAN_POINT ( 'NONE',  ( -124.3582685089358080, 21.55364400525295920, -13.43974570337382879 ) ) ;
#1620 = CARTESIAN_POINT ( 'NONE',  ( 51.01440741212432783, -12.10869617113239372, -28.13818164127288668 ) ) ;
#1621 = ORIENTED_EDGE ( 'NONE', *, *, #1452, .F. ) ;
#1622 = AXIS2_PLACEMENT_3D ( 'NONE', #3396, #2447, #3349 ) ;
#1623 = CIRCLE ( 'NONE', #2242, 28.57499999999999929 ) ;
#1624 = VERTEX_POINT ( 'NONE', #2072 ) ;
#1625 = CARTESIAN_POINT ( 'NONE',  ( 51.76458237217563862, 24.97229195253785505, -1.091872909986183471 ) ) ;
#1626 = CARTESIAN_POINT ( 'NONE',  ( 51.14438227033095785, 7.990285957816169571, -29.94766166028917809 ) ) ;
#1627 = CARTESIAN_POINT ( 'NONE',  ( -122.6818753317680830, 25.91810916722888436, 12.03273732745106273 ) ) ;
#1628 = CARTESIAN_POINT ( 'NONE',  ( 45.19529707792495543, 7.056191830397710696, -29.59365892110482221 ) ) ;
#1629 = ORIENTED_EDGE ( 'NONE', *, *, #811, .F. ) ;
#1630 = CARTESIAN_POINT ( 'NONE',  ( 49.50182385620659176, 23.59155906315674045, -14.98350273281459799 ) ) ;
#1631 = EDGE_CURVE ( 'NONE', #1617, #277, #1595, .T. ) ;
#1632 = CARTESIAN_POINT ( 'NONE',  ( -124.4949999999999903, 1.734723527313508223E-15, -25.40000000000001634 ) ) ;
#1633 = CARTESIAN_POINT ( 'NONE',  ( -119.6910789898138887, 23.89220867228627299, 15.67527433118040214 ) ) ;
#1634 = DIRECTION ( 'NONE',  ( 0.09507010545186117545, 0.4659079677327930824, 0.8797109983696183022 ) ) ;
#1635 = CARTESIAN_POINT ( 'NONE',  ( -123.4536588506021104, 22.98276879898278580, -10.81489173972303419 ) ) ;
#1636 = DIRECTION ( 'NONE',  ( -0.1074441002482028479, 2.076503491687643396E-16, -0.9942111271364115765 ) ) ;
#1637 = DIRECTION ( 'NONE',  ( 0.000000000000000000, 0.000000000000000000, 1.000000000000000000 ) ) ;
#1638 = CARTESIAN_POINT ( 'NONE',  ( 47.48540362841272611, 21.49950267812369731, -18.90254573860379850 ) ) ;
#1639 = CARTESIAN_POINT ( 'NONE',  ( 57.07955802716128346, 2.220786970395299082E-15, -6.334951022939273813 ) ) ;
#1640 = EDGE_CURVE ( 'NONE', #888, #554, #3354, .T. ) ;
#1641 = VERTEX_POINT ( 'NONE', #3020 ) ;
#1642 = DIRECTION ( 'NONE',  ( -1.000000000000000000, 0.000000000000000000, 0.000000000000000000 ) ) ;
#1643 = CARTESIAN_POINT ( 'NONE',  ( -120.0533314903787101, 25.69331893823105162, 12.50596875882768266 ) ) ;
#1644 = B_SPLINE_CURVE_WITH_KNOTS ( 'NONE', 3,
 ( #3418, #1897, #3691, #2472, #3442, #3701, #1613, #1879, #2185, #139, #115, #2174, #130, #453, #164, #429, #472, #2510, #2824, #714, #2483, #1340, #3395, #2497, #2787, #464, #3142, #1627, #1866, #1305, #2152, #998 ),
 .UNSPECIFIED., .F., .F.,
 ( 4, 2, 2, 2, 2, 2, 2, 2, 2, 2, 2, 2, 2, 2, 2, 4 ),
 ( 0.0009267297538913175882, 0.001449761420028946885, 0.001972793086166576507, 0.002495824752304205696, 0.003018856418441835318, 0.004064919750717093695, 0.004587951416854731124, 0.005110983082992368552, 0.005634014749130005981, 0.006157046415267644277, 0.006680078081405281705, 0.007203109747542920001, 0.007726141413680556562, 0.008249173079818193990, 0.008772204745955832286, 0.009295236412093468847 ),
 .UNSPECIFIED. ) ;
#1645 = ORIENTED_EDGE ( 'NONE', *, *, #929, .F. ) ;
#1646 = CARTESIAN_POINT ( 'NONE',  ( 48.42611313269630813, 30.30285986520723540, -18.59330098825825317 ) ) ;
#1647 = DIRECTION ( 'NONE',  ( 1.000000000000000000, 0.000000000000000000, 0.000000000000000000 ) ) ;
#1648 = CARTESIAN_POINT ( 'NONE',  ( 34.58056022006428520, 4.712518953647742225E-15, -3.903491034322439823 ) ) ;
#1649 = CARTESIAN_POINT ( 'NONE',  ( -121.8199999999999932, 23.30050418053375694, 16.54137630104968792 ) ) ;
#1650 = CARTESIAN_POINT ( 'NONE',  ( 49.67385919281733209, 5.028371982420074104, -30.57741391094468142 ) ) ;
#1651 = CARTESIAN_POINT ( 'NONE',  ( 47.86928703466604418, 21.32629754076375050, -19.21688833264338214 ) ) ;
#1652 = CARTESIAN_POINT ( 'NONE',  ( -121.8199999999999932, 23.21221785532327786, 10.31275628709465941 ) ) ;
#1653 = EDGE_CURVE ( 'NONE', #2776, #888, #1838, .T. ) ;
#1654 = AXIS2_PLACEMENT_3D ( 'NONE', #2568, #1655, #1476 ) ;
#1655 = DIRECTION ( 'NONE',  ( -0.9942111271364117986, 0.000000000000000000, 0.1074441002482029034 ) ) ;
#1656 = CARTESIAN_POINT ( 'NONE',  ( 50.49793262723500220, -30.59187517356010844, -18.12427341718707652 ) ) ;
#1657 = CYLINDRICAL_SURFACE ( 'NONE', #2341, 2.999999999999999556 ) ;
#1658 = ORIENTED_EDGE ( 'NONE', *, *, #255, .F. ) ;
#1659 = CARTESIAN_POINT ( 'NONE',  ( 47.98417526691271462, -12.98607863648259730, -35.88800851565015648 ) ) ;
#1660 = CARTESIAN_POINT ( 'NONE',  ( 58.07376915429770037, 2.110679503172477401E-15, -6.442395123187476536 ) ) ;
#1661 = CARTESIAN_POINT ( 'NONE',  ( 53.18034863055827799, -12.49130277167953373, 24.83060954893823435 ) ) ;
#1662 = CARTESIAN_POINT ( 'NONE',  ( 49.54372949367129308, -13.95565999351811648, -26.86682847814430275 ) ) ;
#1663 = VERTEX_POINT ( 'NONE', #3321 ) ;
#1664 = DIRECTION ( 'NONE',  ( 0.000000000000000000, 0.9546291888281865923, 0.2977970984365670426 ) ) ;
#1665 = CARTESIAN_POINT ( 'NONE',  ( -119.8054787281890441, 1.768556117831145968, 28.52048606178870926 ) ) ;
#1666 = ORIENTED_EDGE ( 'NONE', *, *, #3683, .T. ) ;
#1667 = CARTESIAN_POINT ( 'NONE',  ( -122.1692982888539660, 20.53721785532325939, 14.94599219734140227 ) ) ;
#1668 = CARTESIAN_POINT ( 'NONE',  ( 48.93339663829608099, -30.52419490017248194, -18.12183447547237947 ) ) ;
#1669 = CARTESIAN_POINT ( 'NONE',  ( -119.2811778049714917, -25.16620700709717795, 13.53584160359294941 ) ) ;
#1670 = CARTESIAN_POINT ( 'NONE',  ( 51.04627478207429192, -30.68993334932705608, -17.93817863316930783 ) ) ;
#1671 = CIRCLE ( 'NONE', #3694, 0.3000000000000085931 ) ;
#1672 = ORIENTED_EDGE ( 'NONE', *, *, #2272, .T. ) ;
#1673 = DIRECTION ( 'NONE',  ( 0.000000000000000000, 0.4999999999999991118, -0.8660254037844392627 ) ) ;
#1674 = DIRECTION ( 'NONE',  ( 0.9942111271364117986, -1.101074672228211888E-16, -0.1074441002482030283 ) ) ;
#1675 = ORIENTED_EDGE ( 'NONE', *, *, #657, .F. ) ;
#1676 = DIRECTION ( 'NONE',  ( -0.9942111271364115765, 0.000000000000000000, 0.1074441002482030560 ) ) ;
#1677 = CONICAL_SURFACE ( 'NONE', #2019, 29.59000000000000341, 0.7853981633974517207 ) ;
#1678 = CARTESIAN_POINT ( 'NONE',  ( 53.07384951332278433, 24.86992465534389396, -0.7084041336649034015 ) ) ;
#1679 = CARTESIAN_POINT ( 'NONE',  ( 38.14003478225755117, -4.573272368912119745, 29.03334968858861131 ) ) ;
#1680 = CARTESIAN_POINT ( 'NONE',  ( -120.6349665034393439, 2.404513527436199283, 28.47373216309128807 ) ) ;
#1681 = CARTESIAN_POINT ( 'NONE',  ( 45.79408079317266100, 5.683562222492090754, -30.01594352400082855 ) ) ;
#1682 = ORIENTED_EDGE ( 'NONE', *, *, #2074, .T. ) ;
#1683 = EDGE_CURVE ( 'NONE', #1847, #1079, #805, .T. ) ;
#1684 = CARTESIAN_POINT ( 'NONE',  ( 49.43056254696083585, 32.08817687830757848, 2.327542996262633501 ) ) ;
#1685 = CIRCLE ( 'NONE', #706, 28.57499999999999929 ) ;
#1686 = FACE_OUTER_BOUND ( 'NONE', #67, .T. ) ;
#1687 = CARTESIAN_POINT ( 'NONE',  ( 49.76639894804836928, -24.97226084326941375, -10.21347947021849478 ) ) ;
#1688 = DIRECTION ( 'NONE',  ( 0.1074441002482029034, 0.000000000000000000, 0.9942111271364116876 ) ) ;
#1689 = DIRECTION ( 'NONE',  ( 0.1074441002482028618, -6.123233995736762338E-17, 0.9942111271364116876 ) ) ;
#1690 = VERTEX_POINT ( 'NONE', #44 ) ;
#1691 = CARTESIAN_POINT ( 'NONE',  ( 54.14088981312606563, -12.60482052720009882, 24.67981601454360785 ) ) ;
#1692 = CARTESIAN_POINT ( 'NONE',  ( -121.8199999999999932, 23.72287526959407344, -16.78523236301657562 ) ) ;
#1693 = CARTESIAN_POINT ( 'NONE',  ( 46.35054657056117122, -13.28125407596349028, -26.95298356725588818 ) ) ;
#1694 = ORIENTED_EDGE ( 'NONE', *, *, #977, .T. ) ;
#1695 = CARTESIAN_POINT ( 'NONE',  ( 51.69694049233833510, -30.87144624881473121, -17.53888987474255501 ) ) ;
#1696 = CARTESIAN_POINT ( 'NONE',  ( -112.9499999999999602, 2.952298723773143112E-15, -1.387778780781445676E-14 ) ) ;
#1697 = B_SPLINE_CURVE_WITH_KNOTS ( 'NONE', 3,
 ( #1194, #68, #892, #1759, #1480, #3298, #3014, #332, #2701, #2078, #2409, #1493, #936, #3614, #921, #1237, #3600, #2376, #3586, #628, #3042, #1790, #29, #1818, #3286, #3629, #346, #1505, #1221, #375, #2352, #321, #3315, #2985 ),
 .UNSPECIFIED., .F., .F.,
 ( 4, 2, 2, 2, 2, 2, 2, 2, 2, 2, 2, 2, 2, 2, 2, 2, 4 ),
 ( 0.01225659643631942484, 0.01277941795784652383, 0.01330223947937362455, 0.01382506100090072354, 0.01434788252242782426, 0.01487070404395492325, 0.01539352556548202397, 0.01591634708700912296, 0.01643916860853622541, 0.01696199013006332440, 0.01748481165159042339, 0.01800763317311752237, 0.01853045469464462136, 0.01905327621617172035, 0.01957609773769881933, 0.02009891925922592179, 0.02062174078075302078 ),
 .UNSPECIFIED. ) ;
#1698 = DIRECTION ( 'NONE',  ( -0.05005906239151793058, 0.8848331851841337858, -0.4632108857414542480 ) ) ;
#1699 = VECTOR ( 'NONE', #2278, 1000.000000000000114 ) ;
#1700 = DIRECTION ( 'NONE',  ( 0.09507010545186116157, 0.4659079677327923052, 0.8797109983696187463 ) ) ;
#1701 = ORIENTED_EDGE ( 'NONE', *, *, #212, .T. ) ;
#1702 = CARTESIAN_POINT ( 'NONE',  ( 55.23081366821407556, 17.34149819597333320, 22.12834713160470557 ) ) ;
#1703 = CARTESIAN_POINT ( 'NONE',  ( 51.98586968663177288, -22.79718816493002365, 3.262286954494090008 ) ) ;
#1704 = DIRECTION ( 'NONE',  ( -0.03182761377624750143, -0.9551182288552939603, -0.2945100540043354420 ) ) ;
#1705 = DIRECTION ( 'NONE',  ( 0.000000000000000000, -3.061616997868381785E-17, -1.000000000000000000 ) ) ;
#1706 = EDGE_CURVE ( 'NONE', #1973, #1907, #291, .T. ) ;
#1707 = ORIENTED_EDGE ( 'NONE', *, *, #3314, .T. ) ;
#1708 = CARTESIAN_POINT ( 'NONE',  ( 50.30895463403519585, 32.24168358209946916, 1.565844602367755911 ) ) ;
#1709 = ORIENTED_EDGE ( 'NONE', *, *, #53, .F. ) ;
#1710 = CARTESIAN_POINT ( 'NONE',  ( 53.54993265813276793, -10.32961298765252778, 17.38632813539047461 ) ) ;
#1711 = CARTESIAN_POINT ( 'NONE',  ( 46.97922014893040199, -24.04481556760767447, -13.47899350947934849 ) ) ;
#1712 = CARTESIAN_POINT ( 'NONE',  ( -124.1582706575545956, -1.345174659558629804, 25.36640083668491386 ) ) ;
#1713 = ORIENTED_EDGE ( 'NONE', *, *, #1706, .T. ) ;
#1714 = FACE_OUTER_BOUND ( 'NONE', #2329, .T. ) ;
#1715 = COORDINATED_UNIVERSAL_TIME_OFFSET ( 3, 0, .AHEAD. ) ;
#1716 = AXIS2_PLACEMENT_3D ( 'NONE', #521, #2563, #1637 ) ;
#1717 = CARTESIAN_POINT ( 'NONE',  ( 55.90629564455938549, 16.83873480418763080, 22.36135010417702063 ) ) ;
#1718 = CARTESIAN_POINT ( 'NONE',  ( 51.50915179652217546, 16.52610203798125710, 23.02078441096223571 ) ) ;
#1719 = DIRECTION ( 'NONE',  ( 0.000000000000000000, -0.5000000000000006661, -0.8660254037844383745 ) ) ;
#1720 = ORIENTED_EDGE ( 'NONE', *, *, #1376, .F. ) ;
#1721 = CARTESIAN_POINT ( 'NONE',  ( 46.84942273069118812, 10.01557065239923183, -28.70742484083453760 ) ) ;
#1722 = VECTOR ( 'NONE', #2636, 1000.000000000000000 ) ;
#1723 = CYLINDRICAL_SURFACE ( 'NONE', #1407, 29.57500000000000639 ) ;
#1724 = CARTESIAN_POINT ( 'NONE',  ( 53.59822342995325073, -30.21030846639938616, 7.447966573397270196 ) ) ;
#1725 = B_SPLINE_CURVE_WITH_KNOTS ( 'NONE', 3,
 ( #1125, #2935, #2022, #1456, #1421, #2268, #3244, #818, #3510, #1693, #3817, #264, #559, #839, #1140, #1768, #1227, #2655, #3594, #2677, #2691, #23, #3267, #601, #1465, #1755, #1782, #9, #634, #3569, #2638, #2345 ),
 .UNSPECIFIED., .F., .F.,
 ( 4, 2, 2, 2, 2, 2, 2, 2, 2, 2, 2, 2, 2, 2, 2, 4 ),
 ( 0.004459949917217624279, 0.004982999403295836072, 0.005506048889374047864, 0.006029098375452259656, 0.006552147861530471448, 0.007075197347608684108, 0.007598246833686895033, 0.008644345805843306474, 0.009167395291921516531, 0.009690444777999726589, 0.01021349426407793838, 0.01073654375015614670, 0.01125959323623435676, 0.01178264272231256682, 0.01230569220839077688, 0.01282874169446898693 ),
 .UNSPECIFIED. ) ;
#1726 = ORIENTED_EDGE ( 'NONE', *, *, #2954, .F. ) ;
#1727 = DIRECTION ( 'NONE',  ( -0.1074441002482028618, 0.000000000000000000, -0.9942111271364116876 ) ) ;
#1728 = CARTESIAN_POINT ( 'NONE',  ( 46.95949249132540615, -24.22759019879151765, -12.91604884185368718 ) ) ;
#1729 = CARTESIAN_POINT ( 'NONE',  ( 56.52095651468520998, -7.944000723637286931, 25.96260103099605487 ) ) ;
#1730 = DIRECTION ( 'NONE',  ( 1.000000000000000000, 2.428309327701567798E-16, -0.000000000000000000 ) ) ;
#1731 = AXIS2_PLACEMENT_3D ( 'NONE', #2292, #829, #276 ) ;
#1732 = EDGE_LOOP ( 'NONE', ( #2845, #2296 ) ) ;
#1733 = CARTESIAN_POINT ( 'NONE',  ( -121.8199999999999932, -21.50902500294738928, 12.41824137545807183 ) ) ;
#1734 = CARTESIAN_POINT ( 'NONE',  ( 47.11371655812931181, -24.45118866927573009, -12.17801642058344846 ) ) ;
#1735 = CARTESIAN_POINT ( 'NONE',  ( 54.14088981312606563, -6.877045394230980158, 26.46659860516300000 ) ) ;
#1736 = EDGE_CURVE ( 'NONE', #1930, #1690, #1996, .T. ) ;
#1737 = VERTEX_POINT ( 'NONE', #3067 ) ;
#1738 = CYLINDRICAL_SURFACE ( 'NONE', #2088, 29.59000000000000341 ) ;
#1739 = CARTESIAN_POINT ( 'NONE',  ( -123.9466257269424574, -23.89057894498386858, -15.67775437333464694 ) ) ;
#1740 = CARTESIAN_POINT ( 'NONE',  ( 51.62055545150519009, 21.77717829750924849, -18.89545468683801133 ) ) ;
#1741 = FACE_OUTER_BOUND ( 'NONE', #2518, .T. ) ;
#1742 = CARTESIAN_POINT ( 'NONE',  ( -124.4776353361054078, -0.3507204145540096518, -28.57335959676728621 ) ) ;
#1743 = PRODUCT ( 'ѕлам€перебрасывающий патрубок(мама)_заготовка', 'ѕлам€перебрасывающий патрубок(мама)_заготовка', '', ( #3223 ) ) ;
#1744 = VECTOR ( 'NONE', #1676, 1000.000000000000114 ) ;
#1745 = ADVANCED_FACE ( 'NONE', ( #1604 ), #969, .F. ) ;
#1746 = CARTESIAN_POINT ( 'NONE',  ( 47.98054632275509590, -23.42061932405309221, -15.23994479674246350 ) ) ;
#1747 = CARTESIAN_POINT ( 'NONE',  ( -123.0080377863584999, -2.403087073199399626, 25.28615680727120818 ) ) ;
#1748 = AXIS2_PLACEMENT_3D ( 'NONE', #3844, #2591, #2615 ) ;
#1749 = VERTEX_POINT ( 'NONE', #1498 ) ;
#1750 = AXIS2_PLACEMENT_3D ( 'NONE', #309, #2971, #3562 ) ;
#1751 = CARTESIAN_POINT ( 'NONE',  ( -120.1878595881030236, 2.126567572912938520, -28.49592655631995797 ) ) ;
#1752 = CARTESIAN_POINT ( 'NONE',  ( -120.0511801246560282, 2.014281248260514356, -25.32030765246450343 ) ) ;
#1753 = CARTESIAN_POINT ( 'NONE',  ( 50.09970252877504038, -28.68218192889516516, 10.87545006543148673 ) ) ;
#1754 = ORIENTED_EDGE ( 'NONE', *, *, #3461, .F. ) ;
#1755 = CARTESIAN_POINT ( 'NONE',  ( 47.02593257582012143, -9.671588448733620780, -28.87198391009126652 ) ) ;
#1756 = EDGE_CURVE ( 'NONE', #3416, #1594, #2192, .T. ) ;
#1757 = CARTESIAN_POINT ( 'NONE',  ( 49.54676505305836542, 21.55654359886491633, -16.93754893791563276 ) ) ;
#1758 = CARTESIAN_POINT ( 'NONE',  ( -123.5877935248102375, -2.015180285536969595, -28.50412154016421695 ) ) ;
#1759 = CARTESIAN_POINT ( 'NONE',  ( -124.4090955360633473, -0.6948389040450085874, -25.39107387238808755 ) ) ;
#1760 = CARTESIAN_POINT ( 'NONE',  ( 54.53358540762056350, -6.864635804761206828, 26.42681797468870997 ) ) ;
#1761 = LINE ( 'NONE', #1909, #3331 ) ;
#1762 = CARTESIAN_POINT ( 'NONE',  ( -147.2199999999999989, -25.39999999999999503, -1.423663188993379250E-14 ) ) ;
#1763 = LINE ( 'NONE', #3462, #873 ) ;
#1764 = CARTESIAN_POINT ( 'NONE',  ( -123.4491012837749651, 2.128890727652081871, -28.49575225832283110 ) ) ;
#1765 = CARTESIAN_POINT ( 'NONE',  ( -122.1689210691563119, -23.30050418053384931, -16.54137630104961687 ) ) ;
#1766 = CARTESIAN_POINT ( 'NONE',  ( 50.01701329003032725, -29.84787677134006501, 8.633160921511349173 ) ) ;
#1767 = EDGE_LOOP ( 'NONE', ( #2941, #648 ) ) ;
#1768 = CARTESIAN_POINT ( 'NONE',  ( 45.68872291531534557, -11.56090535628523774, -27.85279538259911902 ) ) ;
#1769 = ADVANCED_FACE ( 'NONE', ( #3449, #649 ), #499, .T. ) ;
#1770 = FACE_OUTER_BOUND ( 'NONE', #3678, .T. ) ;
#1771 = ORIENTED_EDGE ( 'NONE', *, *, #737, .T. ) ;
#1772 = CARTESIAN_POINT ( 'NONE',  ( 53.10836059266659248, -30.30261979268319550, 7.288299363559747057 ) ) ;
#1773 = CARTESIAN_POINT ( 'NONE',  ( 48.73003750807161794, 24.05316162218139553, 2.778282192333726197 ) ) ;
#1774 = DIRECTION ( 'NONE',  ( 0.1074441002482030422, 1.776356839400250465E-15, 0.9942111271364116876 ) ) ;
#1775 = B_SPLINE_CURVE_WITH_KNOTS ( 'NONE', 3,
 ( #2238, #2894, #2225, #2854, #3751, #1350, #3209, #1651, #2548, #1638, #789, #1408, #500, #522, #2534, #2564, #802, #2881, #3199, #1073, #3508, #772, #3174, #3777, #1371, #180, #3470, #1948, #2866, #1991, #1150, #1443 ),
 .UNSPECIFIED., .F., .F.,
 ( 4, 2, 2, 2, 2, 2, 2, 2, 2, 2, 2, 2, 2, 2, 2, 4 ),
 ( 0.004072116804077834454, 0.004595260977810464859, 0.005118405151543094396, 0.005641549325275723933, 0.006164693499008354338, 0.006687837672740983876, 0.007210981846473613413, 0.007734126020206243818, 0.008257270193938874223, 0.008780414367671504627, 0.009303558541404133297, 0.01034984688886939758, 0.01087299106260202972, 0.01139613523633466012, 0.01191927941006729226, 0.01244242358379992440 ),
 .UNSPECIFIED. ) ;
#1776 = CC_DESIGN_PERSON_AND_ORGANIZATION_ASSIGNMENT ( #3145, #1131, ( #2452 ) ) ;
#1777 = CARTESIAN_POINT ( 'NONE',  ( -119.2304357953036487, 21.64287926818899521, -13.29567733590016410 ) ) ;
#1778 = DIRECTION ( 'NONE',  ( 0.1074441002482028062, -6.053808854361125083E-17, 0.9942111271364116876 ) ) ;
#1779 = ORIENTED_EDGE ( 'NONE', *, *, #811, .T. ) ;
#1780 = CARTESIAN_POINT ( 'NONE',  ( 47.63739443070281254, -17.69777776926571633, -33.35352931576376534 ) ) ;
#1781 = CARTESIAN_POINT ( 'NONE',  ( -119.4983350260197739, 1.340316836580653481, -25.36503533426913393 ) ) ;
#1782 = CARTESIAN_POINT ( 'NONE',  ( 47.18208405431089858, -9.601166329835177038, -28.91780562862693671 ) ) ;
#1783 = EDGE_LOOP ( 'NONE', ( #1193, #611, #1694, #2670 ) ) ;
#1784 = EDGE_CURVE ( 'NONE', #810, #1312, #3639, .T. ) ;
#1785 = DIRECTION ( 'NONE',  ( -0.9942111271364116876, -1.350509218838742282E-17, 0.1074441002482028340 ) ) ;
#1786 = CARTESIAN_POINT ( 'NONE',  ( 49.74032702626853819, 24.89491530044169920, -0.4714500936938746389 ) ) ;
#1787 = CARTESIAN_POINT ( 'NONE',  ( 54.51041642665517628, 31.83325946354251101, 2.768721697044382424 ) ) ;
#1788 = EDGE_LOOP ( 'NONE', ( #3302, #2923, #2833, #598, #1166 ) ) ;
#1789 = ADVANCED_FACE ( 'NONE', ( #781 ), #1430, .F. ) ;
#1790 = CARTESIAN_POINT ( 'NONE',  ( -120.6337279590438101, -2.403976367643165357, -25.28607216148116521 ) ) ;
#1791 = CARTESIAN_POINT ( 'NONE',  ( -119.4985435302427845, 22.63702888939323188, -11.52155249240383483 ) ) ;
#1792 = CARTESIAN_POINT ( 'NONE',  ( 54.89610988945709380, 5.635568968587192297E-15, -35.84618920824685517 ) ) ;
#1793 = EDGE_CURVE ( 'NONE', #406, #2068, #1697, .T. ) ;
#1794 = DIRECTION ( 'NONE',  ( -0.1074441002482026258, 0.000000000000000000, -0.9942111271364116876 ) ) ;
#1795 = CARTESIAN_POINT ( 'NONE',  ( -124.4950000000000045, 0.1746356019487990963, -25.40000000000001990 ) ) ;
#1796 = CARTESIAN_POINT ( 'NONE',  ( 50.29359805100045122, -28.52788459385250519, 11.12363689595362359 ) ) ;
#1797 = ORIENTED_EDGE ( 'NONE', *, *, #1784, .T. ) ;
#1798 = CARTESIAN_POINT ( 'NONE',  ( -124.4090484875786302, 0.6949851474238329940, 25.39106908215605074 ) ) ;
#1799 = CARTESIAN_POINT ( 'NONE',  ( -119.6932644000712145, -1.631862630465535036, -28.52873430029130475 ) ) ;
#1800 = CARTESIAN_POINT ( 'NONE',  ( 53.31576044673281700, 32.17397658875869837, 1.542805193278633080 ) ) ;
#1801 = CARTESIAN_POINT ( 'NONE',  ( 51.85653265118900634, -23.59774545343165997, 3.681379340384264509 ) ) ;
#1802 = ORIENTED_EDGE ( 'NONE', *, *, #3190, .F. ) ;
#1803 = DIRECTION ( 'NONE',  ( 0.000000000000000000, 0.000000000000000000, -1.000000000000000000 ) ) ;
#1804 = CARTESIAN_POINT ( 'NONE',  ( -120.4800838221451613, -25.82590760004832831, -12.22957991589624882 ) ) ;
#1805 = DIRECTION ( 'NONE',  ( -4.856618655403134611E-16, 1.000000000000000000, 0.000000000000000000 ) ) ;
#1806 = CARTESIAN_POINT ( 'NONE',  ( 50.29178086429557482, -30.02341054374959839, 8.223945622013282275 ) ) ;
#1807 = ADVANCED_FACE ( 'NONE', ( #3252 ), #727, .F. ) ;
#1808 = ORIENTED_EDGE ( 'NONE', *, *, #3638, .F. ) ;
#1809 = EDGE_CURVE ( 'NONE', #2267, #1202, #3860, .T. ) ;
#1810 = ORIENTED_EDGE ( 'NONE', *, *, #3671, .T. ) ;
#1811 = CARTESIAN_POINT ( 'NONE',  ( 51.46462129463589008, -23.42720764657397936, -15.60067883420591883 ) ) ;
#1812 = CARTESIAN_POINT ( 'NONE',  ( -95.40500000000001535, 7.703719777548943412E-31, -29.59000000000002117 ) ) ;
#1813 = CARTESIAN_POINT ( 'NONE',  ( 48.59560449687980821, 24.23552690867113313, 2.231284435660881638 ) ) ;
#1814 = CARTESIAN_POINT ( 'NONE',  ( 53.14127359581320320, 32.19857422718984452, 1.453175947009865077 ) ) ;
#1815 = CARTESIAN_POINT ( 'NONE',  ( 80.76660873350120085, 1.823539765631578694E-15, 16.65308997309346850 ) ) ;
#1816 = LINE ( 'NONE', #2720, #2462 ) ;
#1817 = ORIENTED_EDGE ( 'NONE', *, *, #1028, .F. ) ;
#1818 = CARTESIAN_POINT ( 'NONE',  ( -120.1878800392032645, -2.126531765876356950, -25.31101166340210540 ) ) ;
#1819 = CARTESIAN_POINT ( 'NONE',  ( -119.2306491777749642, -24.39289718697708409, -14.88444102041833794 ) ) ;
#1820 = CARTESIAN_POINT ( 'NONE',  ( 47.39174492656410109, 12.60482052720044344, -35.98517798726983585 ) ) ;
#1821 = CARTESIAN_POINT ( 'NONE',  ( -123.0046873180260860, -20.69597740910706918, -14.72552242743288708 ) ) ;
#1822 = LINE ( 'NONE', #3094, #1047 ) ;
#1823 = CARTESIAN_POINT ( 'NONE',  ( 50.75767241368075844, 28.24670215067219914, -22.85444760601262715 ) ) ;
#1824 = VECTOR ( 'NONE', #909, 1000.000000000000227 ) ;
#1825 = CARTESIAN_POINT ( 'NONE',  ( -124.2240137159042490, 1.186243409350632882, 25.37280397690516054 ) ) ;
#1826 = CARTESIAN_POINT ( 'NONE',  ( 14.46768746961429741, 6.979655082762784751E-17, -35.37209234900702626 ) ) ;
#1827 = CARTESIAN_POINT ( 'NONE',  ( 49.54676505305836542, 22.79718816493005207, -14.56764892722044458 ) ) ;
#1828 = CARTESIAN_POINT ( 'NONE',  ( 47.63739443070281254, -12.96990942513729017, -35.85747838085841011 ) ) ;
#1829 = CARTESIAN_POINT ( 'NONE',  ( -95.40500000000000114, 1.749714114281782610E-15, -28.57500000000000995 ) ) ;
#1830 = CARTESIAN_POINT ( 'NONE',  ( -2.908064864336950883, 4.934142635465851221E-15, -25.40000000000003766 ) ) ;
#1831 = CARTESIAN_POINT ( 'NONE',  ( 44.69731379783043934, 10.96023322962135538, -36.32664224304920708 ) ) ;
#1832 = EDGE_CURVE ( 'NONE', #2851, #2412, #183, .T. ) ;
#1833 = CARTESIAN_POINT ( 'NONE',  ( -124.4776384777127305, -22.17082664597776187, -12.39531153555656218 ) ) ;
#1834 = CARTESIAN_POINT ( 'NONE',  ( -124.4102091897243980, -24.39462189246155788, 14.88161001717684506 ) ) ;
#1835 = EDGE_LOOP ( 'NONE', ( #1682, #1672 ) ) ;
#1836 =( BOUNDED_CURVE ( )  B_SPLINE_CURVE ( 3, ( #416, #3081, #3054, #3666 ),
 .UNSPECIFIED., .F., .T. ) 
 B_SPLINE_CURVE_WITH_KNOTS ( ( 4, 4 ),
 ( 3.141592653589795336, 4.712388980384693227 ),
 .UNSPECIFIED. ) 
 CURVE ( )  GEOMETRIC_REPRESENTATION_ITEM ( )  RATIONAL_B_SPLINE_CURVE ( ( 1.000000000000000000, 0.8047378541243646044, 0.8047378541243646044, 1.000000000000000000 ) ) 
 REPRESENTATION_ITEM ( '' )  );
#1837 = CARTESIAN_POINT ( 'NONE',  ( 49.11875079373970721, 30.36267585655175694, -18.52818783261072255 ) ) ;
#1838 = LINE ( 'NONE', #926, #1063 ) ;
#1839 = CARTESIAN_POINT ( 'NONE',  ( -119.2818454698957424, 0.8626776541328292636, 25.38586463403260751 ) ) ;
#1840 = DIRECTION ( 'NONE',  ( 0.000000000000000000, 0.4999999999999991118, -0.8660254037844392627 ) ) ;
#1841 = CARTESIAN_POINT ( 'NONE',  ( 50.77889514813976746, -9.025522561302731006, 18.22710556580372909 ) ) ;
#1842 = CARTESIAN_POINT ( 'NONE',  ( -121.8199999999999932, 23.30050418053375694, 16.54137630104968792 ) ) ;
#1843 = CARTESIAN_POINT ( 'NONE',  ( 45.00985897473444197, 11.44180597905971375, -36.18565288711364047 ) ) ;
#1844 = AXIS2_PLACEMENT_3D ( 'NONE', #1873, #404, #1856 ) ;
#1845 = CARTESIAN_POINT ( 'NONE',  ( -121.4706960116963046, -23.21221785532335247, -10.31275628709457770 ) ) ;
#1846 = EDGE_LOOP ( 'NONE', ( #248, #780, #2546, #2519 ) ) ;
#1847 = VERTEX_POINT ( 'NONE', #643 ) ;
#1848 = CARTESIAN_POINT ( 'NONE',  ( 51.94401349948523716, -24.87314491641721403, -10.95795012587792705 ) ) ;
#1849 = CARTESIAN_POINT ( 'NONE',  ( 50.34266468551982143, 9.496632041454610373, -37.41653443621499520 ) ) ;
#1850 = CARTESIAN_POINT ( 'NONE',  ( 50.48308110949033534, -8.352518444362901917, 18.50576836556400551 ) ) ;
#1851 = CIRCLE ( 'NONE', #3855, 33.02000000000001023 ) ;
#1852 = ORIENTED_EDGE ( 'NONE', *, *, #636, .T. ) ;
#1853 = CARTESIAN_POINT ( 'NONE',  ( -119.8037988198903605, 25.58287761433638963, -12.73036832434046595 ) ) ;
#1854 = CARTESIAN_POINT ( 'NONE',  ( -120.1879952103017501, -23.61487467512921157, -16.08967888693521076 ) ) ;
#1855 = PERSON_AND_ORGANIZATION ( #2996, #2902 ) ;
#1856 = DIRECTION ( 'NONE',  ( 0.000000000000000000, 0.000000000000000000, -1.000000000000000000 ) ) ;
#1857 = AXIS2_PLACEMENT_3D ( 'NONE', #1265, #2752, #2783 ) ;
#1858 = CIRCLE ( 'NONE', #1420, 33.02000000000001023 ) ;
#1859 = CARTESIAN_POINT ( 'NONE',  ( -124.4095489137358754, -22.33587736495429610, -12.09536624361665957 ) ) ;
#1860 = CARTESIAN_POINT ( 'NONE',  ( -119.1623913561752630, 22.17090514360527820, 12.39516939006775509 ) ) ;
#1861 = ORIENTED_EDGE ( 'NONE', *, *, #2426, .F. ) ;
#1862 = CARTESIAN_POINT ( 'NONE',  ( 51.51595887089189318, 29.84748477357951657, -19.93937592059750585 ) ) ;
#1863 = CARTESIAN_POINT ( 'NONE',  ( -124.1583270339626353, -1.345076596516667555, 28.54514228814941035 ) ) ;
#1864 = EDGE_CURVE ( 'NONE', #1588, #1617, #1143, .T. ) ;
#1865 = CARTESIAN_POINT ( 'NONE',  ( 51.54993425566295429, 9.988168610539165826, 17.75257351202979095 ) ) ;
#1866 = CARTESIAN_POINT ( 'NONE',  ( -122.5151309610284471, 25.93942365104671666, 11.98658038307128493 ) ) ;
#1867 = CARTESIAN_POINT ( 'NONE',  ( 49.98769192220996871, 8.410131129461083432, -37.68758603756214143 ) ) ;
#1868 = ORIENTED_EDGE ( 'NONE', *, *, #3073, .F. ) ;
#1869 = CARTESIAN_POINT ( 'NONE',  ( 46.77739883969164936, -17.54506695482452372, -33.35761735885221668 ) ) ;
#1870 = CYLINDRICAL_SURFACE ( 'NONE', #423, 33.02000000000001734 ) ;
#1871 = ADVANCED_FACE ( 'NONE', ( #1052 ), #2277, .F. ) ;
#1872 = CARTESIAN_POINT ( 'NONE',  ( -124.4949999999999903, -1.734723479595114851E-15, 28.57499999999998153 ) ) ;
#1873 = CARTESIAN_POINT ( 'NONE',  ( -145.9199999999999875, 2.717797409007765408E-15, -1.734723475976807094E-14 ) ) ;
#1874 = CARTESIAN_POINT ( 'NONE',  ( -119.6926212960904081, 22.76754036477081655, 11.26145046064790023 ) ) ;
#1875 = CARTESIAN_POINT ( 'NONE',  ( 51.43354659700106879, 29.90989036518341493, -19.79687147084088750 ) ) ;
#1876 = CARTESIAN_POINT ( 'NONE',  ( -124.3582162700509599, -0.8622227139858043010, 28.56244274509420578 ) ) ;
#1877 = ORIENTED_EDGE ( 'NONE', *, *, #3409, .F. ) ;
#1878 = CARTESIAN_POINT ( 'NONE',  ( 52.81725639813414119, 14.13254519231370665, 15.35381758208211700 ) ) ;
#1879 = CARTESIAN_POINT ( 'NONE',  ( -123.4510162183383670, 23.61441479544358657, 16.09035555177167254 ) ) ;
#1880 = CARTESIAN_POINT ( 'NONE',  ( -122.6827489328058363, 25.91798335658215890, -12.03300859041388726 ) ) ;
#1881 = ORIENTED_EDGE ( 'NONE', *, *, #2426, .T. ) ;
#1882 = ORIENTED_EDGE ( 'NONE', *, *, #2954, .T. ) ;
#1883 =( BOUNDED_CURVE ( )  B_SPLINE_CURVE ( 3, ( #1509, #3019, #2061, #647 ),
 .UNSPECIFIED., .F., .F. ) 
 B_SPLINE_CURVE_WITH_KNOTS ( ( 4, 4 ),
 ( 3.141592653589801998, 4.712388980384702108 ),
 .UNSPECIFIED. ) 
 CURVE ( )  GEOMETRIC_REPRESENTATION_ITEM ( )  RATIONAL_B_SPLINE_CURVE ( ( 1.000000000000000000, 0.8047378541243641603, 0.8047378541243641603, 1.000000000000000000 ) ) 
 REPRESENTATION_ITEM ( '' )  );
#1884 = EDGE_CURVE ( 'NONE', #2912, #3555, #1987, .T. ) ;
#1885 = CARTESIAN_POINT ( 'NONE',  ( -124.4781737345496424, 22.16913531499722367, -12.39835281756712959 ) ) ;
#1886 = CARTESIAN_POINT ( 'NONE',  ( -123.5897109457283420, -2.013483832564681553, 28.50424145046617497 ) ) ;
#1887 = CARTESIAN_POINT ( 'NONE',  ( 51.41349001860855594, 13.65357789397943478, 15.82063185657477433 ) ) ;
#1888 = CARTESIAN_POINT ( 'NONE',  ( -123.0062734590742934, 25.86099853730103248, -12.15499533783365038 ) ) ;
#1889 = ORIENTED_EDGE ( 'NONE', *, *, #144, .T. ) ;
#1890 = CARTESIAN_POINT ( 'NONE',  ( 52.10133244139645115, -32.08838623585581473, -13.63195673152327103 ) ) ;
#1891 = VERTEX_POINT ( 'NONE', #1208 ) ;
#1892 = CARTESIAN_POINT ( 'NONE',  ( 50.02316336430988741, -16.52663780068475319, -34.32579947967656153 ) ) ;
#1893 = CARTESIAN_POINT ( 'NONE',  ( -119.6801104959993296, -21.13078989860572321, 14.09648511726399356 ) ) ;
#1894 = CARTESIAN_POINT ( 'NONE',  ( -129.3899999999999864, 1.749714114281783005E-15, -28.57500000000001705 ) ) ;
#1895 = AXIS2_PLACEMENT_3D ( 'NONE', #2545, #3746, #1960 ) ;
#1896 = CARTESIAN_POINT ( 'NONE',  ( 52.22052917666014338, -24.82155388166040666, -11.23251045175553564 ) ) ;
#1897 = CARTESIAN_POINT ( 'NONE',  ( -121.9965039178203199, 23.30050418053376760, 16.54137630104968792 ) ) ;
#1898 = VERTEX_POINT ( 'NONE', #1829 ) ;
#1899 = CARTESIAN_POINT ( 'NONE',  ( 45.10092938562449660, -14.50440343932401710, -34.87740316416539343 ) ) ;
#1900 = LOCAL_TIME ( 18, 3, 18.00000000000000000, #3473 ) ;
#1901 = VERTEX_POINT ( 'NONE', #682 ) ;
#1902 = EDGE_CURVE ( 'NONE', #290, #3491, #3476, .T. ) ;
#1903 = LINE ( 'NONE', #2144, #2554 ) ;
#1904 = DIRECTION ( 'NONE',  ( 0.000000000000000000, -3.061616997868381785E-17, -1.000000000000000000 ) ) ;
#1905 = CARTESIAN_POINT ( 'NONE',  ( -120.1863460035284987, -20.85735343299287692, 14.49621855227704081 ) ) ;
#1906 = CARTESIAN_POINT ( 'NONE',  ( -123.9489207060583738, -25.52129046997172068, -12.85362183103640277 ) ) ;
#1907 = VERTEX_POINT ( 'NONE', #2527 ) ;
#1908 = CARTESIAN_POINT ( 'NONE',  ( 49.49796607063385778, 10.09481072870663709, -28.95925411944725170 ) ) ;
#1909 = CARTESIAN_POINT ( 'NONE',  ( 75.30844844089249079, 4.934142635465855954E-15, -33.85283528543624953 ) ) ;
#1910 = CARTESIAN_POINT ( 'NONE',  ( 45.23631582664122419, -14.21719745643600596, -35.03155733761760615 ) ) ;
#1911 = AXIS2_PLACEMENT_3D ( 'NONE', #3723, #3483, #1664 ) ;
#1912 = ORIENTED_EDGE ( 'NONE', *, *, #2146, .T. ) ;
#1913 = CARTESIAN_POINT ( 'NONE',  ( 50.49820473476076188, -32.28961698931753688, -12.57053872507689896 ) ) ;
#1914 = DIRECTION ( 'NONE',  ( 0.000000000000000000, 0.000000000000000000, -1.000000000000000000 ) ) ;
#1915 = B_SPLINE_CURVE_WITH_KNOTS ( 'NONE', 3,
 ( #584, #1710, #3824, #296, #2297, #1144, #3837, #2015, #283, #2313, #2970, #572, #2043, #2338, #2620, #2644, #2526, #2838, #3459, #775, #475, #241, #3779, #3818, #1385, #2928, #2270, #1410 ),
 .UNSPECIFIED., .F., .F.,
 ( 4, 2, 2, 2, 2, 2, 2, 2, 2, 2, 2, 2, 2, 4 ),
 ( 0.01433705883834252362, 0.01492369827887654425, 0.01551033771941056488, 0.01668361660047862349, 0.01727025604101264239, 0.01785689548154666476, 0.01903017436261470949, 0.01961681380314872838, 0.02020345324368275075, 0.02137673212475079895, 0.02196337156528482826, 0.02255001100581886103, 0.02313665044635289381, 0.02372328988688692658 ),
 .UNSPECIFIED. ) ;
#1916 = CARTESIAN_POINT ( 'NONE',  ( -120.4783094400364547, -23.06556876411280044, 10.63715103694322650 ) ) ;
#1917 = ORIENTED_EDGE ( 'NONE', *, *, #863, .T. ) ;
#1918 = CARTESIAN_POINT ( 'NONE',  ( 50.93009318218105363, -12.55763413735404299, -27.87822537698618675 ) ) ;
#1919 = VERTEX_POINT ( 'NONE', #402 ) ;
#1920 = DIRECTION ( 'NONE',  ( 1.000000000000000000, -0.000000000000000000, -0.000000000000000000 ) ) ;
#1921 = CARTESIAN_POINT ( 'NONE',  ( -123.4512555885012972, 2.127206873780866925, 28.49587781063569381 ) ) ;
#1922 = CARTESIAN_POINT ( 'NONE',  ( -124.4950588781319851, 21.91016930627617754, 12.85048596058907933 ) ) ;
#1923 = CYLINDRICAL_SURFACE ( 'NONE', #685, 2.675000000000000266 ) ;
#1924 = CARTESIAN_POINT ( 'NONE',  ( -121.8199999999999932, -22.84652500294739141, 10.10162342033470040 ) ) ;
#1925 = CARTESIAN_POINT ( 'NONE',  ( -121.1270465276249553, 25.93964663828366213, -11.98609710653912863 ) ) ;
#1926 = DIRECTION ( 'NONE',  ( 0.000000000000000000, 0.000000000000000000, 1.000000000000000000 ) ) ;
#1927 = CARTESIAN_POINT ( 'NONE',  ( 46.79593756133048288, 29.71987281904676337, -19.69743970904752928 ) ) ;
#1928 = CARTESIAN_POINT ( 'NONE',  ( -123.5862381969837571, 20.91952062850105776, -14.40656960124057129 ) ) ;
#1929 = VECTOR ( 'NONE', #2265, 1000.000000000000114 ) ;
#1930 = VERTEX_POINT ( 'NONE', #3398 ) ;
#1931 = CARTESIAN_POINT ( 'NONE',  ( 53.95666313486238153, 24.68072059351153769, 0.04182791426796449857 ) ) ;
#1932 = CARTESIAN_POINT ( 'NONE',  ( 61.62157334449335622, 2.110679503172478189E-15, 26.38645629485684907 ) ) ;
#1933 = CARTESIAN_POINT ( 'NONE',  ( -124.4774759248164884, 0.3521225885960317381, 28.57334454210320018 ) ) ;
#1934 = CARTESIAN_POINT ( 'NONE',  ( 47.63739443070281254, -17.69777776926571633, -33.35352931576376534 ) ) ;
#1935 = ORIENTED_EDGE ( 'NONE', *, *, #2739, .T. ) ;
#1936 = CARTESIAN_POINT ( 'NONE',  ( 52.38190195685164241, -21.09154900034457825, 8.408140359175012790 ) ) ;
#1937 = DIRECTION ( 'NONE',  ( 1.000000000000000000, 2.345013147653678429E-16, -0.000000000000000000 ) ) ;
#1938 = B_SPLINE_CURVE_WITH_KNOTS ( 'NONE', 3,
 ( #508, #797, #176, #2251, #518, #2204, #2221, #769, #236, #1083, #3787, #3467, #1366, #1620, #2831, #1918, #3773, #3179, #2573, #786, #3139, #192, #1347, #2559, #1662, #3157, #220, #3453, #2864, #1094 ),
 .UNSPECIFIED., .F., .F.,
 ( 4, 2, 2, 2, 2, 2, 2, 2, 2, 2, 2, 2, 2, 2, 4 ),
 ( 0.01282874169446898693, 0.01335170975663636100, 0.01387467781880373507, 0.01492061394313850230, 0.01544358200530588331, 0.01596655006747326605, 0.01701248619180802807, 0.01753545425397540561, 0.01805842231614278315, 0.01858139037831016069, 0.01910435844047753823, 0.01962732650264491577, 0.02015029456481229331, 0.02067326262697967085, 0.02119623068914704839 ),
 .UNSPECIFIED. ) ;
#1939 = ORIENTED_EDGE ( 'NONE', *, *, #2790, .F. ) ;
#1940 = LINE ( 'NONE', #1544, #1258 ) ;
#1941 = PERSON_AND_ORGANIZATION ( #2996, #2902 ) ;
#1942 = DIRECTION ( 'NONE',  ( 0.000000000000000000, 0.4999999999999987788, -0.8660254037844392627 ) ) ;
#1943 = CARTESIAN_POINT ( 'NONE',  ( 40.42013144146458359, -14.91698647848572534, 25.09546450464254264 ) ) ;
#1944 = AXIS2_PLACEMENT_3D ( 'NONE', #3007, #1214, #610 ) ;
#1945 = FACE_OUTER_BOUND ( 'NONE', #287, .T. ) ;
#1946 = LINE ( 'NONE', #1762, #2509 ) ;
#1947 = CARTESIAN_POINT ( 'NONE',  ( 48.37464498040348815, 10.34120600002601087, -28.72885308940937321 ) ) ;
#1948 = CARTESIAN_POINT ( 'NONE',  ( 48.63919886963390837, 23.50946274402977210, -15.09502768821331387 ) ) ;
#1949 = AXIS2_PLACEMENT_3D ( 'NONE', #2520, #3137, #134 ) ;
#1950 = ORIENTED_EDGE ( 'NONE', *, *, #2899, .F. ) ;
#1951 = CARTESIAN_POINT ( 'NONE',  ( 45.27278635166673837, 6.687394719704812474, -29.70627708360831676 ) ) ;
#1952 = EDGE_LOOP ( 'NONE', ( #126, #3296 ) ) ;
#1953 = CARTESIAN_POINT ( 'NONE',  ( -119.1623780387622418, -24.92076723299954111, 13.98268139648879504 ) ) ;
#1954 = ADVANCED_FACE ( 'NONE', ( #701 ), #2819, .T. ) ;
#1955 = ORIENTED_EDGE ( 'NONE', *, *, #1250, .F. ) ;
#1956 = EDGE_CURVE ( 'NONE', #47, #898, #3127, .T. ) ;
#1957 = CARTESIAN_POINT ( 'NONE',  ( 52.65052589610898082, -7.311893050952833484, 26.53164479672671661 ) ) ;
#1958 = PERSON_AND_ORGANIZATION_ROLE ( 'design_supplier' ) ;
#1959 = CARTESIAN_POINT ( 'NONE',  ( 47.77829594941912461, 30.17068175607590064, -18.82663854928452452 ) ) ;
#1960 = DIRECTION ( 'NONE',  ( 0.000000000000000000, 0.000000000000000000, 1.000000000000000000 ) ) ;
#1961 = CYLINDRICAL_SURFACE ( 'NONE', #920, 2.675000000000000711 ) ;
#1962 = ORIENTED_EDGE ( 'NONE', *, *, #3330, .T. ) ;
#1963 = CARTESIAN_POINT ( 'NONE',  ( 54.55337881728276272, 24.28670191899906428, 1.421399799611673842 ) ) ;
#1964 = CARTESIAN_POINT ( 'NONE',  ( -129.3899999999999579, 28.57500000000000284, -1.734723475976807094E-14 ) ) ;
#1965 = CARTESIAN_POINT ( 'NONE',  ( -123.1614297110497773, 2.320898577962930975, 28.48075650458305930 ) ) ;
#1966 = CARTESIAN_POINT ( 'NONE',  ( -124.2238211180700773, 22.56678932734303089, 11.65874574701537014 ) ) ;
#1967 = CARTESIAN_POINT ( 'NONE',  ( 46.81274558209680237, -31.67596666030635788, -14.60665065872011681 ) ) ;
#1968 = ORIENTED_EDGE ( 'NONE', *, *, #3689, .F. ) ;
#1969 = CARTESIAN_POINT ( 'NONE',  ( 49.71967013691926951, -30.52496952870766833, -18.20441561113762674 ) ) ;
#1970 = ORIENTED_EDGE ( 'NONE', *, *, #2500, .F. ) ;
#1971 = CARTESIAN_POINT ( 'NONE',  ( 51.98586968663177288, -20.31589903279974862, 8.002086975884461495 ) ) ;
#1972 = DIRECTION ( 'NONE',  ( 0.9942111271364116876, 1.115540246633153011E-17, -0.1074441002482028618 ) ) ;
#1973 = VERTEX_POINT ( 'NONE', #1260 ) ;
#1974 = CARTESIAN_POINT ( 'NONE',  ( 52.89769908215505723, 24.89231933099069494, -0.7997661797174566711 ) ) ;
#1975 = CARTESIAN_POINT ( 'NONE',  ( -121.8199999999999932, -20.53721785532329491, 14.94599219734139872 ) ) ;
#1976 = CARTESIAN_POINT ( 'NONE',  ( -120.0523615758046674, 2.015326548677616181, 28.50411154280725512 ) ) ;
#1977 = CARTESIAN_POINT ( 'NONE',  ( 45.48099468212587482, 6.161970093732706211, -29.86685481472828840 ) ) ;
#1978 = EDGE_CURVE ( 'NONE', #1907, #1973, #2229, .T. ) ;
#1979 = LINE ( 'NONE', #3195, #1019 ) ;
#1980 = CARTESIAN_POINT ( 'NONE',  ( -119.6926411032414705, -25.52217341231545333, 12.85186089044466407 ) ) ;
#1981 = CARTESIAN_POINT ( 'NONE',  ( 52.63647041711442398, -31.39458598394933375, -16.15373186814594675 ) ) ;
#1982 = VERTEX_POINT ( 'NONE', #1359 ) ;
#1983 = CARTESIAN_POINT ( 'NONE',  ( -129.3899999999999864, 2.624571171422672535E-15, -1.734723475976807094E-14 ) ) ;
#1984 = DIRECTION ( 'NONE',  ( -0.1074441002482028618, 0.000000000000000000, -0.9942111271364116876 ) ) ;
#1985 = CARTESIAN_POINT ( 'NONE',  ( 49.71967013691926951, -30.52496952870766833, -18.20441561113762674 ) ) ;
#1986 = ORIENTED_EDGE ( 'NONE', *, *, #2003, .F. ) ;
#1987 = CIRCLE ( 'NONE', #65, 1.000000000000011324 ) ;
#1988 = CARTESIAN_POINT ( 'NONE',  ( -124.1414551900345060, -21.29647064719552674, 13.84346726140132589 ) ) ;
#1989 = EDGE_CURVE ( 'NONE', #406, #1737, #1940, .T. ) ;
#1990 = DIRECTION ( 'NONE',  ( 0.9942111271364116876, 1.088868854195409421E-17, -0.1074441002482030560 ) ) ;
#1991 = CARTESIAN_POINT ( 'NONE',  ( 49.15272416160402713, 23.57280818417516599, -14.99304484540499338 ) ) ;
#1992 = CARTESIAN_POINT ( 'NONE',  ( 11.12042205715525611, 4.683101416269696800E-17, -1.368160893859793781 ) ) ;
#1993 = VERTEX_POINT ( 'NONE', #1872 ) ;
#1994 = CARTESIAN_POINT ( 'NONE',  ( 51.41831313166541406, 32.29732629630343155, 1.187339098381304803 ) ) ;
#1995 = DIRECTION ( 'NONE',  ( 9.713237310806269221E-16, 1.000000000000000000, 0.000000000000000000 ) ) ;
#1996 = B_SPLINE_CURVE_WITH_KNOTS ( 'NONE', 3,
 ( #2993, #3621, #2768, #1522, #1564, #3675, #1823, #1539, #3650, #3391, #688, #3687, #968, #2430, #2106, #381, #2417, #1862, #1875, #2096, #101, #661, #3346, #2722, #368, #2401, #955, #2706, #3048, #1837 ),
 .UNSPECIFIED., .F., .F.,
 ( 4, 2, 2, 2, 2, 2, 2, 2, 2, 2, 2, 2, 2, 2, 4 ),
 ( 0.01193537637951963722, 0.01245818879315577048, 0.01298100120679190200, 0.01402662603406418414, 0.01454943844770032954, 0.01507225086133647321, 0.01559506327497261861, 0.01611787568860876402, 0.01716350051588104442, 0.01768631292951718809, 0.01820912534315332829, 0.01873193775678946849, 0.01925475017042560869, 0.01977756258406175235, 0.02030037499769789255 ),
 .UNSPECIFIED. ) ;
#1997 = ORIENTED_EDGE ( 'NONE', *, *, #199, .T. ) ;
#1998 = CARTESIAN_POINT ( 'NONE',  ( 49.18689724042884848, -24.94342285953995031, -10.30459854323294167 ) ) ;
#1999 = TOROIDAL_SURFACE ( 'NONE', #1593, 29.59000000000001052, 1.014999999999997238 ) ;
#2000 = CARTESIAN_POINT ( 'NONE',  ( -124.3579169965425564, -21.55313224525282934, 13.44056229530736601 ) ) ;
#2001 = CARTESIAN_POINT ( 'NONE',  ( 51.26200186036724915, 21.55905237898364746, -19.21521827895437440 ) ) ;
#2002 = CARTESIAN_POINT ( 'NONE',  ( -96.42000000000000171, -29.58999999999980801, -1.025405792913743148E-14 ) ) ;
#2003 = EDGE_CURVE ( 'NONE', #1446, #1348, #2727, .T. ) ;
#2004 = CARTESIAN_POINT ( 'NONE',  ( 52.33460590585045225, -31.15150551846303628, -16.84258041946907625 ) ) ;
#2005 = CARTESIAN_POINT ( 'NONE',  ( -124.1416080563213029, -1.340267234078339031, -28.54392223754439328 ) ) ;
#2006 = ORIENTED_EDGE ( 'NONE', *, *, #1606, .T. ) ;
#2007 = CARTESIAN_POINT ( 'NONE',  ( 47.35795898415048555, -23.67961458898847482, -14.52798771970569902 ) ) ;
#2008 = CARTESIAN_POINT ( 'NONE',  ( -124.4780494729131988, -0.3482627896324719252, 25.39819765864752199 ) ) ;
#2009 = ORIENTED_EDGE ( 'NONE', *, *, #1235, .F. ) ;
#2010 = CARTESIAN_POINT ( 'NONE',  ( 53.72068808881359558, 12.97804820169030116, 24.56748375907433868 ) ) ;
#2011 = DIRECTION ( 'NONE',  ( 1.000000000000000000, -4.856618655403135597E-16, 0.000000000000000000 ) ) ;
#2012 = CARTESIAN_POINT ( 'NONE',  ( -112.9499999999999602, 2.952298723773141139E-15, -1.387778780781445676E-14 ) ) ;
#2013 = B_SPLINE_CURVE_WITH_KNOTS ( 'NONE', 3,
 ( #2802, #2188, #12, #294, #1458, #1090, #3780, #2983, #806, #2658, #3189, #2955, #2884, #1374, #1102, #2871, #1953, #791, #1669, #1397, #514, #1980, #2258, #3862, #526, #3498, #2041, #3794, #307, #2336, #2641, #3627 ),
 .UNSPECIFIED., .F., .F.,
 ( 4, 2, 2, 2, 2, 2, 2, 2, 2, 2, 2, 2, 2, 2, 2, 4 ),
 ( 0.0009267336200534727645, 0.001449765288972426928, 0.001972796957891380983, 0.002495828626810335255, 0.003018860295729289527, 0.004064923633567227128, 0.004587955302486185737, 0.005110986971405144345, 0.005634018640324102954, 0.006157050309243062430, 0.006680081978162021039, 0.007203113647080979648, 0.007726145315999938257, 0.008249176984918896866, 0.008772208653837855474, 0.009295240322756814083 ),
 .UNSPECIFIED. ) ;
#2014 = CYLINDRICAL_SURFACE ( 'NONE', #3263, 2.999999999999998224 ) ;
#2015 = CARTESIAN_POINT ( 'NONE',  ( 55.61182498579906763, -9.328471052348731973, 17.58663801454642694 ) ) ;
#2016 = CARTESIAN_POINT ( 'NONE',  ( 52.37920440647906872, -23.57919206657813760, 3.671666627409856609 ) ) ;
#2017 = FACE_OUTER_BOUND ( 'NONE', #798, .T. ) ;
#2018 = CARTESIAN_POINT ( 'NONE',  ( 54.92388453182323360, -12.50864020321285786, 24.63540334877111704 ) ) ;
#2019 = AXIS2_PLACEMENT_3D ( 'NONE', #1696, #1937, #2939 ) ;
#2020 = CARTESIAN_POINT ( 'NONE',  ( -0.1710626390779151906, 1.823539765631583822E-15, 25.39999999999996305 ) ) ;
#2021 = CARTESIAN_POINT ( 'NONE',  ( 49.67733298659376118, 23.59778914687457174, -14.98676418666319066 ) ) ;
#2022 = CARTESIAN_POINT ( 'NONE',  ( 48.01503957117883914, -14.10306748525645837, -26.60334593301766404 ) ) ;
#2023 = EDGE_CURVE ( 'NONE', #1492, #3416, #26, .T. ) ;
#2024 = CARTESIAN_POINT ( 'NONE',  ( 46.71695641454108738, -31.38551493967435491, -15.53681594337937710 ) ) ;
#2025 = ORIENTED_EDGE ( 'NONE', *, *, #2368, .F. ) ;
#2026 = CARTESIAN_POINT ( 'NONE',  ( 54.43007875832008580, -28.25750171094983543, 11.13436601518565006 ) ) ;
#2027 = ORIENTED_EDGE ( 'NONE', *, *, #459, .T. ) ;
#2028 = CARTESIAN_POINT ( 'NONE',  ( 47.93349457434563021, 27.96536354976175431, -23.00614544750785484 ) ) ;
#2029 = CARTESIAN_POINT ( 'NONE',  ( 56.74053884277108750, -11.12969578294112694, 24.97092814522650883 ) ) ;
#2030 = CARTESIAN_POINT ( 'NONE',  ( 56.56856892921243940, 14.95675508559555489, 23.33211343903370505 ) ) ;
#2031 = ORIENTED_EDGE ( 'NONE', *, *, #2551, .F. ) ;
#2032 = APPROVAL_PERSON_ORGANIZATION ( #1130, #2471, #3501 ) ;
#2033 = AXIS2_PLACEMENT_3D ( 'NONE', #3616, #630, #1805 ) ;
#2034 = CARTESIAN_POINT ( 'NONE',  ( -120.6330801401057329, 2.403661681566095165, -25.28610225401203238 ) ) ;
#2035 = CARTESIAN_POINT ( 'NONE',  ( 51.50831625000487435, 21.70067439505804074, -19.01044956414036946 ) ) ;
#2036 = CARTESIAN_POINT ( 'NONE',  ( 52.41388394595043820, -30.36267585655173917, 7.222825859884385302 ) ) ;
#2037 = CIRCLE ( 'NONE', #3358, 28.57499999999999218 ) ;
#2038 = LINE ( 'NONE', #2762, #2805 ) ;
#2039 = CARTESIAN_POINT ( 'NONE',  ( -129.6899999999999977, 3.536167632537978981E-15, 28.87499999999995737 ) ) ;
#2040 = DIRECTION ( 'NONE',  ( -0.9942111271364116876, 0.000000000000000000, 0.1074441002482028756 ) ) ;
#2041 = CARTESIAN_POINT ( 'NONE',  ( -120.6345269102718163, -25.86116743121756301, 12.15463572012594717 ) ) ;
#2042 = ORIENTED_EDGE ( 'NONE', *, *, #443, .F. ) ;
#2043 = CARTESIAN_POINT ( 'NONE',  ( 56.35754432719367912, -7.804953359569614335, 18.05812820841350330 ) ) ;
#2044 = CARTESIAN_POINT ( 'NONE',  ( 48.99651721912922397, -23.22984590064204369, -15.79437691429058965 ) ) ;
#2045 = CARTESIAN_POINT ( 'NONE',  ( -119.8051774549171000, -1.768186488541379164, 25.33868163300016363 ) ) ;
#2046 = CIRCLE ( 'NONE', #1372, 33.02000000000001734 ) ;
#2047 = CARTESIAN_POINT ( 'NONE',  ( -124.4950000000051915, 0.3536127072357887480, -28.57500000000050022 ) ) ;
#2048 = CARTESIAN_POINT ( 'NONE',  ( -124.4780640116191393, 0.3483541465398132253, -25.39819903414895563 ) ) ;
#2049 = CARTESIAN_POINT ( 'NONE',  ( 49.76494501210309807, -29.17275765190162673, 10.01495805368988279 ) ) ;
#2050 = VERTEX_POINT ( 'NONE', #808 ) ;
#2051 = EDGE_CURVE ( 'NONE', #2529, #1919, #2999, .T. ) ;
#2052 = DIRECTION ( 'NONE',  ( 0.000000000000000000, 0.4637923611458446560, 0.8859439292318461723 ) ) ;
#2053 = ORIENTED_EDGE ( 'NONE', *, *, #749, .T. ) ;
#2054 = ADVANCED_FACE ( 'NONE', ( #232, #862, #2367, #1587 ), #2322, .T. ) ;
#2055 = CARTESIAN_POINT ( 'NONE',  ( -121.8199999999999932, 1.734723475976807094E-15, -24.83905785565821134 ) ) ;
#2056 = CARTESIAN_POINT ( 'NONE',  ( -121.6433207300826922, -2.674868867010415485, 25.25876237192728269 ) ) ;
#2057 = CARTESIAN_POINT ( 'NONE',  ( 46.42909072544613736, 12.43414145404109483, -35.95159601394242088 ) ) ;
#2058 = ORIENTED_EDGE ( 'NONE', *, *, #2704, .T. ) ;
#2059 = CARTESIAN_POINT ( 'NONE',  ( -119.2817737068109665, 0.8621960778042242479, -28.56244362521122682 ) ) ;
#2060 = CARTESIAN_POINT ( 'NONE',  ( -124.2247238089992862, 1.184607016886550790, -25.37287266784108652 ) ) ;
#2061 = CARTESIAN_POINT ( 'NONE',  ( -2.341213143363142013, -25.40000000000008029, -14.87897551572345023 ) ) ;
#2062 = CARTESIAN_POINT ( 'NONE',  ( 55.09112034846891959, -29.26133376971420574, 9.273139725178957349 ) ) ;
#2063 = CARTESIAN_POINT ( 'NONE',  ( -119.1449999999999960, 2.062316513048878560E-15, -28.57500000000001705 ) ) ;
#2064 = CARTESIAN_POINT ( 'NONE',  ( 52.20339810231631361, 32.28056543209302731, 1.181496231786290263 ) ) ;
#2065 = DIRECTION ( 'NONE',  ( -4.731699523581602099E-16, -0.8660254037844392627, -0.4999999999999988898 ) ) ;
#2066 = CARTESIAN_POINT ( 'NONE',  ( -119.4154813032985913, -24.13316883963975457, -15.30186740937024048 ) ) ;
#2067 = CARTESIAN_POINT ( 'NONE',  ( 51.54019018524765272, 23.22323118543633669, 1.508186499932325120 ) ) ;
#2068 = VERTEX_POINT ( 'NONE', #1424 ) ;
#2069 = CARTESIAN_POINT ( 'NONE',  ( -124.3580856004331991, 0.8626191899665697216, -25.38585923966402547 ) ) ;
#2070 = CARTESIAN_POINT ( 'NONE',  ( -123.5866684935078013, -25.69331894507745417, 12.50596874487138344 ) ) ;
#2071 = EDGE_LOOP ( 'NONE', ( #1391, #3103, #614, #2102, #2569, #1569 ) ) ;
#2072 = CARTESIAN_POINT ( 'NONE',  ( -129.6899999999999977, 6.463991967599519128E-15, 30.58999999999998565 ) ) ;
#2073 = ADVANCED_FACE ( 'NONE', ( #1368 ), #1677, .T. ) ;
#2074 = EDGE_CURVE ( 'NONE', #1737, #2817, #3527, .T. ) ;
#2075 = DIRECTION ( 'NONE',  ( 0.1074441002482030422, 0.000000000000000000, 0.9942111271364116876 ) ) ;
#2076 = CARTESIAN_POINT ( 'NONE',  ( 54.66144646562552367, 31.73109623362622855, 3.117049510139758617 ) ) ;
#2077 = EDGE_LOOP ( 'NONE', ( #1713, #2481 ) ) ;
#2078 = CARTESIAN_POINT ( 'NONE',  ( -123.5870131298945438, -2.016046329547158678, -25.32017427730900039 ) ) ;
#2079 = CARTESIAN_POINT ( 'NONE',  ( -119.1623916222524713, 21.81998330397258101, -13.00298379035105434 ) ) ;
#2080 = LOCAL_TIME ( 18, 3, 18.00000000000000000, #1532 ) ;
#2081 = CARTESIAN_POINT ( 'NONE',  ( -112.9499999999999602, -29.58999999999999986, -1.025405792913743937E-14 ) ) ;
#2082 = ORIENTED_EDGE ( 'NONE', *, *, #2457, .F. ) ;
#2083 = CARTESIAN_POINT ( 'NONE',  ( -120.9555832598176863, 2.537540351552434181, -28.46218661118870230 ) ) ;
#2084 = VECTOR ( 'NONE', #938, 1000.000000000000114 ) ;
#2085 = CARTESIAN_POINT ( 'NONE',  ( 55.82641832267462689, 12.02723402717343149, 16.30339060581709276 ) ) ;
#2086 = CARTESIAN_POINT ( 'NONE',  ( 49.90104292664931762, -21.77171459973064316, 7.602313140960755611 ) ) ;
#2087 = ADVANCED_FACE ( 'NONE', ( #3854 ), #37, .T. ) ;
#2088 = AXIS2_PLACEMENT_3D ( 'NONE', #2485, #738, #2814 ) ;
#2089 = DIRECTION ( 'NONE',  ( -1.000000000000000000, 0.000000000000000000, 0.000000000000000000 ) ) ;
#2090 = CARTESIAN_POINT ( 'NONE',  ( -119.8058893247212353, 22.82839434257872213, -11.13731027497571624 ) ) ;
#2091 = CARTESIAN_POINT ( 'NONE',  ( 52.32470867701737660, -12.08714128524553288, 25.08618382883171449 ) ) ;
#2092 = ORIENTED_EDGE ( 'NONE', *, *, #3486, .T. ) ;
#2093 = EDGE_CURVE ( 'NONE', #2718, #1690, #1001, .T. ) ;
#2094 = DIRECTION ( 'NONE',  ( 1.000000000000000000, 3.619642959912458175E-17, 0.000000000000000000 ) ) ;
#2095 = CARTESIAN_POINT ( 'NONE',  ( 50.40592319269781996, -28.45323762056728611, 11.23947686221364428 ) ) ;
#2096 = CARTESIAN_POINT ( 'NONE',  ( 51.23872627752862030, 30.02455348366158816, -19.52657728143309512 ) ) ;
#2097 = ORIENTED_EDGE ( 'NONE', *, *, #1864, .T. ) ;
#2098 = CARTESIAN_POINT ( 'NONE',  ( -123.1614970625970216, 2.320858382885942373, 25.29393339854082257 ) ) ;
#2099 = CARTESIAN_POINT ( 'NONE',  ( -119.4995585259732565, -1.342211355312882715, -28.54382814373357746 ) ) ;
#2100 = CARTESIAN_POINT ( 'NONE',  ( 54.19789346676170538, 30.86418607722697161, 5.781310312772336424 ) ) ;
#2101 = DIRECTION ( 'NONE',  ( -0.1074441002482028340, 0.000000000000000000, -0.9942111271364117986 ) ) ;
#2102 = ORIENTED_EDGE ( 'NONE', *, *, #1631, .T. ) ;
#2103 = CARTESIAN_POINT ( 'NONE',  ( -119.2304510816302354, 22.33587735087822779, -12.09536626896337630 ) ) ;
#2104 = EDGE_CURVE ( 'NONE', #836, #1919, #3804, .T. ) ;
#2105 = CARTESIAN_POINT ( 'NONE',  ( -123.9473808974961742, -21.13647412660427705, -14.08654043727001337 ) ) ;
#2106 = CARTESIAN_POINT ( 'NONE',  ( 51.78484988758729912, 29.25335943996151755, -21.16833676839634748 ) ) ;
#2107 = ADVANCED_FACE ( 'NONE', ( #2959 ), #2862, .F. ) ;
#2108 = CARTESIAN_POINT ( 'NONE',  ( -124.1403833491618656, 1.342306544322766415, 25.36492162717932075 ) ) ;
#2109 = DIRECTION ( 'NONE',  ( 0.9942111271364117986, -1.101074672228211888E-16, -0.1074441002482030283 ) ) ;
#2110 = CARTESIAN_POINT ( 'NONE',  ( 51.16991277694065587, -23.57141057540369999, 3.821954978528690816 ) ) ;
#2111 = CIRCLE ( 'NONE', #1716, 30.59000000000000341 ) ;
#2112 = ORIENTED_EDGE ( 'NONE', *, *, #46, .F. ) ;
#2113 = CARTESIAN_POINT ( 'NONE',  ( -120.4799582013904882, 23.50409844858230812, -16.25107855137841639 ) ) ;
#2114 = CARTESIAN_POINT ( 'NONE',  ( 51.56914006574721299, 23.20801320296249060, 4.642875149152152936 ) ) ;
#2115 = LINE ( 'NONE', #1924, #2946 ) ;
#2116 = CARTESIAN_POINT ( 'NONE',  ( 44.47280093225037234, 8.938381275528987757, -36.94683246969034229 ) ) ;
#2117 = AXIS2_PLACEMENT_3D ( 'NONE', #2909, #3532, #1719 ) ;
#2118 = EDGE_LOOP ( 'NONE', ( #595, #3769, #1284 ) ) ;
#2119 = CARTESIAN_POINT ( 'NONE',  ( -123.1656674420374884, -23.07297050487571610, -10.62148724098777919 ) ) ;
#2120 = CARTESIAN_POINT ( 'NONE',  ( -119.4986146587145299, 22.63706113462970393, 11.52148531770676065 ) ) ;
#2121 = ORIENTED_EDGE ( 'NONE', *, *, #3002, .T. ) ;
#2122 = CALENDAR_DATE ( 2024, 25, 1 ) ;
#2123 = VERTEX_POINT ( 'NONE', #1490 ) ;
#2124 = CARTESIAN_POINT ( 'NONE',  ( 48.45019393840387778, -13.71450915914546442, -25.83246196240841996 ) ) ;
#2125 = CARTESIAN_POINT ( 'NONE',  ( 53.16770330482910367, 9.404484884513408360, 17.82000749506310910 ) ) ;
#2126 = CARTESIAN_POINT ( 'NONE',  ( 47.78116268734651584, 6.908257749256994096, -37.80737470769727793 ) ) ;
#2127 = CARTESIAN_POINT ( 'NONE',  ( 51.86361424653373575, -5.047044500432983583, 19.26746326408792243 ) ) ;
#2128 = CIRCLE ( 'NONE', #3303, 33.02000000000001734 ) ;
#2129 = FACE_OUTER_BOUND ( 'NONE', #2792, .T. ) ;
#2130 = ADVANCED_FACE ( 'NONE', ( #1279 ), #2176, .T. ) ;
#2131 = DIRECTION ( 'NONE',  ( 0.000000000000000000, 0.000000000000000000, -1.000000000000000000 ) ) ;
#2132 = CARTESIAN_POINT ( 'NONE',  ( 44.41289632025906542, 10.06518123285886723, -36.59835383965684485 ) ) ;
#2133 = EDGE_LOOP ( 'NONE', ( #2740, #677, #3122, #2009 ) ) ;
#2134 = CARTESIAN_POINT ( 'NONE',  ( -120.1886402045826259, -20.85637617555854462, -14.49762110168506446 ) ) ;
#2135 = CARTESIAN_POINT ( 'NONE',  ( -120.4792212608854527, 23.06583827683230936, 10.63657406781144132 ) ) ;
#2136 = FACE_BOUND ( 'NONE', #2262, .T. ) ;
#2137 = CARTESIAN_POINT ( 'NONE',  ( -119.1449999999999818, 0.1746875962084858125, -25.40000000000000924 ) ) ;
#2138 = CARTESIAN_POINT ( 'NONE',  ( 51.83406984697604258, 13.89207261099599755, 15.62022805697872130 ) ) ;
#2139 = CARTESIAN_POINT ( 'NONE',  ( 10.56504657315493034, 4.499345420280942527E-17, -1.308141630798236976 ) ) ;
#2140 = CARTESIAN_POINT ( 'NONE',  ( 50.20957376637554859, 8.939366769269037505, -37.56504285086529649 ) ) ;
#2141 = CARTESIAN_POINT ( 'NONE',  ( 50.69556029052121460, -21.37407979319322138, 8.157881924076383129 ) ) ;
#2142 = AXIS2_PLACEMENT_3D ( 'NONE', #712, #1390, #1271 ) ;
#2143 = CARTESIAN_POINT ( 'NONE',  ( -121.4710789056901916, 23.30050418053376760, -16.54137630104969858 ) ) ;
#2144 = CARTESIAN_POINT ( 'NONE',  ( -113.9500000000000171, 29.59000000000000341, -1.387778780781445676E-14 ) ) ;
#2145 = ORIENTED_EDGE ( 'NONE', *, *, #1319, .T. ) ;
#2146 = EDGE_CURVE ( 'NONE', #2267, #3803, #1119, .T. ) ;
#2147 = CARTESIAN_POINT ( 'NONE',  ( -124.1414565079653158, -22.63702886673882730, -11.52155253812057367 ) ) ;
#2148 = CARTESIAN_POINT ( 'NONE',  ( -119.4163484762992056, 21.38000459559592059, 13.71428554116876164 ) ) ;
#2149 = DIRECTION ( 'NONE',  ( 0.000000000000000000, 0.000000000000000000, 1.000000000000000000 ) ) ;
#2150 = DIRECTION ( 'NONE',  ( -0.09507010545186059258, -0.4659079677327933044, -0.8797109983696183022 ) ) ;
#2151 = CYLINDRICAL_SURFACE ( 'NONE', #2589, 2.675000000000000266 ) ;
#2152 = CARTESIAN_POINT ( 'NONE',  ( -121.9945196074431379, 25.97550418053376475, 11.90814039080294684 ) ) ;
#2153 = CARTESIAN_POINT ( 'NONE',  ( 50.06201160761119695, 11.12598704335653110, -36.84721173474380862 ) ) ;
#2154 = CARTESIAN_POINT ( 'NONE',  ( 48.49427357553180684, -17.61906377635422416, -33.49630240308556495 ) ) ;
#2155 = CARTESIAN_POINT ( 'NONE',  ( -124.2230070845828607, -25.31980143933956384, 13.24630415013744411 ) ) ;
#2156 = EDGE_LOOP ( 'NONE', ( #4, #2508 ) ) ;
#2157 = CARTESIAN_POINT ( 'NONE',  ( 48.45019393840387778, -8.986640815017040040, -28.33641102750306473 ) ) ;
#2158 = ORIENTED_EDGE ( 'NONE', *, *, #3233, .T. ) ;
#2159 = CARTESIAN_POINT ( 'NONE',  ( 52.86043593790989092, -24.55735457738709471, -12.40770523095266320 ) ) ;
#2160 = CARTESIAN_POINT ( 'NONE',  ( -124.4949999999999903, -1.734723475976807094E-15, 28.93722497036231545 ) ) ;
#2161 = CC_DESIGN_PERSON_AND_ORGANIZATION_ASSIGNMENT ( #1941, #1387, ( #845 ) ) ;
#2162 = CARTESIAN_POINT ( 'NONE',  ( -121.9945180209739419, 23.30050418053377825, -16.54137630104969503 ) ) ;
#2163 = LINE ( 'NONE', #2847, #1399 ) ;
#2164 = DIRECTION ( 'NONE',  ( 0.000000000000000000, -0.8837137091828839441, 0.4680278626345116266 ) ) ;
#2165 = ORIENTED_EDGE ( 'NONE', *, *, #2303, .F. ) ;
#2166 = DATE_AND_TIME ( #1266, #3000 ) ;
#2167 = CARTESIAN_POINT ( 'NONE',  ( -122.1683998400381626, -23.20530758500256852, -10.32835344471506112 ) ) ;
#2168 = CARTESIAN_POINT ( 'NONE',  ( -121.1251145458758600, -23.17703467198532152, 10.39164320122787899 ) ) ;
#2169 = CARTESIAN_POINT ( 'NONE',  ( -119.2818278097766296, -0.8625427840720076844, 28.56243781684039718 ) ) ;
#2170 = ORIENTED_EDGE ( 'NONE', *, *, #636, .F. ) ;
#2171 = EDGE_CURVE ( 'NONE', #1749, #84, #3248, .T. ) ;
#2172 = CYLINDRICAL_SURFACE ( 'NONE', #1844, 30.59000000000000341 ) ;
#2173 = CARTESIAN_POINT ( 'NONE',  ( 52.55960582829398220, -23.86753598673071863, -14.58792078505563694 ) ) ;
#2174 = CARTESIAN_POINT ( 'NONE',  ( -124.3577845618885362, 24.30401698332721594, 15.02901606141773350 ) ) ;
#2175 = CARTESIAN_POINT ( 'NONE',  ( -122.6818772893172991, 23.37971131285825521, -16.42937153762945357 ) ) ;
#2176 = CONICAL_SURFACE ( 'NONE', #3775, 29.59000000000000341, 0.7853981633974517207 ) ;
#2177 = AXIS2_PLACEMENT_3D ( 'NONE', #2913, #2349, #2994 ) ;
#2178 = ORIENTED_EDGE ( 'NONE', *, *, #350, .T. ) ;
#2179 = CARTESIAN_POINT ( 'NONE',  ( 54.04720257465699973, -21.49952429584520530, 7.597148645251061261 ) ) ;
#2180 = DIRECTION ( 'NONE',  ( -0.05005906239151793058, 0.8848331851841337858, -0.4632108857414542480 ) ) ;
#2181 = ORIENTED_EDGE ( 'NONE', *, *, #2074, .F. ) ;
#2182 = CARTESIAN_POINT ( 'NONE',  ( -119.1626350842496862, -22.17188823444722345, 12.39341504178643660 ) ) ;
#2183 = VECTOR ( 'NONE', #2065, 1000.000000000000114 ) ;
#2184 = CARTESIAN_POINT ( 'NONE',  ( -123.0079568371814105, -2.403129563826239767, 28.47385008208739166 ) ) ;
#2185 = CARTESIAN_POINT ( 'NONE',  ( -123.5884345809919154, 23.67802372112440068, 15.99678342160416911 ) ) ;
#2186 = CARTESIAN_POINT ( 'NONE',  ( 46.45625732040662825, -13.16381740436943026, -35.64584859703757047 ) ) ;
#2187 = AXIS2_PLACEMENT_3D ( 'NONE', #531, #246, #3813 ) ;
#2188 = CARTESIAN_POINT ( 'NONE',  ( -121.6434961221750655, -23.30050418053377115, 16.54137630104967371 ) ) ;
#2189 = CARTESIAN_POINT ( 'NONE',  ( 11.12042205715525611, 4.683101416269696800E-17, -1.368160893859793781 ) ) ;
#2190 = CIRCLE ( 'NONE', #2394, 33.02000000000001734 ) ;
#2191 = EDGE_CURVE ( 'NONE', #193, #996, #132, .T. ) ;
#2192 = LINE ( 'NONE', #2791, #2334 ) ;
#2193 = CARTESIAN_POINT ( 'NONE',  ( -123.0095311452077027, 23.09968723775717336, -10.56262343347886556 ) ) ;
#2194 = CARTESIAN_POINT ( 'NONE',  ( -123.1615040019637490, -2.320906774919640370, 28.48075726826893117 ) ) ;
#2195 = CARTESIAN_POINT ( 'NONE',  ( 55.65872165585545872, 13.49351777176200784, 24.13141193829606834 ) ) ;
#2196 = CARTESIAN_POINT ( 'NONE',  ( -119.1449999999999960, -1.407130451232264994E-15, 25.39999999999998082 ) ) ;
#2197 = DIRECTION ( 'NONE',  ( -1.000000000000000000, 1.374771665667168626E-32, -2.345013147653691741E-16 ) ) ;
#2198 = CARTESIAN_POINT ( 'NONE',  ( 46.29930340078566786, -13.23372674044736819, -35.59830046583543606 ) ) ;
#2199 = DIRECTION ( 'NONE',  ( 0.000000000000000000, 0.000000000000000000, -1.000000000000000000 ) ) ;
#2200 = CARTESIAN_POINT ( 'NONE',  ( -120.9578017193935153, 23.37974082173012391, 16.42933119155316035 ) ) ;
#2201 = B_SPLINE_CURVE_WITH_KNOTS ( 'NONE', 3,
 ( #1141, #2243, #1668, #2256, #2897, #525, #254, #3202, #2283, #3231, #513, #2566, #804, #2883, #2024, #3793, #2239, #1967, #1101, #240, #2550, #3737, #3187, #2227, #524, #2537, #2269, #852, #2557, #2877 ),
 .UNSPECIFIED., .F., .F.,
 ( 4, 2, 2, 2, 2, 2, 2, 2, 2, 2, 2, 2, 2, 2, 4 ),
 ( 0.003413452311143666366, 0.004586711402556122377, 0.005173340948262352551, 0.005759970493968583592, 0.006346600039674814633, 0.006933229585381044807, 0.007519859131087274981, 0.008106488676793508624, 0.008693118222499744002, 0.009279747768205977645, 0.009866377313912211289, 0.01045300685961844667, 0.01162626595103091742, 0.01221289549673714239, 0.01279952504244336736 ),
 .UNSPECIFIED. ) ;
#2202 = ORIENTED_EDGE ( 'NONE', *, *, #2899, .T. ) ;
#2203 = CARTESIAN_POINT ( 'NONE',  ( -120.6350024380832622, -23.10062400093219281, 10.56057274492982856 ) ) ;
#2204 = CARTESIAN_POINT ( 'NONE',  ( 49.70020300785227363, -9.780493052090303507, -29.11589667308778218 ) ) ;
#2205 = CARTESIAN_POINT ( 'NONE',  ( 53.83147518904066686, 23.51619117500768397, 3.672185828165296151 ) ) ;
#2206 = CARTESIAN_POINT ( 'NONE',  ( 50.14308530236377237, 9.710445440299753983, -29.19293434117919617 ) ) ;
#2207 = CARTESIAN_POINT ( 'NONE',  ( -124.1404293390264968, 1.342228956952215002, 28.54382720686386321 ) ) ;
#2208 = ORIENTED_EDGE ( 'NONE', *, *, #2171, .T. ) ;
#2209 = CARTESIAN_POINT ( 'NONE',  ( 45.17551463423873770, 7.807004004881234138, -29.36285246651033276 ) ) ;
#2210 = CYLINDRICAL_SURFACE ( 'NONE', #2625, 30.59000000000000341 ) ;
#2211 = CYLINDRICAL_SURFACE ( 'NONE', #750, 2.674999999999998934 ) ;
#2212 = ORIENTED_EDGE ( 'NONE', *, *, #853, .T. ) ;
#2213 = EDGE_CURVE ( 'NONE', #1314, #2380, #3570, .T. ) ;
#2214 = CARTESIAN_POINT ( 'NONE',  ( 37.76751174659052168, -33.12861808112909046, 25.58628701768133951 ) ) ;
#2215 = CARTESIAN_POINT ( 'NONE',  ( -120.1879558604442906, 23.61483423744918397, -16.08974213284720278 ) ) ;
#2216 = CYLINDRICAL_SURFACE ( 'NONE', #251, 2.675000000000003375 ) ;
#2217 =( LENGTH_UNIT ( ) NAMED_UNIT ( * ) SI_UNIT ( .MILLI., .METRE. ) );
#2218 = CYLINDRICAL_SURFACE ( 'NONE', #939, 2.999999999999999556 ) ;
#2219 = CARTESIAN_POINT ( 'NONE',  ( 46.57873743557161816, 28.68944095300666319, -21.64341759713084556 ) ) ;
#2220 = CARTESIAN_POINT ( 'NONE',  ( -120.0491703685172382, -20.92190572965469997, 14.40309530064656940 ) ) ;
#2221 = CARTESIAN_POINT ( 'NONE',  ( 49.99538057379669453, -9.978653627192723974, -29.06460584197670727 ) ) ;
#2222 = CARTESIAN_POINT ( 'NONE',  ( 52.77996969656784643, 30.54538554417137775, 6.744780987836456632 ) ) ;
#2223 =( BOUNDED_CURVE ( )  B_SPLINE_CURVE ( 3, ( #3718, #1335, #3450, #2807 ),
 .UNSPECIFIED., .F., .T. ) 
 B_SPLINE_CURVE_WITH_KNOTS ( ( 4, 4 ),
 ( 0.000000000000000000, 1.570796326794909215 ),
 .UNSPECIFIED. ) 
 CURVE ( )  GEOMETRIC_REPRESENTATION_ITEM ( )  RATIONAL_B_SPLINE_CURVE ( ( 1.000000000000000000, 0.8047378541243619399, 0.8047378541243619399, 1.000000000000000000 ) ) 
 REPRESENTATION_ITEM ( '' )  );
#2224 = DIRECTION ( 'NONE',  ( 0.000000000000000000, 0.000000000000000000, 1.000000000000000000 ) ) ;
#2225 = CARTESIAN_POINT ( 'NONE',  ( 49.15167376590802206, 21.10121532587987048, -19.69907527902189415 ) ) ;
#2226 = CARTESIAN_POINT ( 'NONE',  ( 45.57568459517776205, 5.993767517244640963, -29.91864640453986368 ) ) ;
#2227 = CARTESIAN_POINT ( 'NONE',  ( 47.87487563928485201, -32.12019058536802874, -13.04680413721978915 ) ) ;
#2228 = AXIS2_PLACEMENT_3D ( 'NONE', #2214, #2540, #1065 ) ;
#2229 = CIRCLE ( 'NONE', #1439, 25.39999999999999858 ) ;
#2230 = CARTESIAN_POINT ( 'NONE',  ( 54.43729644444007221, -21.78425848495802342, 7.089190274821555171 ) ) ;
#2231 = CARTESIAN_POINT ( 'NONE',  ( 50.68507681468677362, -32.28182878891372809, -12.62746325204192210 ) ) ;
#2232 = CARTESIAN_POINT ( 'NONE',  ( -120.4777778769114320, -23.50487033825816852, -16.24995824574387626 ) ) ;
#2233 = ORIENTED_EDGE ( 'NONE', *, *, #3474, .T. ) ;
#2234 = CARTESIAN_POINT ( 'NONE',  ( 56.29665838962898761, 16.31840782692602687, 22.62319452168677003 ) ) ;
#2235 = CARTESIAN_POINT ( 'NONE',  ( 81.76081986063759643, 1.823539765631578694E-15, 16.54564587284526667 ) ) ;
#2236 = CARTESIAN_POINT ( 'NONE',  ( -124.4776380892866428, -21.82006689092015961, 13.00284517200294943 ) ) ;
#2237 = ORIENTED_EDGE ( 'NONE', *, *, #1055, .T. ) ;
#2238 = CARTESIAN_POINT ( 'NONE',  ( 49.50182385620659176, 21.11026993102647253, -19.72330275420497259 ) ) ;
#2239 = CARTESIAN_POINT ( 'NONE',  ( 46.73631598119268205, -31.56366889458269043, -14.97380411612215667 ) ) ;
#2240 = EDGE_CURVE ( 'NONE', #2375, #3606, #1822, .T. ) ;
#2241 = VECTOR ( 'NONE', #2180, 1000.000000000000000 ) ;
#2242 = AXIS2_PLACEMENT_3D ( 'NONE', #2532, #2506, #3155 ) ;
#2243 = CARTESIAN_POINT ( 'NONE',  ( 49.32863610233538765, -30.50958424305493466, -18.19967156880698411 ) ) ;
#2244 = CC_DESIGN_APPROVAL ( #2471, ( #2944 ) ) ;
#2245 = FACE_BOUND ( 'NONE', #667, .T. ) ;
#2246 = CARTESIAN_POINT ( 'NONE',  ( 31.17041605398638637, 5.090187566222019331E-15, -3.534957770471102823 ) ) ;
#2247 = EDGE_CURVE ( 'NONE', #277, #533, #2574, .T. ) ;
#2248 = CARTESIAN_POINT ( 'NONE',  ( 46.71249534411070670, 29.64838561218560997, -19.83612581871339131 ) ) ;
#2249 = FACE_OUTER_BOUND ( 'NONE', #127, .T. ) ;
#2250 = CARTESIAN_POINT ( 'NONE',  ( 53.94624828896753854, -12.61062957464702983, 24.69843770790879134 ) ) ;
#2251 = CARTESIAN_POINT ( 'NONE',  ( 49.05366619309000953, -9.516566676228517707, -29.15459557101294052 ) ) ;
#2252 = CARTESIAN_POINT ( 'NONE',  ( -124.2236515324296136, -21.38000460933307423, 13.71428551913266602 ) ) ;
#2253 = VERTEX_POINT ( 'NONE', #299 ) ;
#2254 = CARTESIAN_POINT ( 'NONE',  ( 54.26845850704557961, 23.73884009664208961, 3.057892167699529207 ) ) ;
#2255 = CARTESIAN_POINT ( 'NONE',  ( -119.1449999999999960, -1.407130455283854603E-15, 28.57499999999998153 ) ) ;
#2256 = CARTESIAN_POINT ( 'NONE',  ( 48.39126078577716328, -30.58784477191546713, -17.90657023740764231 ) ) ;
#2257 = ORIENTED_EDGE ( 'NONE', *, *, #3708, .F. ) ;
#2258 = CARTESIAN_POINT ( 'NONE',  ( -119.8037498979627884, -25.58294674884801978, 12.73024236848142721 ) ) ;
#2259 = CARTESIAN_POINT ( 'NONE',  ( 48.81886511438442255, 31.57161999777817485, 4.288360054065152305 ) ) ;
#2260 = B_SPLINE_CURVE_WITH_KNOTS ( 'NONE', 3,
 ( #3765, #3792, #182, #3778, #2837, #2882, #3201, #1394, #1681, #2226, #1977, #3443, #1951, #1628, #3736, #2209, #3160, #2536, #773, #2855, #1074, #2578, #568, #3831, #1721, #2926, #2306, #252 ),
 .UNSPECIFIED., .F., .F.,
 ( 4, 2, 2, 2, 2, 2, 2, 2, 2, 2, 2, 2, 2, 4 ),
 ( 0.004759417436753056625, 0.005346099676906405050, 0.005932781917059754342, 0.007106146397366451192, 0.007692828637519799617, 0.008279510877673149777, 0.008866193117826498202, 0.009452875357979846627, 0.01062623983828654695, 0.01121292207843990058, 0.01179960431859325247, 0.01238628655874660436, 0.01297296879889995799, 0.01414633327920666525 ),
 .UNSPECIFIED. ) ;
#2261 = CARTESIAN_POINT ( 'NONE',  ( 54.43675295211083665, -22.90414291265723890, 4.995879438506835690 ) ) ;
#2262 = EDGE_LOOP ( 'NONE', ( #721, #1621 ) ) ;
#2263 = LINE ( 'NONE', #2978, #1084 ) ;
#2264 = CARTESIAN_POINT ( 'NONE',  ( 51.56914006574721299, 24.97596922094982119, -1.090739026781070153 ) ) ;
#2265 = DIRECTION ( 'NONE',  ( 0.7071067811865450192, 0.7071067811865501263, 0.000000000000000000 ) ) ;
#2266 = CARTESIAN_POINT ( 'NONE',  ( -119.4985281952850329, 1.340480751145350258, 28.54391146454479866 ) ) ;
#2267 = VERTEX_POINT ( 'NONE', #1270 ) ;
#2268 = CARTESIAN_POINT ( 'NONE',  ( 47.18023914750440895, -13.85508502973111433, -26.67763836383841536 ) ) ;
#2269 = CARTESIAN_POINT ( 'NONE',  ( 48.94244103925771583, -32.25585500531482097, -12.55953176781938474 ) ) ;
#2270 = CARTESIAN_POINT ( 'NONE',  ( 53.55109905682148508, -4.601353641406252137, 19.17155851435158809 ) ) ;
#2271 = ORIENTED_EDGE ( 'NONE', *, *, #527, .T. ) ;
#2272 = EDGE_CURVE ( 'NONE', #2817, #1737, #868, .T. ) ;
#2273 = CARTESIAN_POINT ( 'NONE',  ( 51.03396776730228623, 32.28960440808472043, 1.265285969963220181 ) ) ;
#2274 = CYLINDRICAL_SURFACE ( 'NONE', #3554, 2.674999999999996714 ) ;
#2275 = CARTESIAN_POINT ( 'NONE',  ( 47.48746731313819680, 30.08011002151071622, -18.99820194136741947 ) ) ;
#2276 = DIRECTION ( 'NONE',  ( -0.9942111271364115765, 1.101074672228211641E-16, 0.1074441002482030005 ) ) ;
#2277 = TOROIDAL_SURFACE ( 'NONE', #2973, 28.87500000000001776, 0.3000000000000100919 ) ;
#2278 = DIRECTION ( 'NONE',  ( -0.05005906239151865916, 0.8848331851841333417, -0.4632108857414550807 ) ) ;
#2279 = CARTESIAN_POINT ( 'NONE',  ( 51.25969640277511985, 15.19321943665709185, 23.78222027219369039 ) ) ;
#2280 = CARTESIAN_POINT ( 'NONE',  ( -95.40499999999998693, -28.57499999999999574, -6.908912627297280501E-15 ) ) ;
#2281 = DIRECTION ( 'NONE',  ( 1.000000000000000000, -4.856618655403135597E-16, 0.000000000000000000 ) ) ;
#2282 = ORIENTED_EDGE ( 'NONE', *, *, #1028, .T. ) ;
#2283 = CARTESIAN_POINT ( 'NONE',  ( 47.33250709381366050, -30.86518227026699535, -17.08378286808590119 ) ) ;
#2284 = CARTESIAN_POINT ( 'NONE',  ( 48.83790392867177843, 31.51374551041540784, 4.474321993007299270 ) ) ;
#2285 = DIRECTION ( 'NONE',  ( 0.9942111271364117986, -1.101074672228211888E-16, -0.1074441002482030283 ) ) ;
#2286 = B_SPLINE_CURVE_WITH_KNOTS ( 'NONE', 3,
 ( #326, #2137, #3567, #1464, #3856, #2443, #1781, #2651, #3552, #1752, #34, #689, #2034, #3265, #590, #2635, #2356, #875, #3305, #2962, #1160, #2675, #1175, #20, #886, #3254, #2977, #7, #2060, #2069, #1453, #2048, #1795, #102 ),
 .UNSPECIFIED., .F., .F.,
 ( 4, 2, 2, 2, 2, 2, 2, 2, 2, 2, 2, 2, 2, 2, 2, 2, 4 ),
 ( 0.003885787502984006363, 0.004408963061317470317, 0.004932138619650933836, 0.005455314177984397356, 0.005978489736317860875, 0.006501665294651324395, 0.007024840852984787914, 0.007548016411318251434, 0.008071191969651714954, 0.008594367527985178473, 0.009117543086318641993, 0.009640718644652105512, 0.01016389420298557077, 0.01068706976131903429, 0.01121024531965249781, 0.01173342087798596133, 0.01225659643631942484 ),
 .UNSPECIFIED. ) ;
#2287 = ORIENTED_EDGE ( 'NONE', *, *, #121, .F. ) ;
#2288 = CARTESIAN_POINT ( 'NONE',  ( 49.57048035937386032, -23.19936690661831236, -15.92531220373312806 ) ) ;
#2289 = CARTESIAN_POINT ( 'NONE',  ( -121.8199999999999932, -23.21221785532330273, 10.31275628709465231 ) ) ;
#2290 = ORIENTED_EDGE ( 'NONE', *, *, #1211, .T. ) ;
#2291 = CARTESIAN_POINT ( 'NONE',  ( 51.32774893725422061, 14.88317275402233797, 23.93439640120277900 ) ) ;
#2292 = CARTESIAN_POINT ( 'NONE',  ( 34.72989061617965234, -4.573272368912132180, 29.40188295243995142 ) ) ;
#2293 = CARTESIAN_POINT ( 'NONE',  ( 32.98948840146638872, -29.66148461538754688, -18.62613566970959056 ) ) ;
#2294 = CYLINDRICAL_SURFACE ( 'NONE', #3722, 25.40000000000000213 ) ;
#2295 = CARTESIAN_POINT ( 'NONE',  ( 56.21346481157965513, 14.08141025691843851, 23.79982950798461516 ) ) ;
#2296 = ORIENTED_EDGE ( 'NONE', *, *, #2500, .T. ) ;
#2297 = CARTESIAN_POINT ( 'NONE',  ( 54.31907043680187996, -10.16561503812583389, 17.37608125288919680 ) ) ;
#2298 = CARTESIAN_POINT ( 'NONE',  ( 48.13237141914426331, -24.81769688374451732, -10.80857640034816569 ) ) ;
#2299 = CARTESIAN_POINT ( 'NONE',  ( -121.4708581933923739, 20.53721785532330202, -14.94599219734141116 ) ) ;
#2300 = VECTOR ( 'NONE', #3699, 1000.000000000000000 ) ;
#2301 = CARTESIAN_POINT ( 'NONE',  ( 52.64655090371262247, -12.28012418712512677, 24.97434414987658258 ) ) ;
#2302 = ORIENTED_EDGE ( 'NONE', *, *, #1784, .F. ) ;
#2303 = EDGE_CURVE ( 'NONE', #1314, #3143, #2760, .T. ) ;
#2304 = CARTESIAN_POINT ( 'NONE',  ( -129.6899999999999977, 29.94508000000000081, -29.94508000000001857 ) ) ;
#2305 = CARTESIAN_POINT ( 'NONE',  ( 49.99244455444247848, -23.22323118543635800, -12.81354847265870056 ) ) ;
#2306 = CARTESIAN_POINT ( 'NONE',  ( 47.78452494851768506, 10.32375124105058894, -28.67289948042734693 ) ) ;
#2307 = EDGE_LOOP ( 'NONE', ( #1229, #3672 ) ) ;
#2308 = DIRECTION ( 'NONE',  ( 1.000000000000000000, 2.345013147653678429E-16, -0.000000000000000000 ) ) ;
#2309 = FACE_OUTER_BOUND ( 'NONE', #3413, .T. ) ;
#2310 = CARTESIAN_POINT ( 'NONE',  ( -124.4949999999999903, -3.921905382485243265E-11, -28.57500000000001705 ) ) ;
#2311 = APPROVAL_PERSON_ORGANIZATION ( #414, #1050, #821 ) ;
#2312 = EDGE_LOOP ( 'NONE', ( #2821, #497, #1579, #3368 ) ) ;
#2313 = CARTESIAN_POINT ( 'NONE',  ( 55.95812241694409295, -8.869058858777028931, 17.72667234339862219 ) ) ;
#2314 = CARTESIAN_POINT ( 'NONE',  ( 48.13183286359921453, -23.37836571905492278, -15.35658166503838018 ) ) ;
#2315 = CARTESIAN_POINT ( 'NONE',  ( -119.1449999999999960, -1.407130451232264994E-15, 25.39999999999998082 ) ) ;
#2316 = FACE_OUTER_BOUND ( 'NONE', #3493, .T. ) ;
#2317 = VECTOR ( 'NONE', #3061, 1000.000000000000000 ) ;
#2318 = VERTEX_POINT ( 'NONE', #1780 ) ;
#2319 = CARTESIAN_POINT ( 'NONE',  ( 50.19467785713928265, 23.58438882140842097, -15.07645194306427783 ) ) ;
#2320 = ORIENTED_EDGE ( 'NONE', *, *, #3603, .T. ) ;
#2321 = PLANE ( 'NONE',  #1170 ) ;
#2322 = CYLINDRICAL_SURFACE ( 'NONE', #118, 28.57499999999999929 ) ;
#2323 = CARTESIAN_POINT ( 'NONE',  ( 52.41388394595048794, -27.88138672441964871, 11.96262588127762960 ) ) ;
#2324 = CYLINDRICAL_SURFACE ( 'NONE', #1654, 28.57500000000000284 ) ;
#2325 = ADVANCED_FACE ( 'NONE', ( #3009, #3617, #2136, #394 ), #3362, .F. ) ;
#2326 = CARTESIAN_POINT ( 'NONE',  ( 47.48747693526225788, 28.08927394016066614, -22.75797927455581871 ) ) ;
#2327 = CARTESIAN_POINT ( 'NONE',  ( -124.4096335363283856, -0.6930455386337194268, 25.39112874922560792 ) ) ;
#2328 = CARTESIAN_POINT ( 'NONE',  ( 56.49715972174401202, 14.64242341768499500, 23.49794484469838807 ) ) ;
#2329 = EDGE_LOOP ( 'NONE', ( #2287, #3182, #795, #3541 ) ) ;
#2330 = CARTESIAN_POINT ( 'NONE',  ( -119.2304219870934929, 0.6932967806137528832, -28.56710960733358107 ) ) ;
#2331 = CARTESIAN_POINT ( 'NONE',  ( 52.27460148109319249, 17.30233569117382331, 22.47204189977473021 ) ) ;
#2332 = CARTESIAN_POINT ( 'NONE',  ( 50.68228415187547142, 21.32106075853821991, -19.52901917564057399 ) ) ;
#2333 = ORIENTED_EDGE ( 'NONE', *, *, #1956, .T. ) ;
#2334 = VECTOR ( 'NONE', #820, 1000.000000000000000 ) ;
#2335 = DIRECTION ( 'NONE',  ( -1.000000000000000000, 0.000000000000000000, 0.000000000000000000 ) ) ;
#2336 = CARTESIAN_POINT ( 'NONE',  ( -121.4682525779327307, -25.96821175901285983, 11.92408431149637948 ) ) ;
#2337 = B_SPLINE_CURVE_WITH_KNOTS ( 'NONE', 3,
 ( #322, #2299, #2377, #376, #937, #55, #1238, #629, #69, #3299, #2688, #2411, #1777, #2079, #3341, #347, #3030, #2103, #3287, #1494, #1791, #1529, #2090, #2702, #2672, #3646, #656, #3601, #2715, #1247 ),
 .UNSPECIFIED., .F., .F.,
 ( 4, 2, 2, 2, 2, 2, 2, 2, 2, 2, 2, 2, 2, 2, 4 ),
 ( 0.007511047589486141186, 0.008557382433598876084, 0.009080549855655243099, 0.009603717277711610115, 0.01012688469976797886, 0.01065005212182434588, 0.01117321954388071290, 0.01169638696593707991, 0.01221955438799344866, 0.01274272181004981394, 0.01326588923210618269, 0.01378905665416254971, 0.01483539149827525425, 0.01535855892033160738, 0.01588172634238796052 ),
 .UNSPECIFIED. ) ;
#2338 = CARTESIAN_POINT ( 'NONE',  ( 56.35680608443855988, -7.242385974853661423, 18.23129696724924997 ) ) ;
#2339 = FACE_OUTER_BOUND ( 'NONE', #3693, .T. ) ;
#2340 = CARTESIAN_POINT ( 'NONE',  ( -124.4949999999999903, -1.734723479933733395E-15, 25.39999999999998082 ) ) ;
#2341 = AXIS2_PLACEMENT_3D ( 'NONE', #2893, #837, #828 ) ;
#2342 = CARTESIAN_POINT ( 'NONE',  ( -120.6319560908265203, 2.403097793752901001, -28.47385289558730292 ) ) ;
#2343 = CARTESIAN_POINT ( 'NONE',  ( 52.56183348686924717, 17.45476555426524001, 22.34610273213750631 ) ) ;
#2344 = CARTESIAN_POINT ( 'NONE',  ( 51.07180724296161856, -28.12794046141307547, 11.71143635522858872 ) ) ;
#2345 = CARTESIAN_POINT ( 'NONE',  ( 48.36493143486104174, -9.404484884513390597, -29.12536946778944014 ) ) ;
#2346 = ADVANCED_FACE ( 'NONE', ( #1741 ), #1184, .F. ) ;
#2347 = EDGE_CURVE ( 'NONE', #1588, #3092, #1159, .T. ) ;
#2348 = ORIENTED_EDGE ( 'NONE', *, *, #977, .F. ) ;
#2349 = DIRECTION ( 'NONE',  ( 0.05005906239151898529, -0.8848331851841331197, 0.4632108857414555803 ) ) ;
#2350 = CARTESIAN_POINT ( 'NONE',  ( -121.9955472846764764, -2.674936646310082544, -28.44952264875907133 ) ) ;
#2351 = EDGE_LOOP ( 'NONE', ( #1036, #1105, #1997, #622 ) ) ;
#2352 = CARTESIAN_POINT ( 'NONE',  ( -119.2308918212569893, -0.6947695155344343343, -25.39107518309273814 ) ) ;
#2353 = CARTESIAN_POINT ( 'NONE',  ( 56.11941418413543659, -7.539760895229179916, 26.10394173325916256 ) ) ;
#2354 = DIRECTION ( 'NONE',  ( -0.09507010545186089789, -0.4659079677327929714, -0.8797109983696184132 ) ) ;
#2355 = CARTESIAN_POINT ( 'NONE',  ( -121.4674966758549743, 2.657397224037436612, -28.45118694877476884 ) ) ;
#2356 = CARTESIAN_POINT ( 'NONE',  ( -121.6430665637195716, 2.674993786938570928, -25.25874914242350400 ) ) ;
#2357 = DIRECTION ( 'NONE',  ( 0.9942111271364117986, 4.658678313946496263E-17, -0.1074441002482028618 ) ) ;
#2358 = LINE ( 'NONE', #1692, #3748 ) ;
#2359 = ORIENTED_EDGE ( 'NONE', *, *, #408, .T. ) ;
#2360 = DIRECTION ( 'NONE',  ( -4.690026295307351928E-16, 1.000000000000000000, 0.000000000000000000 ) ) ;
#2361 = CARTESIAN_POINT ( 'NONE',  ( 52.59046533914118982, 32.25583716080277696, 1.254223023738895160 ) ) ;
#2362 = B_SPLINE_CURVE_WITH_KNOTS ( 'NONE', 3,
 ( #1056, #766, #2860, #171, #3151, #1615, #1643, #752, #1361, #3060, #2828, #505, #740, #2818, #2541, #975, #3728, #1039, #3463, #1274, #1342, #1633, #3446, #3758, #200, #2200, #3742, #3071, #3134, #1842 ),
 .UNSPECIFIED., .F., .F.,
 ( 4, 2, 2, 2, 2, 2, 2, 2, 2, 2, 2, 2, 2, 2, 4 ),
 ( 0.009295236412093468847, 0.01034095682726832513, 0.01086381703485575501, 0.01138667724244318315, 0.01190953745003061129, 0.01243239765761804116, 0.01295525786520547104, 0.01347811807279289918, 0.01400097828038032732, 0.01452383848796775720, 0.01504669869555518708, 0.01556955890314261175, 0.01661527931831746283, 0.01713813952590489270, 0.01766099973349231911 ),
 .UNSPECIFIED. ) ;
#2363 = ORIENTED_EDGE ( 'NONE', *, *, #2457, .T. ) ;
#2364 = ADVANCED_FACE ( 'NONE', ( #2730, #2535, #201, #1254, #484 ), #2294, .F. ) ;
#2365 = CC_DESIGN_PERSON_AND_ORGANIZATION_ASSIGNMENT ( #1406, #1958, ( #845 ) ) ;
#2366 = CARTESIAN_POINT ( 'NONE',  ( -119.4824075841420523, -25.39395317729339752, -13.10654526480304050 ) ) ;
#2367 = FACE_BOUND ( 'NONE', #142, .T. ) ;
#2368 = EDGE_CURVE ( 'NONE', #884, #437, #215, .T. ) ;
#2369 = CARTESIAN_POINT ( 'NONE',  ( -120.4784419158299045, 2.320860588900161670, -28.48076063015584936 ) ) ;
#2370 = CARTESIAN_POINT ( 'NONE',  ( 51.89343130079465993, 17.01074238259169036, 22.69169356734952459 ) ) ;
#2371 = CARTESIAN_POINT ( 'NONE',  ( -123.8336083521874684, -25.58420496023527591, 12.72770007557721961 ) ) ;
#2372 = DIRECTION ( 'NONE',  ( -0.9942111271364117986, 1.101074672228211888E-16, 0.1074441002482030283 ) ) ;
#2373 = CARTESIAN_POINT ( 'NONE',  ( 48.57603302109231436, 24.40476093825139614, 1.668178765937951891 ) ) ;
#2374 = CARTESIAN_POINT ( 'NONE',  ( 54.71945067615168767, 31.67642510707420556, 3.299765966658076088 ) ) ;
#2375 = VERTEX_POINT ( 'NONE', #686 ) ;
#2376 = CARTESIAN_POINT ( 'NONE',  ( -121.6442838553976600, -2.674999198982385362, -25.25874856926694889 ) ) ;
#2377 = CARTESIAN_POINT ( 'NONE',  ( -121.1184273006898735, 20.57898246093315464, -14.88903783281120674 ) ) ;
#2378 = CARTESIAN_POINT ( 'NONE',  ( -145.9199999999999875, 6.463991967599519128E-15, 30.58999999999998565 ) ) ;
#2379 = EDGE_CURVE ( 'NONE', #437, #884, #1415, .T. ) ;
#2380 = VERTEX_POINT ( 'NONE', #2705 ) ;
#2381 = CARTESIAN_POINT ( 'NONE',  ( -119.6933572462940987, 1.632164393210330466, -28.52872446082623625 ) ) ;
#2382 = CARTESIAN_POINT ( 'NONE',  ( 51.23138681483121104, -30.30075822532172580, 7.495470317654538306 ) ) ;
#2383 = ADVANCED_FACE ( 'NONE', ( #3457 ), #1597, .F. ) ;
#2384 = CYLINDRICAL_SURFACE ( 'NONE', #2177, 2.675000000000000266 ) ;
#2385 = CARTESIAN_POINT ( 'NONE',  ( 53.89524030898733287, 12.96990942513725820, 24.55211640813205065 ) ) ;
#2386 = CARTESIAN_POINT ( 'NONE',  ( 55.48853590303897931, 12.90306238693183971, 15.84344941945487228 ) ) ;
#2387 = CARTESIAN_POINT ( 'NONE',  ( 54.41801118205125221, 31.88076868792552432, 2.603169880984199214 ) ) ;
#2388 = CONICAL_SURFACE ( 'NONE', #3404, 33.44744309855762054, 0.5927080411093350598 ) ;
#2389 = CARTESIAN_POINT ( 'NONE',  ( 51.33633094377169925, -23.58431676040420300, 3.771447240843770032 ) ) ;
#2390 = CARTESIAN_POINT ( 'NONE',  ( -121.8199999999999932, 23.72287526958331583, 16.78523236301036548 ) ) ;
#2391 = CARTESIAN_POINT ( 'NONE',  ( -2.341213143363143345, 25.39999999999992397, -14.87897551572336496 ) ) ;
#2392 = DIRECTION ( 'NONE',  ( 0.000000000000000000, 0.000000000000000000, -1.000000000000000000 ) ) ;
#2393 = ORIENTED_EDGE ( 'NONE', *, *, #2368, .T. ) ;
#2394 = AXIS2_PLACEMENT_3D ( 'NONE', #1648, #2109, #1774 ) ;
#2395 = CC_DESIGN_SECURITY_CLASSIFICATION ( #2944, ( #845 ) ) ;
#2396 = CARTESIAN_POINT ( 'NONE',  ( -120.6350086715778787, -20.69603466546169201, -14.72544311103454007 ) ) ;
#2397 = CYLINDRICAL_SURFACE ( 'NONE', #3251, 2.674999999999998934 ) ;
#2398 = CARTESIAN_POINT ( 'NONE',  ( 52.41388394595048794, -27.88138672441964871, 11.96262588127762960 ) ) ;
#2399 = ORIENTED_EDGE ( 'NONE', *, *, #382, .F. ) ;
#2400 =( BOUNDED_CURVE ( )  B_SPLINE_CURVE ( 3, ( #3615, #2391, #1195, #1830 ),
 .UNSPECIFIED., .F., .F. ) 
 B_SPLINE_CURVE_WITH_KNOTS ( ( 4, 4 ),
 ( 1.570796326794909215, 3.141592653589801998 ),
 .UNSPECIFIED. ) 
 CURVE ( )  GEOMETRIC_REPRESENTATION_ITEM ( )  RATIONAL_B_SPLINE_CURVE ( ( 1.000000000000000000, 0.8047378541243658256, 0.8047378541243658256, 1.000000000000000000 ) ) 
 REPRESENTATION_ITEM ( '' )  );
#2401 = CARTESIAN_POINT ( 'NONE',  ( 49.97992249237611162, 30.34134601353418503, -18.67143597073060235 ) ) ;
#2402 = EDGE_CURVE ( 'NONE', #1079, #1455, #2223, .T. ) ;
#2403 = CARTESIAN_POINT ( 'NONE',  ( -119.4985834251654495, 1.340572006747830613, 25.36501563852670316 ) ) ;
#2404 = CARTESIAN_POINT ( 'NONE',  ( 55.18015432615698757, 13.28319705980016430, 15.64663027453385169 ) ) ;
#2405 = CARTESIAN_POINT ( 'NONE',  ( 49.31233707772597796, 24.82161776197781577, -0.07316548420392271490 ) ) ;
#2406 = CARTESIAN_POINT ( 'NONE',  ( 54.07354422462016430, 30.81486957135673777, 5.924047446406301098 ) ) ;
#2407 = CARTESIAN_POINT ( 'NONE',  ( 52.58038930689059498, -10.26969756677858747, 17.51786185345762448 ) ) ;
#2408 = ORIENTED_EDGE ( 'NONE', *, *, #3516, .T. ) ;
#2409 = CARTESIAN_POINT ( 'NONE',  ( -123.4519860197371912, -2.126632730782849645, -25.31100310249468421 ) ) ;
#2410 = CIRCLE ( 'NONE', #1949, 1.014999999999998570 ) ;
#2411 = CARTESIAN_POINT ( 'NONE',  ( -119.2818118948768955, 21.55351122318769086, -13.43995935710285927 ) ) ;
#2412 = VERTEX_POINT ( 'NONE', #445 ) ;
#2413 = LINE ( 'NONE', #2160, #3058 ) ;
#2414 = CARTESIAN_POINT ( 'NONE',  ( -120.4770403912544623, -23.06528434737265343, -10.63777246411016897 ) ) ;
#2415 = CARTESIAN_POINT ( 'NONE',  ( -119.1623619157963532, 21.82006687639245612, 13.00284519611133405 ) ) ;
#2416 = FACE_OUTER_BOUND ( 'NONE', #3241, .T. ) ;
#2417 = CARTESIAN_POINT ( 'NONE',  ( 51.71503861957224046, 29.64804840830599986, -20.37975796495999603 ) ) ;
#2418 = ORIENTED_EDGE ( 'NONE', *, *, #1683, .F. ) ;
#2419 = CARTESIAN_POINT ( 'NONE',  ( -123.5862303408821390, 2.016709402479309077, 25.32012026775204916 ) ) ;
#2420 = CARTESIAN_POINT ( 'NONE',  ( 48.59549978124120173, 24.45819321377017630, 1.476886199826689783 ) ) ;
#2421 = ORIENTED_EDGE ( 'NONE', *, *, #2530, .F. ) ;
#2422 = CARTESIAN_POINT ( 'NONE',  ( 50.46647615409325027, -6.859908137851238763, 18.98099259550225781 ) ) ;
#2423 = AXIS2_PLACEMENT_3D ( 'NONE', #814, #247, #2101 ) ;
#2424 = CARTESIAN_POINT ( 'NONE',  ( -120.0533338138630768, 23.67714486365228055, -15.99808439034131347 ) ) ;
#2425 = CARTESIAN_POINT ( 'NONE',  ( -119.6818294403469736, -25.52897575826029453, -12.83990144891144425 ) ) ;
#2426 = EDGE_CURVE ( 'NONE', #3491, #1572, #3644, .T. ) ;
#2427 = ORIENTED_EDGE ( 'NONE', *, *, #569, .F. ) ;
#2428 = CARTESIAN_POINT ( 'NONE',  ( -119.6934061092355535, -21.13593235166366213, -14.08734820497754470 ) ) ;
#2429 = CARTESIAN_POINT ( 'NONE',  ( -120.1758382441342263, 20.85064003692433232, 14.50764918854541641 ) ) ;
#2430 = CARTESIAN_POINT ( 'NONE',  ( 51.76746720125565560, 29.17199158049488261, -21.32174735599440751 ) ) ;
#2431 = ADVANCED_FACE ( 'NONE', ( #1714 ), #2210, .T. ) ;
#2432 = CARTESIAN_POINT ( 'NONE',  ( 57.07955802716128346, 2.220786970395299082E-15, -6.334951022939273813 ) ) ;
#2433 = CARTESIAN_POINT ( 'NONE',  ( 55.57111838769526457, 12.76706942028423875, 15.91472942694003834 ) ) ;
#2434 = CARTESIAN_POINT ( 'NONE',  ( 48.88161274825650793, 7.311572311463192975, -37.83702699592706864 ) ) ;
#2435 = CARTESIAN_POINT ( 'NONE',  ( 51.11483672906749831, -9.459861652017661271, 18.01997544186680500 ) ) ;
#2436 = CIRCLE ( 'NONE', #399, 28.57499999999999929 ) ;
#2437 = CARTESIAN_POINT ( 'NONE',  ( 0.000000000000000000, 0.000000000000000000, 0.000000000000000000 ) ) ;
#2438 = VECTOR ( 'NONE', #2645, 1000.000000000000227 ) ;
#2439 = AXIS2_PLACEMENT_3D ( 'NONE', #1241, #1785, #341 ) ;
#2440 = CARTESIAN_POINT ( 'NONE',  ( -124.2236407967664462, -22.56696241159521676, 11.65841153436269906 ) ) ;
#2441 = CARTESIAN_POINT ( 'NONE',  ( -120.0491696207347729, -22.93439893510407401, -10.91735493498079634 ) ) ;
#2442 = CARTESIAN_POINT ( 'NONE',  ( -120.0525741600427097, 22.93570269570756537, 10.91461654319316743 ) ) ;
#2443 = CARTESIAN_POINT ( 'NONE',  ( -119.4153291126301610, 1.184720156766535526, -25.37286760002648478 ) ) ;
#2444 = FACE_OUTER_BOUND ( 'NONE', #3077, .T. ) ;
#2445 = CARTESIAN_POINT ( 'NONE',  ( 50.78558088933201731, 10.88338480906269723, 17.42966330010496989 ) ) ;
#2446 = CARTESIAN_POINT ( 'NONE',  ( 53.34361496445253437, 9.396179880050622657, 17.80432627844220406 ) ) ;
#2447 = DIRECTION ( 'NONE',  ( -1.000000000000000000, 1.374771665667168626E-32, -2.345013147653691741E-16 ) ) ;
#2448 = CARTESIAN_POINT ( 'NONE',  ( 45.30254975590800370, -16.46098988047195633, -33.85517846218817795 ) ) ;
#2449 = CIRCLE ( 'NONE', #3654, 28.57499999999999929 ) ;
#2450 = EDGE_LOOP ( 'NONE', ( #1882, #757 ) ) ;
#2451 = DIRECTION ( 'NONE',  ( -1.000000000000000000, 0.000000000000000000, 0.000000000000000000 ) ) ;
#2452 = PRODUCT_DEFINITION ( 'UNKNOWN', '', #845, #1473 ) ;
#2453 = ORIENTED_EDGE ( 'NONE', *, *, #3659, .F. ) ;
#2454 = CARTESIAN_POINT ( 'NONE',  ( -120.4783106398786998, -20.74482693028167546, -14.65679366086221336 ) ) ;
#2455 = CARTESIAN_POINT ( 'NONE',  ( -119.4985448272421422, 21.29647063440762977, 13.84346728062084075 ) ) ;
#2456 = ORIENTED_EDGE ( 'NONE', *, *, #2104, .T. ) ;
#2457 = EDGE_CURVE ( 'NONE', #2575, #1898, #3051, .T. ) ;
#2458 = CARTESIAN_POINT ( 'NONE',  ( 32.77315824458189297, 29.45851174789173044, 11.29567616978277300 ) ) ;
#2459 = DIRECTION ( 'NONE',  ( 0.000000000000000000, 0.000000000000000000, -1.000000000000000000 ) ) ;
#2460 = CARTESIAN_POINT ( 'NONE',  ( 48.16258022631406988, 6.995118958888220106, -37.82977936032065003 ) ) ;
#2461 = CARTESIAN_POINT ( 'NONE',  ( -123.5884319545609742, 25.69263363573435299, -12.50737637288057513 ) ) ;
#2462 = VECTOR ( 'NONE', #3662, 1000.000000000000000 ) ;
#2463 = FACE_OUTER_BOUND ( 'NONE', #1302, .T. ) ;
#2464 = ORIENTED_EDGE ( 'NONE', *, *, #3132, .T. ) ;
#2465 = CARTESIAN_POINT ( 'NONE',  ( -119.2823553752845527, 24.30367414796276648, -15.02958225656665903 ) ) ;
#2466 = VERTEX_POINT ( 'NONE', #1607 ) ;
#2467 = CARTESIAN_POINT ( 'NONE',  ( 54.35406789434770047, -22.97316378650911162, 4.858613867719677515 ) ) ;
#2468 = ORIENTED_EDGE ( 'NONE', *, *, #2856, .F. ) ;
#2469 = DIRECTION ( 'NONE',  ( -0.1074441002482028340, 0.000000000000000000, -0.9942111271364116876 ) ) ;
#2470 = CARTESIAN_POINT ( 'NONE',  ( 51.46631249906965166, -24.93093565567852110, -10.61634523395651186 ) ) ;
#2471 = APPROVAL ( #1118, 'UNSPECIFIED' ) ;
#2472 = CARTESIAN_POINT ( 'NONE',  ( -122.5124856495553161, 23.35000862123354892, 16.47145677847800727 ) ) ;
#2473 = ORIENTED_EDGE ( 'NONE', *, *, #3388, .F. ) ;
#2474 = CARTESIAN_POINT ( 'NONE',  ( -122.5124813428954553, 25.93970484847314495, -11.98597110733284588 ) ) ;
#2475 = DIRECTION ( 'NONE',  ( 1.000000000000000000, 2.345013147653676950E-16, -5.499086662668604439E-32 ) ) ;
#2476 = EDGE_CURVE ( 'NONE', #2478, #964, #2410, .T. ) ;
#2477 = CARTESIAN_POINT ( 'NONE',  ( -124.4099199623006768, 22.33536660615473934, -12.09632637506940256 ) ) ;
#2478 = VERTEX_POINT ( 'NONE', #3697 ) ;
#2479 = CARTESIAN_POINT ( 'NONE',  ( -121.8199999999999932, -23.30050418053376404, 16.54137630104967727 ) ) ;
#2480 = EDGE_CURVE ( 'NONE', #579, #1187, #1353, .T. ) ;
#2481 = ORIENTED_EDGE ( 'NONE', *, *, #1978, .T. ) ;
#2482 = CARTESIAN_POINT ( 'NONE',  ( 51.54727262726191128, 13.74130360997211753, 15.74952939983080213 ) ) ;
#2483 = CARTESIAN_POINT ( 'NONE',  ( -124.1409417253919116, 25.39038797316242935, 13.11029605342692683 ) ) ;
#2484 = CARTESIAN_POINT ( 'NONE',  ( -122.1717423417935038, 23.31066528049777276, -16.52708966672175350 ) ) ;
#2485 = CARTESIAN_POINT ( 'NONE',  ( -113.9500000000000028, 2.717797409007765408E-15, -1.387778780781445676E-14 ) ) ;
#2486 = VECTOR ( 'NONE', #3755, 1000.000000000000000 ) ;
#2487 = DIRECTION ( 'NONE',  ( -0.1074441002482028062, 6.053808854361123851E-17, -0.9942111271364116876 ) ) ;
#2488 = CARTESIAN_POINT ( 'NONE',  ( -123.4527956069926944, -22.98307826755375061, 10.81423675777991100 ) ) ;
#2489 = DIRECTION ( 'NONE',  ( 1.000000000000000000, 2.428309327701567798E-16, -0.000000000000000000 ) ) ;
#2490 = CARTESIAN_POINT ( 'NONE',  ( -123.0049915088174686, 20.69603471207090450, -14.72544304576599927 ) ) ;
#2491 = EDGE_LOOP ( 'NONE', ( #3089, #2427, #2685 ) ) ;
#2492 = CARTESIAN_POINT ( 'NONE',  ( -124.1429103621723442, -25.38886418348963048, -13.11325424523911209 ) ) ;
#2493 = AXIS2_PLACEMENT_3D ( 'NONE', #256, #2285, #3757 ) ;
#2494 = FACE_OUTER_BOUND ( 'NONE', #2661, .T. ) ;
#2495 = ORIENTED_EDGE ( 'NONE', *, *, #3683, .F. ) ;
#2496 = CARTESIAN_POINT ( 'NONE',  ( 51.29426680425048346, -24.94502902320053295, -10.52391623989411684 ) ) ;
#2497 = CARTESIAN_POINT ( 'NONE',  ( -123.5869393895581680, 25.69328910720980375, 12.50604373794843660 ) ) ;
#2498 = CARTESIAN_POINT ( 'NONE',  ( 44.98183564486179620, -14.95438461362778959, -34.63900127013231156 ) ) ;
#2499 = CARTESIAN_POINT ( 'NONE',  ( 53.79943461517103032, -21.37973156694284427, 7.813592988307608955 ) ) ;
#2500 = EDGE_CURVE ( 'NONE', #2318, #734, #2829, .T. ) ;
#2501 = CARTESIAN_POINT ( 'NONE',  ( 50.11431999940195681, -32.29732303022917961, -12.49271623744014548 ) ) ;
#2502 = DIRECTION ( 'NONE',  ( 0.000000000000000000, -0.5000000000000006661, -0.8660254037844383745 ) ) ;
#2503 = VERTEX_POINT ( 'NONE', #1057 ) ;
#2504 = DATE_AND_TIME ( #2122, #2080 ) ;
#2505 = CARTESIAN_POINT ( 'NONE',  ( 49.93914739097377264, -14.29096180891071377, -35.50423362845680941 ) ) ;
#2506 = DIRECTION ( 'NONE',  ( 1.000000000000000000, 2.428309327701567798E-16, -0.000000000000000000 ) ) ;
#2507 = CARTESIAN_POINT ( 'NONE',  ( -123.9591252432736894, -1.643546195064020887, 28.52876569616333313 ) ) ;
#2508 = ORIENTED_EDGE ( 'NONE', *, *, #1055, .F. ) ;
#2509 = VECTOR ( 'NONE', #3317, 1000.000000000000000 ) ;
#2510 = CARTESIAN_POINT ( 'NONE',  ( -124.4093498357018746, 25.08675472539224671, 13.68264433035441741 ) ) ;
#2511 = CARTESIAN_POINT ( 'NONE',  ( -124.1588931977943275, 21.29596335394390039, 13.84722775105557169 ) ) ;
#2512 = AXIS2_PLACEMENT_3D ( 'NONE', #2246, #2617, #891 ) ;
#2513 = VERTEX_POINT ( 'NONE', #2888 ) ;
#2514 = CARTESIAN_POINT ( 'NONE',  ( 53.21760065602553169, -21.19783002088663793, 8.157267739694574971 ) ) ;
#2515 = CARTESIAN_POINT ( 'NONE',  ( 34.58056022006427810, 4.712518953647743013E-15, -3.903491034322438491 ) ) ;
#2516 = DIRECTION ( 'NONE',  ( 1.000000000000000000, -4.856618655403135597E-16, 0.000000000000000000 ) ) ;
#2517 = B_SPLINE_CURVE_WITH_KNOTS ( 'NONE', 3,
 ( #1011, #1667, #1051, #1352, #2565, #3458, #512, #1384, #2511, #2524, #1064, #3175, #1922, #2549, #197, #3186, #239, #1966, #1100, #3144, #3753, #2825, #227, #473, #502, #748, #790, #803, #1341, #1652 ),
 .UNSPECIFIED., .F., .F.,
 ( 4, 2, 2, 2, 2, 2, 2, 2, 2, 2, 2, 2, 2, 2, 4 ),
 ( 0.01588109535731702451, 0.01692673442856086966, 0.01744955396418279223, 0.01797237349980471827, 0.01901801257104853565, 0.01954083210667043741, 0.02006365164229234263, 0.02058647117791424785, 0.02110929071353614961, 0.02163211024915805830, 0.02215492978477996006, 0.02267774932040186528, 0.02320056885602377050, 0.02372338839164567226, 0.02424620792726757748 ),
 .UNSPECIFIED. ) ;
#2518 = EDGE_LOOP ( 'NONE', ( #74, #338 ) ) ;
#2519 = ORIENTED_EDGE ( 'NONE', *, *, #3513, .T. ) ;
#2520 = CARTESIAN_POINT ( 'NONE',  ( -95.40500000000001535, 3.623729878677020544E-15, 29.59000000000000341 ) ) ;
#2521 = CARTESIAN_POINT ( 'NONE',  ( -120.4770385375246065, -20.74522416460145990, 14.65623481336854894 ) ) ;
#2522 = CARTESIAN_POINT ( 'NONE',  ( 51.96110713901480693, 24.96510105195359941, -1.074039670854552542 ) ) ;
#2523 = CARTESIAN_POINT ( 'NONE',  ( -119.4163028025371744, 1.186875786315719772, 28.55080161361139801 ) ) ;
#2524 = CARTESIAN_POINT ( 'NONE',  ( -124.3585411733771906, 21.55421030891062628, 13.43882289673398134 ) ) ;
#2525 = VERTEX_POINT ( 'NONE', #3490 ) ;
#2526 = CARTESIAN_POINT ( 'NONE',  ( 56.20134149593145168, -6.505027051076683442, 18.45646371474307657 ) ) ;
#2527 = CARTESIAN_POINT ( 'NONE',  ( -150.2199999999999989, -25.39999999999999503, -1.423663188993379250E-14 ) ) ;
#2528 = CARTESIAN_POINT ( 'NONE',  ( -120.6345316511851991, -23.45680583325782464, -16.31911181080418061 ) ) ;
#2529 = VERTEX_POINT ( 'NONE', #812 ) ;
#2530 = EDGE_CURVE ( 'NONE', #2380, #22, #2163, .T. ) ;
#2531 = CARTESIAN_POINT ( 'NONE',  ( 46.79712612545976214, 28.45995435008440566, -22.06546968082938065 ) ) ;
#2532 = CARTESIAN_POINT ( 'NONE',  ( -95.40500000000000114, 2.624571171422672535E-15, -1.040834085586084257E-14 ) ) ;
#2533 = FACE_OUTER_BOUND ( 'NONE', #1013, .T. ) ;
#2534 = CARTESIAN_POINT ( 'NONE',  ( 46.90941193219757110, 22.02359712953712290, -17.96455428971494328 ) ) ;
#2535 = FACE_BOUND ( 'NONE', #165, .T. ) ;
#2536 = CARTESIAN_POINT ( 'NONE',  ( 45.48038741843755872, 8.701667999431336398, -29.08404471462785068 ) ) ;
#2537 = CARTESIAN_POINT ( 'NONE',  ( 48.75223510310844688, -32.23931981273906899, -12.61488437366840110 ) ) ;
#2538 = CARTESIAN_POINT ( 'NONE',  ( 54.70903717235037078, -22.18953802710120371, 6.358699437651977426 ) ) ;
#2539 = ADVANCED_FACE ( 'NONE', ( #2842 ), #1078, .F. ) ;
#2540 = DIRECTION ( 'NONE',  ( 0.9942111271364116876, -3.081487911019578049E-33, -0.1074441002482028895 ) ) ;
#2541 = CARTESIAN_POINT ( 'NONE',  ( -119.1451241091502737, 24.83587777421908882, 14.13297460795368288 ) ) ;
#2542 = ORIENTED_EDGE ( 'NONE', *, *, #1228, .F. ) ;
#2543 = CARTESIAN_POINT ( 'NONE',  ( 48.25646417243546438, 30.27605340407941981, -18.63724504491595368 ) ) ;
#2544 = CARTESIAN_POINT ( 'NONE',  ( -121.8199999999999932, -23.21221785532330273, 10.31275628709465231 ) ) ;
#2545 = CARTESIAN_POINT ( 'NONE',  ( -113.9500000000000028, -4.874048032519752631E-15, -1.734723475976807094E-14 ) ) ;
#2546 = ORIENTED_EDGE ( 'NONE', *, *, #3738, .T. ) ;
#2547 = AXIS2_PLACEMENT_3D ( 'NONE', #3393, #2809, #1031 ) ;
#2548 = CARTESIAN_POINT ( 'NONE',  ( 47.73429654448777626, 21.37923702863341902, -19.11985246029820829 ) ) ;
#2549 = CARTESIAN_POINT ( 'NONE',  ( -124.4949408163320328, 22.08482522940325765, 12.54794816054391049 ) ) ;
#2550 = CARTESIAN_POINT ( 'NONE',  ( 47.11388913357733088, -31.88043363162681842, -13.90970860216524585 ) ) ;
#2551 = EDGE_CURVE ( 'NONE', #836, #1085, #1851, .T. ) ;
#2552 = CARTESIAN_POINT ( 'NONE',  ( 34.33555934338972548, -14.91698647848571291, 25.75302239816155492 ) ) ;
#2553 = VECTOR ( 'NONE', #2577, 999.9999999999998863 ) ;
#2554 = VECTOR ( 'NONE', #2475, 1000.000000000000000 ) ;
#2555 = CARTESIAN_POINT ( 'NONE',  ( 49.96349467394291821, -24.97596922094981764, -10.21462294594529574 ) ) ;
#2556 = CARTESIAN_POINT ( 'NONE',  ( 53.26151654942027136, -7.202562203181781086, 17.43611386625883952 ) ) ;
#2557 = CARTESIAN_POINT ( 'NONE',  ( 49.52368315427636247, -32.28870789196769664, -12.46950092424777345 ) ) ;
#2558 = ORIENTED_EDGE ( 'NONE', *, *, #2739, .F. ) ;
#2559 = CARTESIAN_POINT ( 'NONE',  ( 49.69593494757478425, -13.89328820000257458, -26.92450777059195843 ) ) ;
#2560 = FACE_OUTER_BOUND ( 'NONE', #2312, .T. ) ;
#2561 = VECTOR ( 'NONE', #2650, 1000.000000000000114 ) ;
#2562 = CARTESIAN_POINT ( 'NONE',  ( 54.41950302411974860, 24.45084947600853553, 0.8738630080590795712 ) ) ;
#2563 = DIRECTION ( 'NONE',  ( 1.000000000000000000, -0.000000000000000000, -0.000000000000000000 ) ) ;
#2564 = CARTESIAN_POINT ( 'NONE',  ( 46.84088857862910515, 22.18823037552366273, -17.66452759929704897 ) ) ;
#2565 = CARTESIAN_POINT ( 'NONE',  ( -123.1629614867702287, 20.74522417504902805, 14.65623479836643028 ) ) ;
#2566 = CARTESIAN_POINT ( 'NONE',  ( 46.87079774816439226, -31.14421234171105368, -16.26775068554509573 ) ) ;
#2567 = FACE_BOUND ( 'NONE', #753, .T. ) ;
#2568 = CARTESIAN_POINT ( 'NONE',  ( 10.56504657315492857, 1.794707568484589891E-15, -1.308141630798238753 ) ) ;
#2569 = ORIENTED_EDGE ( 'NONE', *, *, #350, .F. ) ;
#2570 = CARTESIAN_POINT ( 'NONE',  ( 49.98472149584511470, 32.20160340576312308, 1.780870002308073907 ) ) ;
#2571 = B_SPLINE_CURVE_WITH_KNOTS ( 'NONE', 3,
 ( #1037, #3756, #2501, #1913, #2231, #458, #504, #739, #778, #3177, #1890, #729, #2803, #1024, #169, #1142, #536, #3514, #1981, #2004, #1116, #1695, #1091, #2929, #1670, #3234, #1656, #2885, #560, #1969 ),
 .UNSPECIFIED., .F., .F.,
 ( 4, 2, 2, 2, 2, 2, 2, 2, 2, 2, 2, 2, 2, 2, 4 ),
 ( 0.01279952504244336736, 0.01338576472719806183, 0.01397200441195275457, 0.01455824409670744904, 0.01514448378146214177, 0.01573072346621683798, 0.01631696315097153072, 0.01690320283572622345, 0.01748944252048091619, 0.01866192188999030513, 0.01983440125949969407, 0.02042064094425438681, 0.02100688062900907954, 0.02159312031376377228, 0.02217935999851846848 ),
 .UNSPECIFIED. ) ;
#2572 = CARTESIAN_POINT ( 'NONE',  ( -95.40499999999998693, -28.57499999999999929, -6.908912627297278924E-15 ) ) ;
#2573 = CARTESIAN_POINT ( 'NONE',  ( 50.66611025635869225, -13.10331144914965584, -27.52821909210324591 ) ) ;
#2574 =( BOUNDED_CURVE ( )  B_SPLINE_CURVE ( 3, ( #3604, #2690, #2634, #1470 ),
 .UNSPECIFIED., .F., .F. ) 
 B_SPLINE_CURVE_WITH_KNOTS ( ( 4, 4 ),
 ( 1.570796326794897890, 3.141592653589795336 ),
 .UNSPECIFIED. ) 
 CURVE ( )  GEOMETRIC_REPRESENTATION_ITEM ( )  RATIONAL_B_SPLINE_CURVE ( ( 1.000000000000000000, 0.8047378541243648264, 0.8047378541243648264, 1.000000000000000000 ) ) 
 REPRESENTATION_ITEM ( '' )  );
#2575 = VERTEX_POINT ( 'NONE', #2572 ) ;
#2576 = DIRECTION ( 'NONE',  ( 0.05005906239151897835, -0.8848331851841330087, 0.4632108857414555247 ) ) ;
#2577 = DIRECTION ( 'NONE',  ( 0.05005906239151874937, -0.8848331851841332307, 0.4632108857414551917 ) ) ;
#2578 = CARTESIAN_POINT ( 'NONE',  ( 46.19652932620134322, 9.592307300311366802, -28.81529760505275917 ) ) ;
#2579 = EDGE_CURVE ( 'NONE', #2513, #3444, #1106, .T. ) ;
#2580 = ORIENTED_EDGE ( 'NONE', *, *, #2146, .F. ) ;
#2581 = CIRCLE ( 'NONE', #272, 28.74556901442441159 ) ;
#2582 = CARTESIAN_POINT ( 'NONE',  ( 51.61715585011989305, 32.29713936589936907, 1.166738790753797383 ) ) ;
#2583 = APPROVAL_STATUS ( 'not_yet_approved' ) ;
#2584 = EDGE_CURVE ( 'NONE', #1312, #579, #2046, .T. ) ;
#2585 = CARTESIAN_POINT ( 'NONE',  ( 49.39066477327163085, -13.65473989535713351, -35.74375454542318664 ) ) ;
#2586 = DIRECTION ( 'NONE',  ( -3.365775526749475420E-16, -0.8660254037844393737, -0.4999999999999989453 ) ) ;
#2587 = CARTESIAN_POINT ( 'NONE',  ( -123.4641617959705258, -20.85064005882782823, 14.50764915649350151 ) ) ;
#2588 = ORIENTED_EDGE ( 'NONE', *, *, #3165, .T. ) ;
#2589 = AXIS2_PLACEMENT_3D ( 'NONE', #1733, #292, #570 ) ;
#2590 = CARTESIAN_POINT ( 'NONE',  ( 51.24255589377101927, 15.65687728369032428, 23.53767458235954635 ) ) ;
#2591 = DIRECTION ( 'NONE',  ( 1.000000000000000000, 0.000000000000000000, -0.000000000000000000 ) ) ;
#2592 = CIRCLE ( 'NONE', #2547, 29.58999999999980446 ) ;
#2593 = ORIENTED_EDGE ( 'NONE', *, *, #2868, .T. ) ;
#2594 = PRODUCT_DEFINITION_SHAPE ( 'NONE', 'NONE',  #2452 ) ;
#2595 = CARTESIAN_POINT ( 'NONE',  ( 49.12157848832824669, 31.21304848501662477, 5.362825667447339129 ) ) ;
#2596 = APPLICATION_CONTEXT ( 'configuration controlled 3d designs of mechanical parts and assemblies' ) ;
#2597 = B_SPLINE_CURVE_WITH_KNOTS ( 'NONE', 3,
 ( #530, #516, #3800, #1646, #2543, #3515, #1959, #2275, #3760, #2904, #217, #1927, #2248, #782, #3744, #2863, #1081, #189, #2219, #494, #2531, #1069, #3166, #3225, #2326, #270, #2028, #297, #585, #3851, #2931, #870 ),
 .UNSPECIFIED., .F., .F.,
 ( 4, 2, 2, 2, 2, 2, 2, 2, 2, 2, 2, 2, 2, 2, 2, 4 ),
 ( 0.003569140965525719866, 0.004092030678900340432, 0.004614920392274961432, 0.005137810105649582432, 0.005660699819024202564, 0.006183589532398823564, 0.006706479245773444564, 0.007752258672522693503, 0.008275148385897311901, 0.008798038099271930298, 0.009320927812646548696, 0.009843817526021165359, 0.01036670723939578376, 0.01088959695277040216, 0.01141248666614502055, 0.01193537637951963722 ),
 .UNSPECIFIED. ) ;
#2598 = ORIENTED_EDGE ( 'NONE', *, *, #2584, .T. ) ;
#2599 = CARTESIAN_POINT ( 'NONE',  ( -129.6899999999999977, 7.703719777548943412E-31, -1.387778780781445676E-14 ) ) ;
#2600 = ORIENTED_EDGE ( 'NONE', *, *, #3282, .T. ) ;
#2601 = VECTOR ( 'NONE', #123, 1000.000000000000227 ) ;
#2602 = APPROVAL_PERSON_ORGANIZATION ( #312, #2653, #2914 ) ;
#2603 = CARTESIAN_POINT ( 'NONE',  ( 52.09727754795860477, 22.26394068106135293, -18.09845671192274352 ) ) ;
#2604 = AXIS2_PLACEMENT_3D ( 'NONE', #3230, #2963, #3842 ) ;
#2605 = CIRCLE ( 'NONE', #2895, 29.58999999999980446 ) ;
#2606 = FACE_BOUND ( 'NONE', #1611, .T. ) ;
#2607 = EDGE_CURVE ( 'NONE', #2525, #3582, #1685, .T. ) ;
#2608 = CARTESIAN_POINT ( 'NONE',  ( 48.91482685774410299, 31.39405310445803110, 4.842852135471687802 ) ) ;
#2609 = ORIENTED_EDGE ( 'NONE', *, *, #1103, .T. ) ;
#2610 = DIRECTION ( 'NONE',  ( 0.000000000000000000, 0.4637923611458446560, 0.8859439292318461723 ) ) ;
#2611 = CARTESIAN_POINT ( 'NONE',  ( -121.8199999999999932, -25.97550418053382515, -11.90814039080285092 ) ) ;
#2612 = CARTESIAN_POINT ( 'NONE',  ( 54.06995582103293430, 17.69030505910554041, 22.03405763517488225 ) ) ;
#2613 = CARTESIAN_POINT ( 'NONE',  ( 53.20528835252100919, 13.08100924735828663, 24.57873857242692495 ) ) ;
#2614 = CARTESIAN_POINT ( 'NONE',  ( 50.20098112129173984, 21.18667790681689667, -19.68428962687631767 ) ) ;
#2615 = DIRECTION ( 'NONE',  ( 0.000000000000000000, 0.000000000000000000, -1.000000000000000000 ) ) ;
#2616 = ORIENTED_EDGE ( 'NONE', *, *, #2840, .F. ) ;
#2617 = DIRECTION ( 'NONE',  ( -0.9942111271364117986, 1.101074672228211888E-16, 0.1074441002482030283 ) ) ;
#2618 = CARTESIAN_POINT ( 'NONE',  ( -123.0051535398606433, -2.404451862147731767, -28.47373736325450722 ) ) ;
#2619 = EDGE_LOOP ( 'NONE', ( #175, #1779 ) ) ;
#2620 = CARTESIAN_POINT ( 'NONE',  ( 56.33736620777791160, -7.056306166618629305, 18.28826206190200310 ) ) ;
#2621 = CARTESIAN_POINT ( 'NONE',  ( 47.05599779733831411, -23.92160294057179115, -13.84262862639515923 ) ) ;
#2622 = CARTESIAN_POINT ( 'NONE',  ( -119.4981192891561221, -1.339811208105117668, 25.36505753724122059 ) ) ;
#2623 = AXIS2_PLACEMENT_3D ( 'NONE', #1639, #3523, #1445 ) ;
#2624 = ORIENTED_EDGE ( 'NONE', *, *, #2093, .T. ) ;
#2625 = AXIS2_PLACEMENT_3D ( 'NONE', #1042, #461, #755 ) ;
#2626 = DIRECTION ( 'NONE',  ( 0.000000000000000000, 0.8837137091828832780, -0.4680278626345129589 ) ) ;
#2627 = CARTESIAN_POINT ( 'NONE',  ( 51.12907675684159159, 23.44366498828076928, -15.52435717962105421 ) ) ;
#2628 = EDGE_CURVE ( 'NONE', #1690, #1930, #2597, .T. ) ;
#2629 = FACE_BOUND ( 'NONE', #1429, .T. ) ;
#2630 = DIRECTION ( 'NONE',  ( 4.690026295307351928E-16, -1.000000000000000000, 0.000000000000000000 ) ) ;
#2631 = CARTESIAN_POINT ( 'NONE',  ( 56.83315092225810616, -10.96460096836628928, 25.01997462159517127 ) ) ;
#2632 = ORIENTED_EDGE ( 'NONE', *, *, #1319, .F. ) ;
#2633 = EDGE_CURVE ( 'NONE', #2375, #1259, #268, .T. ) ;
#2634 = CARTESIAN_POINT ( 'NONE',  ( -3.079127503415650224, 16.73884745518882866, -28.57500000000004192 ) ) ;
#2635 = CARTESIAN_POINT ( 'NONE',  ( -121.4691729687379933, 2.657624488436236110, -25.26060574460777275 ) ) ;
#2636 = DIRECTION ( 'NONE',  ( 1.000000000000000000, 2.428309327701567798E-16, -0.000000000000000000 ) ) ;
#2637 = EDGE_LOOP ( 'NONE', ( #1802, #424, #1592, #159 ) ) ;
#2638 = CARTESIAN_POINT ( 'NONE',  ( 48.19107405089778240, -9.396276864915424909, -29.10987137457093965 ) ) ;
#2639 = CARTESIAN_POINT ( 'NONE',  ( 54.55437705010845661, -29.85825718637115145, 8.122488623857673673 ) ) ;
#2640 = CARTESIAN_POINT ( 'NONE',  ( -123.9474479603171488, -1.630995218283098014, -28.52878664716854473 ) ) ;
#2641 = CARTESIAN_POINT ( 'NONE',  ( -121.6454804035690955, -25.97550418053377541, 11.90814039080293441 ) ) ;
#2642 = B_SPLINE_CURVE_WITH_KNOTS ( 'NONE', 3,
 ( #711, #1005, #1537, #99, #2135, #3076, #2442, #86, #1874, #2120, #124, #687, #3375, #1860, #3101, #380, #2415, #110, #954, #2148, #2455, #993, #659, #2429, #1301, #675, #3088, #1291, #3636, #393 ),
 .UNSPECIFIED., .F., .F.,
 ( 4, 2, 2, 2, 2, 2, 2, 2, 2, 2, 2, 2, 2, 2, 4 ),
 ( 0.007510415914230191871, 0.008556750844616042156, 0.009079918309808965998, 0.009603085775001889840, 0.01012625324019481368, 0.01064942070538773752, 0.01117258817058066137, 0.01169575563577358521, 0.01221892310096650905, 0.01274209056615943289, 0.01326525803135235673, 0.01378842549654528057, 0.01483476042693115428, 0.01535792789212409026, 0.01588109535731702451 ),
 .UNSPECIFIED. ) ;
#2643 = ADVANCED_FACE ( 'NONE', ( #3357, #198 ), #2957, .T. ) ;
#2644 = CARTESIAN_POINT ( 'NONE',  ( 56.25979333126139181, -6.687154217407790036, 18.40098852420072717 ) ) ;
#2645 = DIRECTION ( 'NONE',  ( 0.9942111271364115765, -0.000000000000000000, -0.1074441002482029034 ) ) ;
#2646 = CARTESIAN_POINT ( 'NONE',  ( -119.1623094143216832, -0.3503260694793280394, 25.39816038139094445 ) ) ;
#2647 = FACE_OUTER_BOUND ( 'NONE', #3237, .T. ) ;
#2648 = FACE_OUTER_BOUND ( 'NONE', #2711, .T. ) ;
#2649 = EDGE_CURVE ( 'NONE', #810, #2529, #2826, .T. ) ;
#2650 = DIRECTION ( 'NONE',  ( -0.9942111271364115765, 0.000000000000000000, 0.1074441002482028618 ) ) ;
#2651 = CARTESIAN_POINT ( 'NONE',  ( -119.6938781113844215, 1.632845120817644213, -25.34788518876013796 ) ) ;
#2652 = CARTESIAN_POINT ( 'NONE',  ( 49.74768355821876042, -29.25412203629528918, 9.861519165519235131 ) ) ;
#2653 = APPROVAL ( #834, 'UNSPECIFIED' ) ;
#2654 = VERTEX_POINT ( 'NONE', #3273 ) ;
#2655 = CARTESIAN_POINT ( 'NONE',  ( 45.77524836319418711, -11.09926642748771464, -28.09353996618484572 ) ) ;
#2656 = VECTOR ( 'NONE', #3055, 1000.000000000000000 ) ;
#2657 = CARTESIAN_POINT ( 'NONE',  ( -121.6463888281648451, -2.675063003359722469, -28.44951076788639455 ) ) ;
#2658 = CARTESIAN_POINT ( 'NONE',  ( -119.6818244746657882, -23.88417195393430248, 15.68878592402390559 ) ) ;
#2659 = CARTESIAN_POINT ( 'NONE',  ( -119.1450000000000244, -0.1765595660249439369, 25.39999999999998792 ) ) ;
#2660 = CARTESIAN_POINT ( 'NONE',  ( -119.1449999999999960, -1.407130455283854603E-15, 28.57499999999998153 ) ) ;
#2661 = EDGE_LOOP ( 'NONE', ( #3626, #1701, #1877, #3372 ) ) ;
#2662 = CARTESIAN_POINT ( 'NONE',  ( -124.1400436471423205, 1.343097546443794865, -28.54379247202392733 ) ) ;
#2663 = CARTESIAN_POINT ( 'NONE',  ( -122.5211323049310863, -23.34146666891749788, -16.48406653867345639 ) ) ;
#2664 = CARTESIAN_POINT ( 'NONE',  ( -121.8199999999999932, 23.21221785532329207, -10.31275628709465941 ) ) ;
#2665 = ADVANCED_FACE ( 'NONE', ( #2560 ), #1961, .F. ) ;
#2666 = EDGE_LOOP ( 'NONE', ( #3849, #2945, #2624, #3131 ) ) ;
#2667 = CARTESIAN_POINT ( 'NONE',  ( 54.18054656260272850, -30.02913333076627467, 7.791111192911280625 ) ) ;
#2668 = CARTESIAN_POINT ( 'NONE',  ( 48.87962313023677297, 23.92992412356189291, 3.118669704364625428 ) ) ;
#2669 = B_SPLINE_CURVE_WITH_KNOTS ( 'NONE', 3,
 ( #2991, #3005, #1201, #887, #1484, #35, #2070, #2371, #1497, #353, #2155, #436, #1253, #1548, #966, #980, #3361, #1834, #3686, #3345, #1574, #3674, #2736, #699, #1278, #410, #1563, #3066, #426, #3648 ),
 .UNSPECIFIED., .F., .F.,
 ( 4, 2, 2, 2, 2, 2, 2, 2, 2, 2, 2, 2, 2, 2, 4 ),
 ( 0.009295240322756814083, 0.01034096073252801194, 0.01086382093741361347, 0.01138668114229921327, 0.01190954134718481307, 0.01243240155207041286, 0.01295526175695601440, 0.01347812196184161246, 0.01400098216672721399, 0.01452384237161281379, 0.01504670257649841358, 0.01556956278138401512, 0.01661528319115523900, 0.01713814339604083359, 0.01766100360092643165 ),
 .UNSPECIFIED. ) ;
#2670 = ORIENTED_EDGE ( 'NONE', *, *, #608, .F. ) ;
#2671 = CARTESIAN_POINT ( 'NONE',  ( 32.77315824458189297, 29.45851174789178017, 11.29567616978273570 ) ) ;
#2672 = CARTESIAN_POINT ( 'NONE',  ( -120.4743326150888265, 23.07297051695474011, -10.62148721456300215 ) ) ;
#2673 = DIRECTION ( 'NONE',  ( 0.9942111271364115765, 0.000000000000000000, -0.1074441002482031116 ) ) ;
#2674 = CARTESIAN_POINT ( 'NONE',  ( 51.76135024689276065, -11.59695859246116179, 25.33750805575816401 ) ) ;
#2675 = CARTESIAN_POINT ( 'NONE',  ( -123.0070050115132290, 2.403625249577366674, -25.28610579883973131 ) ) ;
#2676 = CARTESIAN_POINT ( 'NONE',  ( 51.71345814643625260, -30.36161487388729796, 7.301423785632473518 ) ) ;
#2677 = CARTESIAN_POINT ( 'NONE',  ( 45.96087743500368106, -10.66465308399819634, -28.32079288269695283 ) ) ;
#2678 = EDGE_CURVE ( 'NONE', #715, #2513, #1436, .T. ) ;
#2679 = ORIENTED_EDGE ( 'NONE', *, *, #2476, .T. ) ;
#2680 = CARTESIAN_POINT ( 'NONE',  ( 49.96349467394291821, -23.20801320296248704, -15.94823712187851505 ) ) ;
#2681 = CARTESIAN_POINT ( 'NONE',  ( 50.06525176214694994, 24.93084736138368385, -0.6884385574393894203 ) ) ;
#2682 = CARTESIAN_POINT ( 'NONE',  ( 54.79604477071712409, 31.56425555351902190, 3.666547706558123121 ) ) ;
#2683 = CARTESIAN_POINT ( 'NONE',  ( 49.38336298380784939, -22.43072895564746005, 6.484763319257284664 ) ) ;
#2684 = CIRCLE ( 'NONE', #3814, 30.59000000000000341 ) ;
#2685 = ORIENTED_EDGE ( 'NONE', *, *, #551, .F. ) ;
#2686 = ADVANCED_FACE ( 'NONE', ( #282, #89 ), #1076, .T. ) ;
#2687 = DIRECTION ( 'NONE',  ( 1.000000000000000000, 0.000000000000000000, 0.000000000000000000 ) ) ;
#2688 = CARTESIAN_POINT ( 'NONE',  ( -119.4163594433695721, 21.37996111451618475, -13.71435803493660366 ) ) ;
#2689 = CARTESIAN_POINT ( 'NONE',  ( -129.3899999999999864, 3.536167632537985292E-15, 28.87500000000000355 ) ) ;
#2690 = CARTESIAN_POINT ( 'NONE',  ( -2.441419317320098870, 28.57500000000002416, -16.73884745518882866 ) ) ;
#2691 = CARTESIAN_POINT ( 'NONE',  ( 46.04512032901376983, -10.52601548560371469, -28.39377905304151994 ) ) ;
#2692 = ORIENTED_EDGE ( 'NONE', *, *, #737, .F. ) ;
#2693 = LINE ( 'NONE', #951, #1173 ) ;
#2694 = EDGE_LOOP ( 'NONE', ( #3843, #3118 ) ) ;
#2695 = CARTESIAN_POINT ( 'NONE',  ( 48.45019393840387778, -11.35057498708125223, -27.08443649495574235 ) ) ;
#2696 = CARTESIAN_POINT ( 'NONE',  ( 55.77252118787941271, 11.09135501910965260, 16.79195459295706172 ) ) ;
#2697 = CARTESIAN_POINT ( 'NONE',  ( 51.17793579322169251, 23.23228721696847643, 4.630248473864004843 ) ) ;
#2698 = CARTESIAN_POINT ( 'NONE',  ( 53.79554684850054969, 32.08375521551968745, 1.874138865482750216 ) ) ;
#2699 = CARTESIAN_POINT ( 'NONE',  ( 49.50301710317789627, -22.18041979178804723, 6.933993044857869492 ) ) ;
#2700 = CIRCLE ( 'NONE', #83, 33.02000000000001734 ) ;
#2701 = CARTESIAN_POINT ( 'NONE',  ( -123.8365874186311686, -1.766395591909926344, -25.33881439312152040 ) ) ;
#2702 = CARTESIAN_POINT ( 'NONE',  ( -120.1758352358044277, 22.98931150483006292, -10.80336198686901206 ) ) ;
#2703 = DIRECTION ( 'NONE',  ( 0.000000000000000000, -0.2946593363312213776, 0.9556023626555368855 ) ) ;
#2704 = EDGE_CURVE ( 'NONE', #3632, #813, #2115, .T. ) ;
#2705 = CARTESIAN_POINT ( 'NONE',  ( 75.85408044949265616, 5.635568968587192297E-15, -38.11111084147897543 ) ) ;
#2706 = CARTESIAN_POINT ( 'NONE',  ( 49.46859381843132297, 30.36903211332749919, -18.55103976549475320 ) ) ;
#2707 = ADVANCED_FACE ( 'NONE', ( #2309 ), #3365, .T. ) ;
#2708 = CARTESIAN_POINT ( 'NONE',  ( 31.17041605398638282, 5.090187566222019331E-15, -3.534957770471102378 ) ) ;
#2709 = CARTESIAN_POINT ( 'NONE',  ( 54.02773195824595831, 13.98174217760745464, 15.32390725264870746 ) ) ;
#2710 = CARTESIAN_POINT ( 'NONE',  ( 50.78947185394252983, 24.97306049379792015, -0.9906603809752619894 ) ) ;
#2711 = EDGE_LOOP ( 'NONE', ( #3795, #3333, #2473, #3607, #1658 ) ) ;
#2712 = CARTESIAN_POINT ( 'NONE',  ( 52.96166639945253962, -10.32891045846038836, 17.45023830318468328 ) ) ;
#2713 = ORIENTED_EDGE ( 'NONE', *, *, #1956, .F. ) ;
#2714 = CARTESIAN_POINT ( 'NONE',  ( -129.3899999999999864, 7.703719777548943412E-31, -1.387778780781445676E-14 ) ) ;
#2715 = CARTESIAN_POINT ( 'NONE',  ( -121.6452318872483005, 23.21221785532329562, -10.31275628709466297 ) ) ;
#2716 = DIRECTION ( 'NONE',  ( 0.03182761377624739041, 0.9551182288552939603, 0.2945100540043350534 ) ) ;
#2717 = AXIS2_PLACEMENT_3D ( 'NONE', #2515, #3133, #3706 ) ;
#2718 = VERTEX_POINT ( 'NONE', #1630 ) ;
#2719 = CARTESIAN_POINT ( 'NONE',  ( -122.1691416929444074, -20.53721785532336952, -14.94599219734134188 ) ) ;
#2720 = CARTESIAN_POINT ( 'NONE',  ( 53.08244080128625342, 13.71450915914545732, 14.52709998968204275 ) ) ;
#2721 = ORIENTED_EDGE ( 'NONE', *, *, #144, .F. ) ;
#2722 = CARTESIAN_POINT ( 'NONE',  ( 50.45590196896146296, 30.27379058050965810, -18.88016800896265579 ) ) ;
#2723 = FACE_OUTER_BOUND ( 'NONE', #1308, .T. ) ;
#2724 = CARTESIAN_POINT ( 'NONE',  ( -121.4701526321679523, 2.674896455479539359, 25.25875945020418456 ) ) ;
#2725 = DIRECTION ( 'NONE',  ( 0.1074441002482028340, 0.000000000000000000, 0.9942111271364117986 ) ) ;
#2726 = CARTESIAN_POINT ( 'NONE',  ( -119.2815454952879151, -0.8617587311994762134, -28.56246278375061465 ) ) ;
#2727 = CIRCLE ( 'NONE', #3181, 28.58999999999996078 ) ;
#2728 = CARTESIAN_POINT ( 'NONE',  ( 50.40765457022038021, -7.989617112607150240, 18.63793548280615298 ) ) ;
#2729 = ADVANCED_FACE ( 'NONE', ( #1770 ), #1738, .T. ) ;
#2730 = FACE_OUTER_BOUND ( 'NONE', #364, .T. ) ;
#2731 = CARTESIAN_POINT ( 'NONE',  ( -121.8199999999999932, 25.97550418053377541, -11.90814039080295039 ) ) ;
#2732 = CARTESIAN_POINT ( 'NONE',  ( -120.9572510667690892, -25.91798335580217838, -12.03300859203473294 ) ) ;
#2733 = CARTESIAN_POINT ( 'NONE',  ( 44.39375834904637941, 9.315692172675147376, -36.82954897228033531 ) ) ;
#2734 = AXIS2_PLACEMENT_3D ( 'NONE', #3624, #105, #2725 ) ;
#2735 = CARTESIAN_POINT ( 'NONE',  ( -124.4950210562636101, -21.90890068028391013, -12.85267531884709769 ) ) ;
#2736 = CARTESIAN_POINT ( 'NONE',  ( -123.8361993649193238, -23.81625993335903146, 15.79023963578927336 ) ) ;
#2737 = ORIENTED_EDGE ( 'NONE', *, *, #3810, .F. ) ;
#2738 = DIRECTION ( 'NONE',  ( 1.000000000000000000, -0.000000000000000000, -0.000000000000000000 ) ) ;
#2739 = EDGE_CURVE ( 'NONE', #2529, #902, #633, .T. ) ;
#2740 = ORIENTED_EDGE ( 'NONE', *, *, #1486, .F. ) ;
#2741 = CARTESIAN_POINT ( 'NONE',  ( -124.4949999999999903, -1.734723479933733395E-15, 25.39999999999998082 ) ) ;
#2742 = CARTESIAN_POINT ( 'NONE',  ( 54.79787399174089302, 13.60272418106537806, 15.48733276998403774 ) ) ;
#2743 = CARTESIAN_POINT ( 'NONE',  ( 48.71091140638012007, 12.36282240039193248, -36.22722206653669730 ) ) ;
#2744 = DIRECTION ( 'NONE',  ( -0.9942111271364115765, 0.000000000000000000, 0.1074441002482028340 ) ) ;
#2745 = ORIENTED_EDGE ( 'NONE', *, *, #2765, .F. ) ;
#2746 = DIRECTION ( 'NONE',  ( 1.000000000000000000, -0.000000000000000000, -0.000000000000000000 ) ) ;
#2747 = DIRECTION ( 'NONE',  ( 0.000000000000000000, -3.061616997868380553E-17, -1.000000000000000000 ) ) ;
#2748 = APPROVAL_DATE_TIME ( #2166, #2471 ) ;
#2749 = CARTESIAN_POINT ( 'NONE',  ( -121.8199999999999932, 1.734723475976807094E-15, -24.83905785565821134 ) ) ;
#2750 = CYLINDRICAL_SURFACE ( 'NONE', #3032, 28.57500000000000284 ) ;
#2751 = CARTESIAN_POINT ( 'NONE',  ( -124.3579146551697931, -22.41643732040500225, -11.94527358244239856 ) ) ;
#2752 = DIRECTION ( 'NONE',  ( 0.9942111271364116876, 1.350509218838742282E-17, -0.1074441002482028340 ) ) ;
#2753 = VERTEX_POINT ( 'NONE', #3726 ) ;
#2754 = ORIENTED_EDGE ( 'NONE', *, *, #1299, .F. ) ;
#2755 = CARTESIAN_POINT ( 'NONE',  ( 52.65186689865543457, -23.92901873965798742, -14.42651069752934312 ) ) ;
#2756 = CARTESIAN_POINT ( 'NONE',  ( 53.85777413793158530, 9.451571284772898096, 17.72651371524829145 ) ) ;
#2757 = CARTESIAN_POINT ( 'NONE',  ( 49.35721979361746037, 7.662842499147719977, -37.80628168747044526 ) ) ;
#2758 = CARTESIAN_POINT ( 'NONE',  ( 45.50258074063276581, -16.72725460164778966, -33.72040167686949275 ) ) ;
#2759 = AXIS2_PLACEMENT_3D ( 'NONE', #2714, #2687, #3327 ) ;
#2760 = LINE ( 'NONE', #3003, #2561 ) ;
#2761 = CARTESIAN_POINT ( 'NONE',  ( -119.6933742794537636, 23.89057893933379262, -15.67775438209689121 ) ) ;
#2762 = CARTESIAN_POINT ( 'NONE',  ( 33.73839530428496403, 4.370299501416278432, -36.73255956394343968 ) ) ;
#2763 = CARTESIAN_POINT ( 'NONE',  ( -123.0046875058265528, -23.10066515798734699, 10.56048109319251438 ) ) ;
#2764 = ORIENTED_EDGE ( 'NONE', *, *, #3211, .F. ) ;
#2765 = EDGE_CURVE ( 'NONE', #1137, #813, #2013, .T. ) ;
#2766 = CARTESIAN_POINT ( 'NONE',  ( -120.6304689199013609, -23.09968724753184688, -10.56262341182964626 ) ) ;
#2767 = CARTESIAN_POINT ( 'NONE',  ( -121.8199999999999932, 25.97550418053377541, -11.90814039080295039 ) ) ;
#2768 = CARTESIAN_POINT ( 'NONE',  ( 49.46630414429871792, 27.90827039132149068, -23.26293150172621083 ) ) ;
#2769 = CARTESIAN_POINT ( 'NONE',  ( -124.4102099353577700, -25.08516208144423487, -13.68555946042873117 ) ) ;
#2770 = ORIENTED_EDGE ( 'NONE', *, *, #3712, .T. ) ;
#2771 = VECTOR ( 'NONE', #767, 1000.000000000000114 ) ;
#2772 = CARTESIAN_POINT ( 'NONE',  ( 51.98960839999437411, 9.712248285092959676, 17.82171090197095964 ) ) ;
#2773 = CARTESIAN_POINT ( 'NONE',  ( -96.42000000000000171, 5.777789833161707559E-31, -6.938893903907228378E-15 ) ) ;
#2774 = CARTESIAN_POINT ( 'NONE',  ( 47.78054309682958234, 12.59871514918310531, -36.02974786469621193 ) ) ;
#2775 = CARTESIAN_POINT ( 'NONE',  ( -123.4510168582614682, 25.74186398602815018, -12.40550550392178053 ) ) ;
#2776 = VERTEX_POINT ( 'NONE', #933 ) ;
#2777 = ADVANCED_FACE ( 'NONE', ( #3390 ), #2324, .T. ) ;
#2778 = DIRECTION ( 'NONE',  ( 0.000000000000000000, 0.000000000000000000, 1.000000000000000000 ) ) ;
#2779 = DIRECTION ( 'NONE',  ( 0.9942111271364117986, -1.101074672228211888E-16, -0.1074441002482030283 ) ) ;
#2780 = ORIENTED_EDGE ( 'NONE', *, *, #2856, .T. ) ;
#2781 = CARTESIAN_POINT ( 'NONE',  ( -123.5874258202452296, -22.93570270466813454, 10.91461652466873922 ) ) ;
#2782 = CARTESIAN_POINT ( 'NONE',  ( 49.39378118728069467, -17.21234518487090170, -33.84766445422105363 ) ) ;
#2783 = DIRECTION ( 'NONE',  ( -0.1074441002482026258, 0.000000000000000000, -0.9942111271364116876 ) ) ;
#2784 = CARTESIAN_POINT ( 'NONE',  ( -122.5129535099277689, -25.93964663391377456, -11.98609711600145289 ) ) ;
#2785 = CIRCLE ( 'NONE', #1895, 28.57499999999999929 ) ;
#2786 = CARTESIAN_POINT ( 'NONE',  ( 52.80367262495848735, -24.60272958423148992, -12.22591173934134368 ) ) ;
#2787 = CARTESIAN_POINT ( 'NONE',  ( -123.4520023818638492, 25.74150873651895211, 12.40624038078088098 ) ) ;
#2788 = CARTESIAN_POINT ( 'NONE',  ( -124.2245187132222526, 24.13316886002882100, -15.30186737689853516 ) ) ;
#2789 = ORIENTED_EDGE ( 'NONE', *, *, #904, .F. ) ;
#2790 = EDGE_CURVE ( 'NONE', #1202, #2253, #295, .T. ) ;
#2791 = CARTESIAN_POINT ( 'NONE',  ( -113.9499999999999886, -29.58999999999999986, -1.025405792913743937E-14 ) ) ;
#2792 = EDGE_LOOP ( 'NONE', ( #1163, #2679, #941, #1276, #3318, #2082 ) ) ;
#2793 = CYLINDRICAL_SURFACE ( 'NONE', #156, 2.674999999999998934 ) ;
#2794 = CARTESIAN_POINT ( 'NONE',  ( 48.32756430987630836, -17.65486282405545637, -33.45548452428465680 ) ) ;
#2795 = CARTESIAN_POINT ( 'NONE',  ( -119.2300821754287625, -21.64340436026046888, 13.29483970226756284 ) ) ;
#2796 = CARTESIAN_POINT ( 'NONE',  ( 52.34390614187188362, -24.79207105137009393, -11.38129476015692276 ) ) ;
#2797 = DIRECTION ( 'NONE',  ( -0.9942111271364115765, 0.000000000000000000, 0.1074441002482028340 ) ) ;
#2798 = VERTEX_POINT ( 'NONE', #3776 ) ;
#2799 = CARTESIAN_POINT ( 'NONE',  ( -123.9473606375685364, 23.89112599552134242, -15.67691814805733941 ) ) ;
#2800 = AXIS2_PLACEMENT_3D ( 'NONE', #1495, #2354, #2673 ) ;
#2801 = EDGE_LOOP ( 'NONE', ( #1089, #324, #1355, #1970 ) ) ;
#2802 = CARTESIAN_POINT ( 'NONE',  ( -121.8199999999999932, -23.30050418053376404, 16.54137630104967727 ) ) ;
#2803 = CARTESIAN_POINT ( 'NONE',  ( 52.41169302624652460, -31.97517927885212075, -14.12094893787117300 ) ) ;
#2804 = CARTESIAN_POINT ( 'NONE',  ( 51.18978684702390325, -9.497837260799245840, 26.11083017533113093 ) ) ;
#2805 = VECTOR ( 'NONE', #1275, 1000.000000000000227 ) ;
#2806 = CARTESIAN_POINT ( 'NONE',  ( -123.8343832505064341, -22.82826911576401585, 11.13756892754195604 ) ) ;
#2807 = CARTESIAN_POINT ( 'NONE',  ( -1.539563751707440087, 25.39999999999992397, -1.734723475976807094E-14 ) ) ;
#2808 = CARTESIAN_POINT ( 'NONE',  ( -119.4811068148348028, -21.29596334004250480, 13.84722777272951610 ) ) ;
#2809 = DIRECTION ( 'NONE',  ( -1.000000000000000000, 1.374771665667168626E-32, -2.345013147653691741E-16 ) ) ;
#2810 = CARTESIAN_POINT ( 'NONE',  ( 50.60232656077884883, 12.55674140707554720, 16.57339075775647785 ) ) ;
#2811 = DIRECTION ( 'NONE',  ( -0.9942111271364116876, 5.383361607227059951E-17, 0.1074441002482028201 ) ) ;
#2812 = CARTESIAN_POINT ( 'NONE',  ( 44.96422817103319147, -15.11108561290647323, -34.55654220969842072 ) ) ;
#2813 = AXIS2_PLACEMENT_3D ( 'NONE', #2599, #3479, #2876 ) ;
#2814 = DIRECTION ( 'NONE',  ( -4.690026295307351928E-16, 1.000000000000000000, 0.000000000000000000 ) ) ;
#2815 = EDGE_LOOP ( 'NONE', ( #3253, #2027, #2181, #1527 ) ) ;
#2816 = DIRECTION ( 'NONE',  ( 0.1074441002482030838, 0.000000000000000000, 0.9942111271364116876 ) ) ;
#2817 = VERTEX_POINT ( 'NONE', #1061 ) ;
#2818 = CARTESIAN_POINT ( 'NONE',  ( -119.1626462191091633, 24.92163129537459909, 13.98113495530434669 ) ) ;
#2819 = CYLINDRICAL_SURFACE ( 'NONE', #2919, 28.57499999999999929 ) ;
#2820 = EDGE_CURVE ( 'NONE', #3803, #2267, #1333, .T. ) ;
#2821 = ORIENTED_EDGE ( 'NONE', *, *, #3233, .F. ) ;
#2822 = CARTESIAN_POINT ( 'NONE',  ( 49.96349467394291821, -23.20801320296248704, -15.94823712187851505 ) ) ;
#2823 = CARTESIAN_POINT ( 'NONE',  ( 52.53538393684536345, 23.22972072738267357, 4.489382541394784099 ) ) ;
#2824 = CARTESIAN_POINT ( 'NONE',  ( -124.3588221854544287, 25.16620701715462616, 13.53584158453221598 ) ) ;
#2825 = CARTESIAN_POINT ( 'NONE',  ( -123.5862387152130850, 22.93621564402520008, 10.91355140081780561 ) ) ;
#2826 = LINE ( 'NONE', #3825, #2438 ) ;
#2827 = CARTESIAN_POINT ( 'NONE',  ( 32.51820624981562702, -23.82324867789759892, 8.936532117231807959 ) ) ;
#2828 = CARTESIAN_POINT ( 'NONE',  ( -119.4169929073996030, 25.31980142957133850, 13.24630416845887915 ) ) ;
#2829 = B_SPLINE_CURVE_WITH_KNOTS ( 'NONE', 3,
 ( #3112, #3154, #710, #2794, #2154, #1016, #467, #435, #2782, #1309, #3411, #731, #1892, #1322, #147, #1004, #1029, #3100, #3124, #1300, #2505, #1377, #538, #2585, #3465, #3771, #3178, #3193, #1659, #202 ),
 .UNSPECIFIED., .F., .F.,
 ( 4, 2, 2, 2, 2, 2, 2, 2, 2, 2, 2, 2, 2, 2, 4 ),
 ( 0.01154836565794023322, 0.01207108167227631361, 0.01259379768661239400, 0.01311651370094847439, 0.01363922971528455479, 0.01416194572962063344, 0.01468466174395671384, 0.01520737775829279423, 0.01573009377262887462, 0.01677552580130103541, 0.01729824181563710886, 0.01782095782997318231, 0.01834367384430925577, 0.01886638985864532922, 0.01991182188731750041 ),
 .UNSPECIFIED. ) ;
#2830 = CARTESIAN_POINT ( 'NONE',  ( -121.8199999999999932, 20.53721785532329136, -14.94599219734140760 ) ) ;
#2831 = CARTESIAN_POINT ( 'NONE',  ( 50.99766182988036434, -12.26004443599521387, -28.05311815153715926 ) ) ;
#2832 = AXIS2_PLACEMENT_3D ( 'NONE', #1349, #3129, #163 ) ;
#2833 = ORIENTED_EDGE ( 'NONE', *, *, #1133, .T. ) ;
#2834 = CARTESIAN_POINT ( 'NONE',  ( 54.17417353747379138, 23.67929000507792381, 3.223529057707363865 ) ) ;
#2835 = CARTESIAN_POINT ( 'NONE',  ( 48.17794931312094775, 4.607612939722764089, -30.49698552097483528 ) ) ;
#2836 = CARTESIAN_POINT ( 'NONE',  ( -124.2240601864074563, 1.186148910605989926, 28.55083224751181703 ) ) ;
#2837 = CARTESIAN_POINT ( 'NONE',  ( 47.21499097452447558, 4.728508795429307909, -30.37028272766096038 ) ) ;
#2838 = CARTESIAN_POINT ( 'NONE',  ( 55.97505600884461785, -5.987247325652252705, 18.61499021793574471 ) ) ;
#2839 = VERTEX_POINT ( 'NONE', #760 ) ;
#2840 = EDGE_CURVE ( 'NONE', #1901, #2776, #3546, .T. ) ;
#2841 = CARTESIAN_POINT ( 'NONE',  ( -121.8199999999999932, -25.97550418053382515, -11.90814039080285092 ) ) ;
#2842 = FACE_OUTER_BOUND ( 'NONE', #2637, .T. ) ;
#2843 = CARTESIAN_POINT ( 'NONE',  ( -119.4992860372575478, 24.04880556004251346, -15.43394621142518730 ) ) ;
#2844 = CARTESIAN_POINT ( 'NONE',  ( -121.8199999999999932, -23.30050418053383865, -16.54137630104961332 ) ) ;
#2845 = ORIENTED_EDGE ( 'NONE', *, *, #1422, .T. ) ;
#2846 = DATE_AND_TIME ( #3236, #3377 ) ;
#2847 = CARTESIAN_POINT ( 'NONE',  ( 73.56739485707889514, 5.635568968587192297E-15, -37.86398941090810411 ) ) ;
#2848 = CARTESIAN_POINT ( 'NONE',  ( -119.2817321955829755, -22.41598365738387599, 11.94612948325131541 ) ) ;
#2849 = CARTESIAN_POINT ( 'NONE',  ( 61.66414699477569883, -33.41623999999998773, 26.78040251187335485 ) ) ;
#2850 = FACE_OUTER_BOUND ( 'NONE', #1466, .T. ) ;
#2851 = VERTEX_POINT ( 'NONE', #1649 ) ;
#2852 = CARTESIAN_POINT ( 'NONE',  ( 52.34716123866943605, 23.21444661166949075, 4.544250236558840861 ) ) ;
#2853 = CARTESIAN_POINT ( 'NONE',  ( 50.55171310455401823, 9.337894628264965746, -29.38981259476110353 ) ) ;
#2854 = CARTESIAN_POINT ( 'NONE',  ( 48.80711033178305058, 21.12113032239881960, -19.63189742814050121 ) ) ;
#2855 = CARTESIAN_POINT ( 'NONE',  ( 45.79420209539335929, 9.181718043711477151, -28.93623170298977598 ) ) ;
#2856 = EDGE_CURVE ( 'NONE', #155, #774, #1616, .T. ) ;
#2857 = ORIENTED_EDGE ( 'NONE', *, *, #1153, .F. ) ;
#2858 = CARTESIAN_POINT ( 'NONE',  ( 18.06141789894178018, 6.979655082762784751E-17, -2.118272246159059069 ) ) ;
#2859 = DIRECTION ( 'NONE',  ( 1.000000000000000000, -5.463695987328528409E-16, 0.000000000000000000 ) ) ;
#2860 = CARTESIAN_POINT ( 'NONE',  ( -121.1188659327896318, 25.94635348705451960, 11.97227032040090755 ) ) ;
#2861 = B_SPLINE_CURVE_WITH_KNOTS ( 'NONE', 3,
 ( #1185, #1765, #2663, #900, #2990, #3291, #1496, #1483, #1739, #3592, #336, #3004, #2949, #150, #3403, #3721, #3711, #2769, #1311, #427, #2492, #1906, #700, #1007, #438, #449, #2784, #1293, #3126, #995 ),
 .UNSPECIFIED., .F., .F.,
 ( 4, 2, 2, 2, 2, 2, 2, 2, 2, 2, 2, 2, 2, 2, 4 ),
 ( 0.009295804994471829064, 0.01034152462481326140, 0.01086438443998397410, 0.01138724425515468854, 0.01191010407032540297, 0.01243296388549611393, 0.01295582370066682490, 0.01347868351583753413, 0.01400154333100824683, 0.01452440314617895606, 0.01504726296134966529, 0.01557012277652037625, 0.01661584240686179298, 0.01713870222203252303, 0.01766156203720324960 ),
 .UNSPECIFIED. ) ;
#2862 = CYLINDRICAL_SURFACE ( 'NONE', #3128, 2.999999999999999556 ) ;
#2863 = CARTESIAN_POINT ( 'NONE',  ( 46.44178602744248252, 29.01595412406140895, -21.03860563089032709 ) ) ;
#2864 = CARTESIAN_POINT ( 'NONE',  ( 48.54077008966781648, -14.13977136166974802, -26.63542705994042237 ) ) ;
#2865 = CARTESIAN_POINT ( 'NONE',  ( 50.00426994578492668, 5.258932528339776091, -30.56628732618621314 ) ) ;
#2866 = CARTESIAN_POINT ( 'NONE',  ( 48.80986542077427970, 23.53506168841046176, -15.05006069641337341 ) ) ;
#2867 = CARTESIAN_POINT ( 'NONE',  ( 27.65382320621009526, 4.370299501416286425, -36.07500167042443451 ) ) ;
#2868 = EDGE_CURVE ( 'NONE', #2123, #401, #1915, .T. ) ;
#2869 = ORIENTED_EDGE ( 'NONE', *, *, #1902, .T. ) ;
#2870 = AXIS2_PLACEMENT_3D ( 'NONE', #1364, #1389, #3466 ) ;
#2871 = CARTESIAN_POINT ( 'NONE',  ( -119.1449265176978258, -24.83347893843939147, 14.13716650777147699 ) ) ;
#2872 = CARTESIAN_POINT ( 'NONE',  ( 48.83802272315848114, 31.73809670862999610, 3.721881445237218422 ) ) ;
#2873 = CARTESIAN_POINT ( 'NONE',  ( 53.94446282883216526, -6.883252691358952902, 26.48649694216225470 ) ) ;
#2874 = ORIENTED_EDGE ( 'NONE', *, *, #2213, .T. ) ;
#2875 = CARTESIAN_POINT ( 'NONE',  ( -121.8199999999999932, 25.06037526958331441, 14.46861440788698872 ) ) ;
#2876 = DIRECTION ( 'NONE',  ( 0.000000000000000000, 0.000000000000000000, -1.000000000000000000 ) ) ;
#2877 = CARTESIAN_POINT ( 'NONE',  ( 49.71967013691926951, -32.29292554669499538, -12.47080143520441098 ) ) ;
#2878 = CARTESIAN_POINT ( 'NONE',  ( 10.56504657315492679, 2.384374161534076683E-17, -1.308141630798238753 ) ) ;
#2879 = CARTESIAN_POINT ( 'NONE',  ( 51.81296460277086879, 30.52496952870777136, 6.899053638411286826 ) ) ;
#2880 = CARTESIAN_POINT ( 'NONE',  ( 49.13785373982971549, 4.790013174786754924, -30.56631874557738726 ) ) ;
#2881 = CARTESIAN_POINT ( 'NONE',  ( 46.82323097769784681, 22.43841693635796020, -17.19997730526792168 ) ) ;
#2882 = CARTESIAN_POINT ( 'NONE',  ( 46.66891016597068642, 4.934979288327519420, -30.27132562919155845 ) ) ;
#2883 = CARTESIAN_POINT ( 'NONE',  ( 46.73659836260584655, -31.32487567980250631, -15.72346257829689442 ) ) ;
#2884 = CARTESIAN_POINT ( 'NONE',  ( -119.2306756499400535, -24.39272069065482995, 14.88474156167503715 ) ) ;
#2885 = CARTESIAN_POINT ( 'NONE',  ( 50.11329649188964908, -30.54788628983300569, -18.19106626690036421 ) ) ;
#2886 = B_SPLINE_CURVE_WITH_KNOTS ( 'NONE', 3,
 ( #2680, #970, #3310, #650, #3597, #1231, #1811, #61, #713, #1009, #1602, #2173, #2755, #1566, #439, #138, #3713, #2159, #2786, #984, #3417, #2796, #1896, #1848, #702, #2470, #2496, #3690, #452, #152, #735, #3105 ),
 .UNSPECIFIED., .F., .F.,
 ( 4, 2, 2, 2, 2, 2, 2, 2, 2, 2, 2, 2, 2, 2, 2, 4 ),
 ( 0.01454935061123624127, 0.01513585687758600348, 0.01572236314393576570, 0.01630886941028552792, 0.01689537567663528667, 0.01748188194298504888, 0.01806838820933480416, 0.01924140074203432860, 0.01982790700838409081, 0.02041441327473385650, 0.02100091954108362219, 0.02158742580743338788, 0.02217393207378315356, 0.02276043834013291578, 0.02334694460648268147, 0.02393345087283244715 ),
 .UNSPECIFIED. ) ;
#2887 = EDGE_LOOP ( 'NONE', ( #723, #1810, #214, #370, #3577, #1707, #872, #1447, #1771, #576, #1540, #3045 ) ) ;
#2888 = CARTESIAN_POINT ( 'NONE',  ( 52.03081088348354655, -21.11026993102645122, 8.417940781478627343 ) ) ;
#2889 = CARTESIAN_POINT ( 'NONE',  ( -145.9199999999999875, 2.717797409007765408E-15, -30.59000000000002117 ) ) ;
#2890 = CARTESIAN_POINT ( 'NONE',  ( 17.43041827696121260, 2.089600640159459710E-15, -2.050080305040946627 ) ) ;
#2891 = ORIENTED_EDGE ( 'NONE', *, *, #1884, .F. ) ;
#2892 = EDGE_CURVE ( 'NONE', #1375, #3606, #2201, .T. ) ;
#2893 = CARTESIAN_POINT ( 'NONE',  ( 51.54019018524765272, 23.22323118543633669, 1.508186499932325120 ) ) ;
#2894 = CARTESIAN_POINT ( 'NONE',  ( 49.32775924019346547, 21.10098843155886073, -19.71844388175151153 ) ) ;
#2895 = AXIS2_PLACEMENT_3D ( 'NONE', #153, #2197, #440 ) ;
#2896 = CARTESIAN_POINT ( 'NONE',  ( -95.40500000000000114, 2.624571171422672535E-15, -1.040834085586084257E-14 ) ) ;
#2897 = CARTESIAN_POINT ( 'NONE',  ( 48.21580309965207789, -30.61623744574101380, -17.81736672781274677 ) ) ;
#2898 = ORIENTED_EDGE ( 'NONE', *, *, #3708, .T. ) ;
#2899 = EDGE_CURVE ( 'NONE', #2123, #967, #3558, .T. ) ;
#2900 = CARTESIAN_POINT ( 'NONE',  ( 51.03696483366728387, 30.59157998179916049, 6.819396118060054413 ) ) ;
#2901 = CARTESIAN_POINT ( 'NONE',  ( 52.17498338274556602, -7.663219438372327552, 26.50087642438925428 ) ) ;
#2902 = ORGANIZATION ( 'UNSPECIFIED', 'UNSPECIFIED', '' ) ;
#2903 = ORIENTED_EDGE ( 'NONE', *, *, #2840, .T. ) ;
#2904 = CARTESIAN_POINT ( 'NONE',  ( 47.10245554988325267, 29.91494296271739017, -19.31792528765975447 ) ) ;
#2905 = PLANE ( 'NONE',  #2870 ) ;
#2906 = LINE ( 'NONE', #422, #367 ) ;
#2907 = DIRECTION ( 'NONE',  ( -0.1074441002482028618, 0.000000000000000000, -0.9942111271364116876 ) ) ;
#2908 = CARTESIAN_POINT ( 'NONE',  ( -96.42000000000000171, 5.777789833161707559E-31, -29.58999999999991459 ) ) ;
#2909 = CARTESIAN_POINT ( 'NONE',  ( -121.8199999999999932, -21.50902500294738928, 12.41824137545807183 ) ) ;
#2910 = ORIENTED_EDGE ( 'NONE', *, *, #1126, .F. ) ;
#2911 = CARTESIAN_POINT ( 'NONE',  ( 13.63526173774732619, 1.794707568484589891E-15, 27.10144132712472853 ) ) ;
#2912 = VERTEX_POINT ( 'NONE', #235 ) ;
#2913 = CARTESIAN_POINT ( 'NONE',  ( 51.98586968663177288, -21.55654359886488436, 5.632186965189276862 ) ) ;
#2914 = APPROVAL_ROLE ( '' ) ;
#2915 = CARTESIAN_POINT ( 'NONE',  ( 54.06979214749597418, 12.96177066638000497, 24.53674909079104083 ) ) ;
#2916 = ORIENTED_EDGE ( 'NONE', *, *, #1809, .T. ) ;
#2917 = CARTESIAN_POINT ( 'NONE',  ( 49.57167531038617625, -24.96508777365215437, -10.23140256505157275 ) ) ;
#2918 = CARTESIAN_POINT ( 'NONE',  ( -121.8199999999999932, -21.50902278442082505, -12.41824009459106293 ) ) ;
#2919 = AXIS2_PLACEMENT_3D ( 'NONE', #81, #961, #3070 ) ;
#2920 = CARTESIAN_POINT ( 'NONE',  ( 56.01839324784388907, 16.71679132867771855, 22.42170129104039944 ) ) ;
#2921 = CC_DESIGN_DATE_AND_TIME_ASSIGNMENT ( #544, #3768, ( #2452 ) ) ;
#2922 = CARTESIAN_POINT ( 'NONE',  ( 55.52330084241274477, 17.16233761193902652, 22.20715846719205544 ) ) ;
#2923 = ORIENTED_EDGE ( 'NONE', *, *, #1756, .T. ) ;
#2924 = DIRECTION ( 'NONE',  ( 0.09507010545186116157, 0.4659079677327923052, 0.8797109983696187463 ) ) ;
#2925 = CARTESIAN_POINT ( 'NONE',  ( 50.68716980077240208, 23.53253965557119898, -15.25919598733357851 ) ) ;
#2926 = CARTESIAN_POINT ( 'NONE',  ( 47.39562942127585643, 10.24080101032955348, -28.66838418548523038 ) ) ;
#2927 = EDGE_CURVE ( 'NONE', #967, #2839, #188, .T. ) ;
#2928 = CARTESIAN_POINT ( 'NONE',  ( 53.74497559697490345, -4.614312984939448192, 19.14822182702886622 ) ) ;
#2929 = CARTESIAN_POINT ( 'NONE',  ( 51.22178710783961009, -30.73115962166960102, -17.85246733224423110 ) ) ;
#2930 = CYLINDRICAL_SURFACE ( 'NONE', #363, 29.59000000000000341 ) ;
#2931 = CARTESIAN_POINT ( 'NONE',  ( 48.94431999944236367, 27.87244748076281553, -23.26330815273953334 ) ) ;
#2932 = EDGE_CURVE ( 'NONE', #884, #517, #666, .T. ) ;
#2933 = CARTESIAN_POINT ( 'NONE',  ( 52.27567501686952767, 13.54763954732601761, 24.47253770419085228 ) ) ;
#2934 = DIRECTION ( 'NONE',  ( 0.000000000000000000, -0.8660254037844379305, 0.5000000000000011102 ) ) ;
#2935 = CARTESIAN_POINT ( 'NONE',  ( 48.18906540272094929, -14.12493394064200736, -26.60741156467199531 ) ) ;
#2936 = ORIENTED_EDGE ( 'NONE', *, *, #1531, .F. ) ;
#2937 = CARTESIAN_POINT ( 'NONE',  ( 54.73500130573992095, -28.45953656497249185, 10.76087639552197395 ) ) ;
#2938 = VECTOR ( 'NONE', #3169, 1000.000000000000000 ) ;
#2939 = DIRECTION ( 'NONE',  ( -4.690026295307351928E-16, 1.000000000000000000, 0.000000000000000000 ) ) ;
#2940 = B_SPLINE_CURVE_WITH_KNOTS ( 'NONE', 3,
 ( #2741, #915, #75, #1798, #3640, #1825, #2108, #1523, #637, #2419, #3036, #2098, #3335, #930, #384, #1501, #3022, #2724, #38, #356, #1541, #3652, #956, #3010, #3609, #2403, #3053, #1839, #371, #943, #1215, #90 ),
 .UNSPECIFIED., .F., .F.,
 ( 4, 2, 2, 2, 2, 2, 2, 2, 2, 2, 2, 2, 2, 2, 2, 4 ),
 ( 0.003326166435382979861, 0.003849197583651005079, 0.004372228731919030296, 0.004895259880187055081, 0.005418291028455079865, 0.005941322176723104649, 0.006464353324991129433, 0.006987384473259154218, 0.007510415621527179002, 0.008556477918063187804, 0.009079509066331172690, 0.009602540214599155841, 0.01012557136286713899, 0.01064860251113512388, 0.01117163365940310876, 0.01169466480767109365 ),
 .UNSPECIFIED. ) ;
#2941 = ORIENTED_EDGE ( 'NONE', *, *, #548, .T. ) ;
#2942 = CARTESIAN_POINT ( 'NONE',  ( 48.63431084660982862, -23.27521341189150306, -15.65142790872059031 ) ) ;
#2943 = CARTESIAN_POINT ( 'NONE',  ( 56.11798801785116808, -11.85800627335047075, 24.76606981082109016 ) ) ;
#2944 = SECURITY_CLASSIFICATION ( '', '', #3526 ) ;
#2945 = ORIENTED_EDGE ( 'NONE', *, *, #3282, .F. ) ;
#2946 = VECTOR ( 'NONE', #1331, 1000.000000000000114 ) ;
#2947 = EDGE_CURVE ( 'NONE', #3632, #959, #491, .T. ) ;
#2948 = CALENDAR_DATE ( 2024, 25, 1 ) ;
#2949 = CARTESIAN_POINT ( 'NONE',  ( -124.4091176901907687, -24.39250828917105451, -14.88507239226463241 ) ) ;
#2950 = CARTESIAN_POINT ( 'NONE',  ( -129.6899999999999977, 7.703719777548943412E-31, -28.87499999999998579 ) ) ;
#2951 = ORIENTED_EDGE ( 'NONE', *, *, #904, .T. ) ;
#2952 = FACE_OUTER_BOUND ( 'NONE', #911, .T. ) ;
#2953 = LINE ( 'NONE', #2378, #676 ) ;
#2954 = EDGE_CURVE ( 'NONE', #3143, #22, #565, .T. ) ;
#2955 = CARTESIAN_POINT ( 'NONE',  ( -119.2822154467339857, -24.30401696958482916, 15.02901608367216824 ) ) ;
#2956 = ORIENTED_EDGE ( 'NONE', *, *, #2633, .T. ) ;
#2957 = PLANE ( 'NONE',  #1750 ) ;
#2958 = CARTESIAN_POINT ( 'NONE',  ( 55.96690932565782362, -11.97823366710693094, 24.73547617627006190 ) ) ;
#2959 = FACE_OUTER_BOUND ( 'NONE', #1180, .T. ) ;
#2960 = VERTEX_POINT ( 'NONE', #1491 ) ;
#2961 = CARTESIAN_POINT ( 'NONE',  ( -119.8039803698819128, 1.766830946158734372, -28.52059294812587709 ) ) ;
#2962 = CARTESIAN_POINT ( 'NONE',  ( -122.5130077559382471, 2.589553905647144383, -25.26767463212327414 ) ) ;
#2963 = DIRECTION ( 'NONE',  ( 0.05005906239151898529, -0.8848331851841331197, 0.4632108857414555803 ) ) ;
#2964 = ADVANCED_FACE ( 'NONE', ( #3585 ), #2274, .F. ) ;
#2965 = ORIENTED_EDGE ( 'NONE', *, *, #3671, .F. ) ;
#2966 = CARTESIAN_POINT ( 'NONE',  ( 49.99244455444247848, -22.33925317644269271, -15.68035556062531022 ) ) ;
#2967 = CARTESIAN_POINT ( 'NONE',  ( -123.4531622541873190, -2.125874987886192891, -28.49598039060527910 ) ) ;
#2968 = B_SPLINE_CURVE_WITH_KNOTS ( 'NONE', 3,
 ( #3521, #558, #2676, #2382, #59, #620, #1212, #1186, #1806, #632, #1766, #925, #3620, #2652, #2049, #1225, #3568, #3593, #1753, #1796, #2095, #3292, #2344, #3319, #366, #1240, #21, #2398 ),
 .UNSPECIFIED., .F., .F.,
 ( 4, 2, 2, 2, 2, 2, 2, 2, 2, 2, 2, 2, 2, 4 ),
 ( 0.003060897645724309016, 0.004106943488385217736, 0.004629966409715680770, 0.005152989331046143803, 0.005676012252376606837, 0.006199035173707069871, 0.007245081016368000275, 0.007768103937698469380, 0.008291126859028939353, 0.008814149780359409325, 0.009337172701689877563, 0.01038321854435081751, 0.01090624146568128575, 0.01142926438701175572 ),
 .UNSPECIFIED. ) ;
#2969 = ORIENTED_EDGE ( 'NONE', *, *, #212, .F. ) ;
#2970 = CARTESIAN_POINT ( 'NONE',  ( 56.05076200509459738, -8.704615566315109021, 17.77776606351230626 ) ) ;
#2971 = DIRECTION ( 'NONE',  ( -1.000000000000000000, 0.000000000000000000, 0.000000000000000000 ) ) ;
#2972 = CARTESIAN_POINT ( 'NONE',  ( 55.46758079982404155, -7.133709535437207094, 26.26725372263301850 ) ) ;
#2973 = AXIS2_PLACEMENT_3D ( 'NONE', #655, #3574, #14 ) ;
#2974 = EDGE_LOOP ( 'NONE', ( #3812, #1071, #2898, #1939 ) ) ;
#2975 = VECTOR ( 'NONE', #594, 1000.000000000000227 ) ;
#2976 = CARTESIAN_POINT ( 'NONE',  ( 78.03752858719684582, 1.823539765631578694E-15, -8.599872656171388741 ) ) ;
#2977 = CARTESIAN_POINT ( 'NONE',  ( -123.9462024510742708, 1.632736183058010937, -25.34789204643064409 ) ) ;
#2978 = CARTESIAN_POINT ( 'NONE',  ( 7.494831408562530051, 5.294135797048153139E-15, -29.71772458872120737 ) ) ;
#2979 = EDGE_CURVE ( 'NONE', #2654, #2466, #2190, .T. ) ;
#2980 = FACE_BOUND ( 'NONE', #1584, .T. ) ;
#2981 = CARTESIAN_POINT ( 'NONE',  ( 55.09073609912638858, -29.01520539350280714, 9.734640617324917145 ) ) ;
#2982 = CARTESIAN_POINT ( 'NONE',  ( -121.1258845176346881, -2.589292849672518937, -28.45746589943313509 ) ) ;
#2983 = CARTESIAN_POINT ( 'NONE',  ( -120.1889837773280334, -23.61441479616943440, 16.09035555078578028 ) ) ;
#2984 = ADVANCED_FACE ( 'NONE', ( #1686 ), #1923, .F. ) ;
#2985 = CARTESIAN_POINT ( 'NONE',  ( -119.1449999999999960, 2.062316516152651792E-15, -25.40000000000001634 ) ) ;
#2986 = CARTESIAN_POINT ( 'NONE',  ( 55.63971724789234941, -7.218692382945429920, 26.22971091322067139 ) ) ;
#2987 = CARTESIAN_POINT ( 'NONE',  ( 52.17515621837457473, -11.97600559507061924, 25.14620642269009920 ) ) ;
#2988 = EDGE_LOOP ( 'NONE', ( #2903, #981 ) ) ;
#2989 = DIRECTION ( 'NONE',  ( -0.9942111271364116876, 0.000000000000000000, 0.1074441002482028479 ) ) ;
#2990 = CARTESIAN_POINT ( 'NONE',  ( -123.1600418440237235, -23.50409846494154920, -16.25107852761128413 ) ) ;
#2991 = CARTESIAN_POINT ( 'NONE',  ( -121.8199999999999932, -25.97550418053376831, 11.90814039080293263 ) ) ;
#2992 = ORIENTED_EDGE ( 'NONE', *, *, #3165, .F. ) ;
#2993 = CARTESIAN_POINT ( 'NONE',  ( 49.11875079373970721, 27.88138672442148902, -23.26798785400109892 ) ) ;
#2994 = DIRECTION ( 'NONE',  ( 0.000000000000000000, -0.4637923611458460993, -0.8859439292318452841 ) ) ;
#2995 = DIRECTION ( 'NONE',  ( 0.1026218187300147050, -0.2962248620698917922, 0.9495891708587548274 ) ) ;
#2996 = PERSON ( 'UNSPECIFIED', 'UNSPECIFIED', 'UNSPECIFIED', ('UNSPECIFIED'), ('UNSPECIFIED'), ('UNSPECIFIED') ) ;
#2997 = ORIENTED_EDGE ( 'NONE', *, *, #2932, .F. ) ;
#2998 = CARTESIAN_POINT ( 'NONE',  ( -119.8037571176627836, -23.81618240301065725, -15.79036699330054638 ) ) ;
#2999 = CIRCLE ( 'NONE', #2493, 33.02000000000001734 ) ;
#3000 = LOCAL_TIME ( 18, 3, 18.00000000000000000, #1080 ) ;
#3001 = ORIENTED_EDGE ( 'NONE', *, *, #2678, .T. ) ;
#3002 = EDGE_CURVE ( 'NONE', #1898, #996, #3730, .T. ) ;
#3003 = CARTESIAN_POINT ( 'NONE',  ( 79.92271338676012249, 2.013676060108894295E-15, 20.94359875921065495 ) ) ;
#3004 = CARTESIAN_POINT ( 'NONE',  ( -124.3576446390895711, -24.30367416707580830, -15.02958222596410742 ) ) ;
#3005 = CARTESIAN_POINT ( 'NONE',  ( -122.1689247683033841, -25.97550418053376831, 11.90814039080293796 ) ) ;
#3006 = ORIENTED_EDGE ( 'NONE', *, *, #2979, .T. ) ;
#3007 = CARTESIAN_POINT ( 'NONE',  ( 31.17041605398638282, 5.090187566222019331E-15, -3.534957770471102378 ) ) ;
#3008 = ADVANCED_FACE ( 'NONE', ( #730, #1192, #2567, #450, #587 ), #122, .F. ) ;
#3009 = FACE_OUTER_BOUND ( 'NONE', #1554, .T. ) ;
#3010 = CARTESIAN_POINT ( 'NONE',  ( -119.8054882156190786, 1.768565799131526450, 25.33865588061009788 ) ) ;
#3011 = CARTESIAN_POINT ( 'NONE',  ( -119.1449999999999676, -0.1746315444822565677, -28.57500000000000995 ) ) ;
#3012 = CARTESIAN_POINT ( 'NONE',  ( 54.81588288099914053, 31.32584649350485861, 4.418824719159879955 ) ) ;
#3013 = CARTESIAN_POINT ( 'NONE',  ( 50.99489276586897546, -5.831122757821328051, 19.18873901502876222 ) ) ;
#3014 = CARTESIAN_POINT ( 'NONE',  ( -124.1406706678564973, -1.341807204608403525, -25.36494807621500058 ) ) ;
#3015 = AXIS2_PLACEMENT_3D ( 'NONE', #2689, #16, #922 ) ;
#3016 = VECTOR ( 'NONE', #1246, 1000.000000000000000 ) ;
#3017 = ORIENTED_EDGE ( 'NONE', *, *, #53, .T. ) ;
#3018 = DIRECTION ( 'NONE',  ( 1.000000000000000000, -5.463695987328528409E-16, 0.000000000000000000 ) ) ;
#3019 = CARTESIAN_POINT ( 'NONE',  ( -2.908064864336962430, -14.87897551572341115, -25.40000000000008029 ) ) ;
#3020 = CARTESIAN_POINT ( 'NONE',  ( -113.9500000000000028, -28.57500000000000639, -1.384780653120450809E-14 ) ) ;
#3021 = ORIENTED_EDGE ( 'NONE', *, *, #608, .T. ) ;
#3022 = CARTESIAN_POINT ( 'NONE',  ( -121.9937347552799594, 2.675051596116760244, 25.25874302020622864 ) ) ;
#3023 = CARTESIAN_POINT ( 'NONE',  ( 53.51465904082298408, 14.10360238113219822, 15.29794269703085696 ) ) ;
#3024 = CARTESIAN_POINT ( 'NONE',  ( -119.2309471020477076, -0.6949887648582807609, -28.56706204051650388 ) ) ;
#3025 = CARTESIAN_POINT ( 'NONE',  ( 52.00873306212417901, 32.28871259460544252, 1.164140401576543749 ) ) ;
#3026 = CARTESIAN_POINT ( 'NONE',  ( 51.34026616999862824, -21.19418859234794894, 8.365691857843051693 ) ) ;
#3027 = ORIENTED_EDGE ( 'NONE', *, *, #2171, .F. ) ;
#3028 = ADVANCED_FACE ( 'NONE', ( #2647 ), #3196, .F. ) ;
#3029 = CIRCLE ( 'NONE', #1748, 30.59000000000000341 ) ;
#3030 = CARTESIAN_POINT ( 'NONE',  ( -119.1623615335668660, 22.17082667616280389, -12.39531148093504775 ) ) ;
#3031 = CYLINDRICAL_SURFACE ( 'NONE', #32, 2.675000000000000711 ) ;
#3032 = AXIS2_PLACEMENT_3D ( 'NONE', #3786, #203, #1688 ) ;
#3033 = CARTESIAN_POINT ( 'NONE',  ( -121.8199999999999932, -20.53721785532336241, -14.94599219734133833 ) ) ;
#3034 = CARTESIAN_POINT ( 'NONE',  ( -112.9499999999999602, -29.58999999999999986, -1.025405792913743937E-14 ) ) ;
#3035 = EDGE_CURVE ( 'NONE', #533, #1027, #1836, .T. ) ;
#3036 = CARTESIAN_POINT ( 'NONE',  ( -123.4512904558658732, 2.127178753882540629, 25.31095732982578639 ) ) ;
#3037 = CARTESIAN_POINT ( 'NONE',  ( 53.34159681866420044, 14.12501715558245330, 15.30220671546229916 ) ) ;
#3038 = CARTESIAN_POINT ( 'NONE',  ( 47.58780997578982408, 6.883241253834141204, -37.79182225034388409 ) ) ;
#3039 = CARTESIAN_POINT ( 'NONE',  ( 51.39003680118626960, -5.400119626648633542, 19.24416399823983070 ) ) ;
#3040 = VECTOR ( 'NONE', #2150, 1000.000000000000000 ) ;
#3041 = ORIENTED_EDGE ( 'NONE', *, *, #3689, .T. ) ;
#3042 = CARTESIAN_POINT ( 'NONE',  ( -120.9575429854885869, -2.538210320178627910, -25.27295068056672278 ) ) ;
#3043 = CARTESIAN_POINT ( 'NONE',  ( -121.4697440960786565, -25.96827702038020291, -11.92394144586752880 ) ) ;
#3044 = CARTESIAN_POINT ( 'NONE',  ( 47.19632493290397690, 12.59898824644625748, -35.96648181637276309 ) ) ;
#3045 = ORIENTED_EDGE ( 'NONE', *, *, #2104, .F. ) ;
#3046 = CARTESIAN_POINT ( 'NONE',  ( -124.4095642020959360, -21.64287926588474775, -13.29567733936777785 ) ) ;
#3047 = CARTESIAN_POINT ( 'NONE',  ( -122.5249405983690565, 23.18348044077523440, -10.37807746024793865 ) ) ;
#3048 = CARTESIAN_POINT ( 'NONE',  ( 49.29509521902105007, 30.36930069142189836, -18.53165593900577335 ) ) ;
#3049 = ADVANCED_FACE ( 'NONE', ( #894 ), #3099, .F. ) ;
#3050 = ORIENTED_EDGE ( 'NONE', *, *, #929, .T. ) ;
#3051 = CIRCLE ( 'NONE', #1556, 28.57499999999999929 ) ;
#3052 = ORIENTED_EDGE ( 'NONE', *, *, #3256, .F. ) ;
#3053 = CARTESIAN_POINT ( 'NONE',  ( -119.4163530803576094, 1.186980471331610776, 25.37276912977858956 ) ) ;
#3054 = CARTESIAN_POINT ( 'NONE',  ( -2.441419317320106863, -28.57500000000002061, -16.73884745518883577 ) ) ;
#3055 = DIRECTION ( 'NONE',  ( -0.05005906239151793058, 0.8848331851841337858, -0.4632108857414542480 ) ) ;
#3056 = CARTESIAN_POINT ( 'NONE',  ( 50.84863758935414779, -21.32159266132197573, 8.223017831911169750 ) ) ;
#3057 = AXIS2_PLACEMENT_3D ( 'NONE', #851, #2281, #866 ) ;
#3058 = VECTOR ( 'NONE', #1327, 1000.000000000000000 ) ;
#3059 = ORIENTED_EDGE ( 'NONE', *, *, #3146, .F. ) ;
#3060 = CARTESIAN_POINT ( 'NONE',  ( -119.4992839180940649, 25.39059077766496486, 13.10990637591013019 ) ) ;
#3061 = DIRECTION ( 'NONE',  ( 1.000000000000000000, -5.463695987328528409E-16, 0.000000000000000000 ) ) ;
#3062 = ORIENTED_EDGE ( 'NONE', *, *, #1198, .T. ) ;
#3063 = DIRECTION ( 'NONE',  ( -3.365775526749474927E-16, -0.8660254037844392627, -0.4999999999999988898 ) ) ;
#3064 = EDGE_CURVE ( 'NONE', #2753, #1982, #1362, .T. ) ;
#3065 = CARTESIAN_POINT ( 'NONE',  ( -124.2236522005392914, -22.56692102551832591, -11.65848611643301957 ) ) ;
#3066 = CARTESIAN_POINT ( 'NONE',  ( -122.1710855592153280, -23.31064504119292025, 16.52711769521733487 ) ) ;
#3067 = CARTESIAN_POINT ( 'NONE',  ( -124.4949999999999903, -3.921905382485243265E-11, -28.57500000000001705 ) ) ;
#3068 = CARTESIAN_POINT ( 'NONE',  ( 49.76676510381275165, 8.078795851436062492, -37.74881332983076732 ) ) ;
#3069 = CARTESIAN_POINT ( 'NONE',  ( 49.70161276107315018, -23.16291633063723410, 4.950771749383729770 ) ) ;
#3070 = DIRECTION ( 'NONE',  ( -4.856618655403134611E-16, 1.000000000000000000, 0.000000000000000000 ) ) ;
#3071 = CARTESIAN_POINT ( 'NONE',  ( -121.4689144900390829, 23.31064503721883696, 16.52711770081871379 ) ) ;
#3072 = CARTESIAN_POINT ( 'NONE',  ( 44.54706323232813503, 10.61356406288957821, -36.43092548467785008 ) ) ;
#3073 = EDGE_CURVE ( 'NONE', #2912, #1588, #2037, .T. ) ;
#3074 = VERTEX_POINT ( 'NONE', #692 ) ;
#3075 = CARTESIAN_POINT ( 'NONE',  ( -119.8045522989839640, -21.06014857425994435, -14.20020186459013622 ) ) ;
#3076 = CARTESIAN_POINT ( 'NONE',  ( -120.1872043802038377, 22.98307826600379400, 10.81423676140695633 ) ) ;
#3077 = EDGE_LOOP ( 'NONE', ( #2891, #3156, #1263, #2042 ) ) ;
#3078 = CARTESIAN_POINT ( 'NONE',  ( -119.1449999999999960, -1.407130455283854603E-15, 28.57499999999998153 ) ) ;
#3079 = CIRCLE ( 'NONE', #486, 29.59000000000000341 ) ;
#3080 = CARTESIAN_POINT ( 'NONE',  ( 51.17005761043307643, 10.33604257769572143, 17.64100455052742333 ) ) ;
#3081 = CARTESIAN_POINT ( 'NONE',  ( -3.079127503415655553, -16.73884745518882156, -28.57500000000004547 ) ) ;
#3082 = LINE ( 'NONE', #1815, #1204 ) ;
#3083 = CARTESIAN_POINT ( 'NONE',  ( 46.00930358823197253, -17.16230361303473728, -33.51253761063493641 ) ) ;
#3084 = EDGE_CURVE ( 'NONE', #3555, #1891, #3279, .T. ) ;
#3085 = LINE ( 'NONE', #496, #1744 ) ;
#3086 = CARTESIAN_POINT ( 'NONE',  ( 44.39351785369633774, 9.876108122034358061, -36.65650179137416131 ) ) ;
#3087 = CARTESIAN_POINT ( 'NONE',  ( -123.5874243184586447, -20.92018565399881069, -14.40559423100995851 ) ) ;
#3088 = CARTESIAN_POINT ( 'NONE',  ( -121.1266408621047361, 20.58767021505730455, 14.87645859087113820 ) ) ;
#3089 = ORIENTED_EDGE ( 'NONE', *, *, #3218, .T. ) ;
#3090 = CARTESIAN_POINT ( 'NONE',  ( -119.4159576785222896, -1.186119150052804549, 28.55083108172348361 ) ) ;
#3091 = EDGE_CURVE ( 'NONE', #624, #3243, #78, .T. ) ;
#3092 = VERTEX_POINT ( 'NONE', #638 ) ;
#3093 = CARTESIAN_POINT ( 'NONE',  ( 52.47925497212308699, 9.516570217350215799, 17.84920070244469414 ) ) ;
#3094 = CARTESIAN_POINT ( 'NONE',  ( 49.99244455444247848, -24.10720919443002330, -9.946741384692092680 ) ) ;
#3095 = CARTESIAN_POINT ( 'NONE',  ( -124.4093254155034458, 25.08692216873491532, -13.68234952636597335 ) ) ;
#3096 = CARTESIAN_POINT ( 'NONE',  ( -119.2812052498195499, 25.16619832030837145, -13.53585273312370063 ) ) ;
#3097 = CARTESIAN_POINT ( 'NONE',  ( 44.79237412891394854, 8.254541226984860813, -37.16523365721893413 ) ) ;
#3098 = EDGE_LOOP ( 'NONE', ( #2282, #2780 ) ) ;
#3099 = CYLINDRICAL_SURFACE ( 'NONE', #3704, 2.675000000000001599 ) ;
#3100 = CARTESIAN_POINT ( 'NONE',  ( 50.29003485282992614, -15.19697628987927729, -35.08902900249819368 ) ) ;
#3101 = CARTESIAN_POINT ( 'NONE',  ( -119.1449794228701364, 22.08520078271175180, 12.54731448314250919 ) ) ;
#3102 = CARTESIAN_POINT ( 'NONE',  ( -121.9986397172853145, -2.674854274607834537, 28.44953039385309879 ) ) ;
#3103 = ORIENTED_EDGE ( 'NONE', *, *, #3308, .T. ) ;
#3104 = ORIENTED_EDGE ( 'NONE', *, *, #2402, .F. ) ;
#3105 = CARTESIAN_POINT ( 'NONE',  ( 49.96349467394291821, -24.97596922094981764, -10.21462294594529574 ) ) ;
#3106 = CARTESIAN_POINT ( 'NONE',  ( -129.6899999999999977, 7.703719777548943412E-31, -1.387778780781445676E-14 ) ) ;
#3107 = CARTESIAN_POINT ( 'NONE',  ( 47.28840607259749618, -12.96954849965548817, -35.81992932959130371 ) ) ;
#3108 = AXIS2_PLACEMENT_3D ( 'NONE', #1113, #3544, #250 ) ;
#3109 = CARTESIAN_POINT ( 'NONE',  ( 45.13394342659150027, 11.58725645801576398, -36.14451737249751062 ) ) ;
#3110 = CARTESIAN_POINT ( 'NONE',  ( 51.18981530608644448, -10.24735017857249808, 25.87458694046484808 ) ) ;
#3111 = EDGE_CURVE ( 'NONE', #964, #193, #2605, .T. ) ;
#3112 = CARTESIAN_POINT ( 'NONE',  ( 47.63739443070281254, -17.69777776926571633, -33.35352931576376534 ) ) ;
#3113 = CARTESIAN_POINT ( 'NONE',  ( -123.8354479716086018, 21.06014873696092593, -14.20020162458101254 ) ) ;
#3114 = CARTESIAN_POINT ( 'NONE',  ( -119.1450000000000102, -0.1765545897027224753, 28.57499999999997442 ) ) ;
#3115 = ORIENTED_EDGE ( 'NONE', *, *, #1235, .T. ) ;
#3116 = CARTESIAN_POINT ( 'NONE',  ( 50.78412912018459480, 12.97266672206068883, 16.31047392103300453 ) ) ;
#3117 = CARTESIAN_POINT ( 'NONE',  ( 46.77845822781780782, -13.05585493724329815, -35.72764335112785972 ) ) ;
#3118 = ORIENTED_EDGE ( 'NONE', *, *, #1736, .T. ) ;
#3119 = DIRECTION ( 'NONE',  ( -0.1074441002482028201, 1.256941251980311294E-16, -0.9942111271364115765 ) ) ;
#3120 = CARTESIAN_POINT ( 'NONE',  ( 49.54676505305836542, 20.31589903279978060, -19.30744894861082273 ) ) ;
#3121 = CARTESIAN_POINT ( 'NONE',  ( 51.32274291761559937, -8.940288939609560614, 26.25945449376462548 ) ) ;
#3122 = ORIENTED_EDGE ( 'NONE', *, *, #151, .F. ) ;
#3123 = CARTESIAN_POINT ( 'NONE',  ( -122.5215741550036341, -23.18377602081140409, 10.37740314632521610 ) ) ;
#3124 = CARTESIAN_POINT ( 'NONE',  ( 50.22124269078619108, -14.87980652111083124, -35.24459847883228036 ) ) ;
#3125 = CARTESIAN_POINT ( 'NONE',  ( 8.031880258277810825, 3.564498039135137668E-15, -29.94732546386817518 ) ) ;
#3126 = CARTESIAN_POINT ( 'NONE',  ( -121.9964399791213765, -25.97550418053382515, -11.90814039080285447 ) ) ;
#3127 = LINE ( 'NONE', #3353, #3258 ) ;
#3128 = AXIS2_PLACEMENT_3D ( 'NONE', #76, #2995, #3337 ) ;
#3129 = DIRECTION ( 'NONE',  ( -0.05005906239151861753, 0.8848331851841333417, -0.4632108857414551362 ) ) ;
#3130 = CARTESIAN_POINT ( 'NONE',  ( -121.8199999999999932, 25.97550418053377541, -11.90814039080295039 ) ) ;
#3131 = ORIENTED_EDGE ( 'NONE', *, *, #1736, .F. ) ;
#3132 = EDGE_CURVE ( 'NONE', #996, #1594, #3475, .T. ) ;
#3133 = DIRECTION ( 'NONE',  ( 0.9942111271364117986, -1.101074672228211888E-16, -0.1074441002482030283 ) ) ;
#3134 = CARTESIAN_POINT ( 'NONE',  ( -121.6435539431235924, 23.30050418053375694, 16.54137630104969148 ) ) ;
#3135 = LINE ( 'NONE', #136, #2300 ) ;
#3136 = ORIENTED_EDGE ( 'NONE', *, *, #2947, .T. ) ;
#3137 = DIRECTION ( 'NONE',  ( -0.000000000000000000, 1.000000000000000000, -1.224646799147353207E-16 ) ) ;
#3138 = CARTESIAN_POINT ( 'NONE',  ( 49.50182385620659176, 21.11026993102647253, -19.72330275420497259 ) ) ;
#3139 = CARTESIAN_POINT ( 'NONE',  ( 50.36357503603739616, -13.45454724087787035, -27.27871437046926317 ) ) ;
#3140 = CARTESIAN_POINT ( 'NONE',  ( 53.39928542319482574, 23.37798632154863654, 4.052279093659209686 ) ) ;
#3141 = DIRECTION ( 'NONE',  ( 1.000000000000000000, -4.856618655403135597E-16, 0.000000000000000000 ) ) ;
#3142 = CARTESIAN_POINT ( 'NONE',  ( -123.0054731226032629, 25.86116742510988331, 12.15463573317868473 ) ) ;
#3143 = VERTEX_POINT ( 'NONE', #3431 ) ;
#3144 = CARTESIAN_POINT ( 'NONE',  ( -123.9465930743669304, 22.76796809755613182, 11.26057923341628353 ) ) ;
#3145 = PERSON_AND_ORGANIZATION ( #2996, #2902 ) ;
#3146 = EDGE_CURVE ( 'NONE', #1993, #1663, #2413, .T. ) ;
#3147 = ORIENTED_EDGE ( 'NONE', *, *, #1486, .T. ) ;
#3148 = CARTESIAN_POINT ( 'NONE',  ( 52.03081088348354655, -21.11026993102645122, 8.417940781478627343 ) ) ;
#3149 = DIRECTION ( 'NONE',  ( 0.000000000000000000, -1.000000000000000000, 0.000000000000000000 ) ) ;
#3150 = CIRCLE ( 'NONE', #2187, 28.57499999999999929 ) ;
#3151 = CARTESIAN_POINT ( 'NONE',  ( -120.4799648730794956, 25.82589791078528307, 12.22960324680794741 ) ) ;
#3152 = FACE_BOUND ( 'NONE', #3538, .T. ) ;
#3153 = EDGE_LOOP ( 'NONE', ( #2053, #2145 ) ) ;
#3154 = CARTESIAN_POINT ( 'NONE',  ( 47.81220847836127064, -17.70525469386607398, -33.36764698118366113 ) ) ;
#3155 = DIRECTION ( 'NONE',  ( 0.000000000000000000, -3.061616997868381785E-17, -1.000000000000000000 ) ) ;
#3156 = ORIENTED_EDGE ( 'NONE', *, *, #18, .F. ) ;
#3157 = CARTESIAN_POINT ( 'NONE',  ( 49.22272026117463639, -14.05434455169917740, -26.76653451911472459 ) ) ;
#3158 = DIRECTION ( 'NONE',  ( -0.09507010545186084238, -0.4659079677327929714, -0.8797109983696183022 ) ) ;
#3159 = CARTESIAN_POINT ( 'NONE',  ( -121.8199999999999932, -20.17152278442082647, -14.73485804971444146 ) ) ;
#3160 = CARTESIAN_POINT ( 'NONE',  ( 45.25470646219350357, 8.184377822257371093, -29.24514157066001729 ) ) ;
#3161 = CC_DESIGN_PERSON_AND_ORGANIZATION_ASSIGNMENT ( #754, #1425, ( #1743 ) ) ;
#3162 = PRODUCT_RELATED_PRODUCT_CATEGORY ( 'detail', '', ( #1743 ) ) ;
#3163 = CARTESIAN_POINT ( 'NONE',  ( -119.4970896587330031, 25.38886419873097111, -13.11325421551558712 ) ) ;
#3164 =( NAMED_UNIT ( * ) SI_UNIT ( $, .STERADIAN. ) SOLID_ANGLE_UNIT ( ) );
#3165 = EDGE_CURVE ( 'NONE', #660, #819, #1761, .T. ) ;
#3166 = CARTESIAN_POINT ( 'NONE',  ( 47.10198294236038663, 28.25779379220303866, -22.43918170324777250 ) ) ;
#3167 = CARTESIAN_POINT ( 'NONE',  ( -122.6815596735533092, 20.61774260336809306, -14.83486486755449896 ) ) ;
#3168 = ORIENTED_EDGE ( 'NONE', *, *, #2927, .T. ) ;
#3169 = DIRECTION ( 'NONE',  ( 0.1026218187300147050, -0.2962248620698917922, 0.9495891708587548274 ) ) ;
#3170 = CARTESIAN_POINT ( 'NONE',  ( 20.97822246715687911, 4.090143714316417275E-15, 30.77877111300345092 ) ) ;
#3171 = CARTESIAN_POINT ( 'NONE',  ( 54.57317254132652096, 24.04646665558650653, 2.173947749136000418 ) ) ;
#3172 = ORIENTED_EDGE ( 'NONE', *, *, #1395, .T. ) ;
#3173 = CARTESIAN_POINT ( 'NONE',  ( 51.14366049703360773, 7.424843232998679099, -30.12627038729968021 ) ) ;
#3174 = CARTESIAN_POINT ( 'NONE',  ( 47.36212169648763393, 23.10867335490003427, -15.89236568576475683 ) ) ;
#3175 = CARTESIAN_POINT ( 'NONE',  ( -124.4781742429166087, 21.82185676914700068, 12.99985700621323836 ) ) ;
#3176 = CIRCLE ( 'NONE', #2512, 33.02000000000001734 ) ;
#3177 = CARTESIAN_POINT ( 'NONE',  ( 51.97780043154941865, -32.12055881493991905, -13.48361634730629355 ) ) ;
#3178 = CARTESIAN_POINT ( 'NONE',  ( 48.81348774270821167, -13.27281284155733054, -35.85273847648186774 ) ) ;
#3179 = CARTESIAN_POINT ( 'NONE',  ( 50.74779728855199323, -12.97375275610546908, -27.61510299914517219 ) ) ;
#3180 = CARTESIAN_POINT ( 'NONE',  ( -122.5133590114769362, -20.58767019807931220, 14.87645861432521066 ) ) ;
#3181 = AXIS2_PLACEMENT_3D ( 'NONE', #432, #1642, #529 ) ;
#3182 = ORIENTED_EDGE ( 'NONE', *, *, #877, .T. ) ;
#3183 = CARTESIAN_POINT ( 'NONE',  ( 53.95558495331408011, 23.56808800695716499, 3.530303573002217643 ) ) ;
#3184 = CARTESIAN_POINT ( 'NONE',  ( -121.8199999999999932, -23.21221785532334891, -10.31275628709457770 ) ) ;
#3185 = CARTESIAN_POINT ( 'NONE',  ( -119.1450000000000387, 0.1765853136368672749, 28.57499999999998863 ) ) ;
#3186 = CARTESIAN_POINT ( 'NONE',  ( -124.4088837355857322, 22.33708579403440098, 12.09313700088746657 ) ) ;
#3187 = CARTESIAN_POINT ( 'NONE',  ( 47.45931525997410461, -32.01037622802034832, -13.44675801559533213 ) ) ;
#3188 = ORIENTED_EDGE ( 'NONE', *, *, #1581, .F. ) ;
#3189 = CARTESIAN_POINT ( 'NONE',  ( -119.4824048605047722, -24.04758045508778252, 15.43853168085157890 ) ) ;
#3190 = EDGE_CURVE ( 'NONE', #2851, #3074, #1644, .T. ) ;
#3191 = CARTESIAN_POINT ( 'NONE',  ( 51.41998567192086966, 30.54784894078142443, 6.885724273468929013 ) ) ;
#3192 = CARTESIAN_POINT ( 'NONE',  ( 54.14088981312606563, -6.877045394230980158, 26.46659860516300000 ) ) ;
#3193 = CARTESIAN_POINT ( 'NONE',  ( 48.33407261372014574, -13.06697303773451146, -35.89125620881495138 ) ) ;
#3194 = CARTESIAN_POINT ( 'NONE',  ( 56.48263883798956897, 15.88059191784632951, 22.84907107059269649 ) ) ;
#3195 = CARTESIAN_POINT ( 'NONE',  ( 48.27111819026987405, 10.06644976966633998, -27.84808454367549047 ) ) ;
#3196 = CYLINDRICAL_SURFACE ( 'NONE', #830, 2.674999999999996714 ) ;
#3197 = CARTESIAN_POINT ( 'NONE',  ( 54.17451062554963670, 24.59665194651115883, 0.3558352732836467247 ) ) ;
#3198 = CARTESIAN_POINT ( 'NONE',  ( 53.08244080128625342, 8.986640815017029382, 17.03104905477668041 ) ) ;
#3199 = CARTESIAN_POINT ( 'NONE',  ( 46.84034905346646127, 22.51960701970212142, -17.04661190845776986 ) ) ;
#3200 = ORIENTED_EDGE ( 'NONE', *, *, #331, .F. ) ;
#3201 = CARTESIAN_POINT ( 'NONE',  ( 46.33806442471973241, 5.142349328333480685, -30.19444438854675639 ) ) ;
#3202 = CARTESIAN_POINT ( 'NONE',  ( 47.45943950221391816, -30.81472942214087141, -17.22981490818397177 ) ) ;
#3203 = CARTESIAN_POINT ( 'NONE',  ( 49.55709562650962141, 30.97900746615393075, 5.974538957527107286 ) ) ;
#3204 = CARTESIAN_POINT ( 'NONE',  ( 52.82113998557149870, -7.216443032819810810, 26.53475536132978618 ) ) ;
#3205 = DIRECTION ( 'NONE',  ( 0.000000000000000000, -0.9546291888281867033, -0.2977970984365669316 ) ) ;
#3206 = AXIS2_PLACEMENT_3D ( 'NONE', #2304, #1442, #577 ) ;
#3207 = CARTESIAN_POINT ( 'NONE',  ( 54.14088981312606563, -12.60482052720009882, 24.67981601454360785 ) ) ;
#3208 = CARTESIAN_POINT ( 'NONE',  ( 53.54501917506362929, 13.00242036463013662, 24.57600745846541557 ) ) ;
#3209 = CARTESIAN_POINT ( 'NONE',  ( 48.16001305805480825, 21.23543252798661740, -19.38856734863597708 ) ) ;
#3210 = DIRECTION ( 'NONE',  ( 1.000000000000000000, 2.428309327701567798E-16, -0.000000000000000000 ) ) ;
#3211 = EDGE_CURVE ( 'NONE', #1993, #47, #13, .T. ) ;
#3212 = EDGE_LOOP ( 'NONE', ( #1213, #846, #1808, #3427, #2936 ) ) ;
#3213 = CARTESIAN_POINT ( 'NONE',  ( 49.43326088497062187, 31.03520819185433766, 5.833864096368976071 ) ) ;
#3214 = DIRECTION ( 'NONE',  ( 4.690026295307351928E-16, -1.000000000000000000, 0.000000000000000000 ) ) ;
#3215 = CARTESIAN_POINT ( 'NONE',  ( 31.17041605398638282, 5.090187566222019331E-15, -3.534957770471102378 ) ) ;
#3216 = DIRECTION ( 'NONE',  ( 0.000000000000000000, 0.4999999999999987788, -0.8660254037844392627 ) ) ;
#3217 = CARTESIAN_POINT ( 'NONE',  ( 32.02089270087838457, -12.54410612323770380, -27.58882995442604269 ) ) ;
#3218 = EDGE_CURVE ( 'NONE', #1462, #2960, #3383, .T. ) ;
#3219 = CARTESIAN_POINT ( 'NONE',  ( 51.89453954917037493, 13.89328376343758897, 24.35500913782741250 ) ) ;
#3220 = CARTESIAN_POINT ( 'NONE',  ( 49.50182385620659176, 21.11026993102647253, -19.72330275420497259 ) ) ;
#3221 = CARTESIAN_POINT ( 'NONE',  ( 7.910339050454240351E-13, 1.794707568484589891E-15, 28.57499999999996732 ) ) ;
#3222 = CARTESIAN_POINT ( 'NONE',  ( 31.17041605398638637, 5.090187566222019331E-15, -3.534957770471102823 ) ) ;
#3223 = MECHANICAL_CONTEXT ( 'NONE', #683, 'mechanical' ) ;
#3224 = VERTEX_POINT ( 'NONE', #817 ) ;
#3225 = CARTESIAN_POINT ( 'NONE',  ( 47.35166591387340418, 28.14071602410231776, -22.65946508610869614 ) ) ;
#3226 = CARTESIAN_POINT ( 'NONE',  ( -123.1615556628028116, -2.320875053338205429, 25.29393346118540364 ) ) ;
#3227 = FACE_OUTER_BOUND ( 'NONE', #3612, .T. ) ;
#3228 = ORIENTED_EDGE ( 'NONE', *, *, #1561, .T. ) ;
#3229 = CARTESIAN_POINT ( 'NONE',  ( 51.59299605633717789, 14.29169942223747647, 24.19857084807888725 ) ) ;
#3230 = CARTESIAN_POINT ( 'NONE',  ( 51.98586968663177288, -21.55654359886488436, 5.632186965189276862 ) ) ;
#3231 = CARTESIAN_POINT ( 'NONE',  ( 47.11460942504513127, -30.97123490664422363, -16.77573482154229723 ) ) ;
#3232 = ORIENTED_EDGE ( 'NONE', *, *, #1756, .F. ) ;
#3233 = EDGE_CURVE ( 'NONE', #3551, #2718, #1775, .T. ) ;
#3234 = CARTESIAN_POINT ( 'NONE',  ( 50.68451040253074780, -30.62043394505651861, -18.07371435936859783 ) ) ;
#3235 = CARTESIAN_POINT ( 'NONE',  ( 53.79851209074139717, -23.27302361441046585, 4.254566177914052005 ) ) ;
#3236 = CALENDAR_DATE ( 2024, 25, 1 ) ;
#3237 = EDGE_LOOP ( 'NONE', ( #2857, #2333, #3041, #3059 ) ) ;
#3238 = CARTESIAN_POINT ( 'NONE',  ( -121.8199999999999932, -1.734723475976807094E-15, 28.93722497036231545 ) ) ;
#3239 = CARTESIAN_POINT ( 'NONE',  ( 55.46462836102868010, -12.28408125797557382, 24.66813055927747556 ) ) ;
#3240 = FACE_OUTER_BOUND ( 'NONE', #2491, .T. ) ;
#3241 = EDGE_LOOP ( 'NONE', ( #1797, #1488, #2558, #1330 ) ) ;
#3242 = DIRECTION ( 'NONE',  ( -0.1074441002482030422, 0.000000000000000000, -0.9942111271364115765 ) ) ;
#3243 = VERTEX_POINT ( 'NONE', #2950 ) ;
#3244 = CARTESIAN_POINT ( 'NONE',  ( 47.02655427657091991, -13.77943793438428521, -26.71048005527872959 ) ) ;
#3245 = ORIENTED_EDGE ( 'NONE', *, *, #2051, .F. ) ;
#3246 = ADVANCED_BREP_SHAPE_REPRESENTATION ( '¶ырь†€х®хс®рЄvтр¶Хшщ €р™®Їсюъ(ьрьр)_чрую™ютър', ( #3536, #1510 ), #245 ) ;
#3247 = CARTESIAN_POINT ( 'NONE',  ( -120.1888029897560415, -2.127248581167000552, -28.49587461664551213 ) ) ;
#3248 = B_SPLINE_CURVE_WITH_KNOTS ( 'NONE', 3,
 ( #63, #3038, #2126, #2460, #91, #1256, #2434, #3667, #2757, #3068, #1867, #2140, #999, #1849, #116, #1283, #693, #2153, #106, #417, #680, #1551, #986, #3380, #2743, #703, #971, #2774, #1567, #430 ),
 .UNSPECIFIED., .F., .F.,
 ( 4, 2, 2, 2, 2, 2, 2, 2, 2, 2, 2, 2, 2, 2, 4 ),
 ( 0.01320164206079228741, 0.01378807123391502520, 0.01437450040703776126, 0.01496092958016049732, 0.01554735875328323511, 0.01672021709952872456, 0.01730664627265146235, 0.01789307544577420361, 0.01906593379201968266, 0.01965236296514242392, 0.02023879213826516518, 0.02082522131138790644, 0.02141165048451064770, 0.02199807965763338896, 0.02258450883075613022 ),
 .UNSPECIFIED. ) ;
#3249 = ORIENTED_EDGE ( 'NONE', *, *, #1531, .T. ) ;
#3250 = CARTESIAN_POINT ( 'NONE',  ( 49.76806858097597086, -23.19979479346696039, -15.94570298091958804 ) ) ;
#3251 = AXIS2_PLACEMENT_3D ( 'NONE', #1149, #3531, #2626 ) ;
#3252 = FACE_OUTER_BOUND ( 'NONE', #2815, .T. ) ;
#3253 = ORIENTED_EDGE ( 'NONE', *, *, #1793, .T. ) ;
#3254 = CARTESIAN_POINT ( 'NONE',  ( -123.8355290835113465, 1.767398115143047788, -25.33873743121557354 ) ) ;
#3255 = CARTESIAN_POINT ( 'NONE',  ( 51.51189774423662726, 23.31754076705562184, -15.86487924629437174 ) ) ;
#3256 = EDGE_CURVE ( 'NONE', #290, #3224, #2358, .T. ) ;
#3257 = ORIENTED_EDGE ( 'NONE', *, *, #1400, .T. ) ;
#3258 = VECTOR ( 'NONE', #2131, 1000.000000000000000 ) ;
#3259 = DIRECTION ( 'NONE',  ( -4.690026295307351928E-16, 1.000000000000000000, 0.000000000000000000 ) ) ;
#3260 = ADVANCED_FACE ( 'NONE', ( #947 ), #170, .F. ) ;
#3261 = CARTESIAN_POINT ( 'NONE',  ( 47.26404091095719906, -24.55013367281150494, -11.83028133322718745 ) ) ;
#3262 = CARTESIAN_POINT ( 'NONE',  ( 55.63986937404510513, -12.19177621429477121, 24.68634902600078718 ) ) ;
#3263 = AXIS2_PLACEMENT_3D ( 'NONE', #3422, #184, #765 ) ;
#3264 = CARTESIAN_POINT ( 'NONE',  ( -122.1687674693285288, 2.657888702466364883, -28.45114074323768349 ) ) ;
#3265 = CARTESIAN_POINT ( 'NONE',  ( -120.9569916884505716, 2.538027755450514178, -25.27296919224854577 ) ) ;
#3266 = CARTESIAN_POINT ( 'NONE',  ( 53.53175383696561340, 6.264570701179861216E-15, -39.16380244098360208 ) ) ;
#3267 = CARTESIAN_POINT ( 'NONE',  ( 46.35044970442606171, -10.15165412823960267, -28.59445671660439459 ) ) ;
#3268 = EDGE_LOOP ( 'NONE', ( #3288, #1147 ) ) ;
#3269 = CARTESIAN_POINT ( 'NONE',  ( 54.81916734019029036, -28.53451545484174190, 10.62311360770006274 ) ) ;
#3270 = B_SPLINE_CURVE_WITH_KNOTS ( 'NONE', 3,
 ( #2664, #71, #3047, #2193, #1017, #1635, #480, #1598, #756, #3451, #2477, #1885, #1058, #3402, #3425, #1586, #1619, #3745, #135, #742, #3113, #1928, #1070, #3710, #2490, #3167, #1043, #1346, #722, #2830 ),
 .UNSPECIFIED., .F., .F.,
 ( 4, 2, 2, 2, 2, 2, 2, 2, 2, 2, 2, 2, 2, 2, 4 ),
 ( 0.01588172634238796052, 0.01692736549663352227, 0.01745018507375630315, 0.01797300465087908403, 0.01901864380512461108, 0.01954146338224736421, 0.02006428295937012080, 0.02058710253649287392, 0.02110992211361563051, 0.02163274169073838710, 0.02215556126786114022, 0.02267838084498389334, 0.02320120042210664993, 0.02372401999922940652, 0.02424683957635215964 ),
 .UNSPECIFIED. ) ;
#3271 = ORIENTED_EDGE ( 'NONE', *, *, #1286, .T. ) ;
#3272 = CARTESIAN_POINT ( 'NONE',  ( 55.07630860160941921, 13.16380152907234447, 24.34050089562617813 ) ) ;
#3273 = CARTESIAN_POINT ( 'NONE',  ( 32.97781802946876439, -29.45851174789171623, -18.73412497457633563 ) ) ;
#3274 = CARTESIAN_POINT ( 'NONE',  ( 57.13936642532466692, -10.06167955195600250, 25.29383622661127262 ) ) ;
#3275 = CARTESIAN_POINT ( 'NONE',  ( 34.35736758051261575, -33.12861808112909046, 25.95482028153267251 ) ) ;
#3276 = CARTESIAN_POINT ( 'NONE',  ( 53.89524030898733287, 17.69777776926572344, 22.04816734303739878 ) ) ;
#3277 = DIRECTION ( 'NONE',  ( -0.1026218187300135809, 0.2962248620698922918, -0.9495891708587547164 ) ) ;
#3278 = ADVANCED_FACE ( 'NONE', ( #1578 ), #1450, .F. ) ;
#3279 = LINE ( 'NONE', #1826, #809 ) ;
#3280 = CYLINDRICAL_SURFACE ( 'NONE', #3420, 25.39999999999999858 ) ;
#3281 = ORIENTED_EDGE ( 'NONE', *, *, #2379, .T. ) ;
#3282 = EDGE_CURVE ( 'NONE', #2718, #3551, #1165, .T. ) ;
#3283 = CARTESIAN_POINT ( 'NONE',  ( -121.8199999999999932, 25.06037526959407558, -14.46861440789320241 ) ) ;
#3284 = CARTESIAN_POINT ( 'NONE',  ( -119.1625028101029784, -0.3520127517061812372, -28.57334649691272688 ) ) ;
#3285 = ORIENTED_EDGE ( 'NONE', *, *, #777, .F. ) ;
#3286 = CARTESIAN_POINT ( 'NONE',  ( -120.0528868507362574, -2.015960277197696993, -25.32018122807227911 ) ) ;
#3287 = CARTESIAN_POINT ( 'NONE',  ( -119.2820852771080808, 22.41643723917204767, -11.94527373645457935 ) ) ;
#3288 = ORIENTED_EDGE ( 'NONE', *, *, #2947, .F. ) ;
#3289 = ORIENTED_EDGE ( 'NONE', *, *, #2240, .F. ) ;
#3290 = CARTESIAN_POINT ( 'NONE',  ( -120.0503941273575066, 2.013584315799757718, -28.50423463115888723 ) ) ;
#3291 = CARTESIAN_POINT ( 'NONE',  ( -123.4520441274081719, -23.61483423370574997, -16.08974213823374910 ) ) ;
#3292 = CARTESIAN_POINT ( 'NONE',  ( 50.77434227498048358, -28.24697847929684613, 11.54869496008587149 ) ) ;
#3293 = CARTESIAN_POINT ( 'NONE',  ( -0.1710626390779278472, -14.87897551572363142, 25.39999999999979963 ) ) ;
#3294 = CARTESIAN_POINT ( 'NONE',  ( 50.07022154175768236, 23.42660193209355057, 4.296538629055115521 ) ) ;
#3295 = CARTESIAN_POINT ( 'NONE',  ( 54.19966091316823764, 31.96937446599948984, 2.289363619252865245 ) ) ;
#3296 = ORIENTED_EDGE ( 'NONE', *, *, #2765, .T. ) ;
#3297 = ADVANCED_FACE ( 'NONE', ( #2952 ), #221, .F. ) ;
#3298 = CARTESIAN_POINT ( 'NONE',  ( -124.2244202740246379, -1.185367308974046630, -25.37284294957982311 ) ) ;
#3299 = CARTESIAN_POINT ( 'NONE',  ( -119.4986159567660735, 21.29642851697381190, -13.84352890119137847 ) ) ;
#3300 = FACE_BOUND ( 'NONE', #2694, .T. ) ;
#3301 = DIRECTION ( 'NONE',  ( 1.000000000000000000, 0.000000000000000000, 0.000000000000000000 ) ) ;
#3302 = ORIENTED_EDGE ( 'NONE', *, *, #2023, .T. ) ;
#3303 = AXIS2_PLACEMENT_3D ( 'NONE', #1082, #1674, #823 ) ;
#3304 = DIRECTION ( 'NONE',  ( 0.1074441002482028340, 0.000000000000000000, 0.9942111271364117986 ) ) ;
#3305 = CARTESIAN_POINT ( 'NONE',  ( -122.1708620231325284, 2.657620179929087723, -25.26060620262966339 ) ) ;
#3306 = CARTESIAN_POINT ( 'NONE',  ( 48.27111819026987405, 4.338674636697222198, -29.63486713429489328 ) ) ;
#3307 = DIRECTION ( 'NONE',  ( -0.9942111271364115765, 0.000000000000000000, 0.1074441002482027924 ) ) ;
#3308 = EDGE_CURVE ( 'NONE', #2575, #1027, #419, .T. ) ;
#3309 = VECTOR ( 'NONE', #3556, 1000.000000000000000 ) ;
#3310 = CARTESIAN_POINT ( 'NONE',  ( 50.35486908296878994, -23.23226163315634096, -15.93569042088140186 ) ) ;
#3311 = CARTESIAN_POINT ( 'NONE',  ( 50.24218076033626090, 23.38384699962977464, 4.379596010796335648 ) ) ;
#3312 = CARTESIAN_POINT ( 'NONE',  ( 54.51097771507431844, 31.02759006932303265, 5.306142824156309779 ) ) ;
#3313 = CARTESIAN_POINT ( 'NONE',  ( 50.38895525538845988, -7.242124271592761175, 18.87868379890945647 ) ) ;
#3314 = EDGE_CURVE ( 'NONE', #3439, #1891, #3797, .T. ) ;
#3315 = CARTESIAN_POINT ( 'NONE',  ( -119.1450000000000244, -0.1745693838079042659, -25.40000000000002345 ) ) ;
#3316 = DIRECTION ( 'NONE',  ( -4.731699523581602099E-16, -0.8660254037844392627, -0.4999999999999988898 ) ) ;
#3317 = DIRECTION ( 'NONE',  ( 1.000000000000000000, -5.463695987328528409E-16, 0.000000000000000000 ) ) ;
#3318 = ORIENTED_EDGE ( 'NONE', *, *, #3002, .F. ) ;
#3319 = CARTESIAN_POINT ( 'NONE',  ( 51.55338626904080712, -27.99817978264805163, 11.86930027608283211 ) ) ;
#3320 = VERTEX_POINT ( 'NONE', #1161 ) ;
#3321 = CARTESIAN_POINT ( 'NONE',  ( -124.4949999999999903, -1.734723479933733395E-15, 25.39999999999998082 ) ) ;
#3322 = ADVANCED_FACE ( 'NONE', ( #1945 ), #876, .F. ) ;
#3323 = CARTESIAN_POINT ( 'NONE',  ( 52.03081088348354655, -23.59155906315672269, 3.678140760088250971 ) ) ;
#3324 = CARTESIAN_POINT ( 'NONE',  ( 54.35092351117631893, 9.601337074367101820, 17.61233313282653512 ) ) ;
#3325 = CARTESIAN_POINT ( 'NONE',  ( 60.62736221735694642, 2.220786970395299082E-15, 26.49390039510505446 ) ) ;
#3326 = AXIS2_PLACEMENT_3D ( 'NONE', #3275, #19, #1199 ) ;
#3327 = DIRECTION ( 'NONE',  ( 0.000000000000000000, 0.000000000000000000, -1.000000000000000000 ) ) ;
#3328 = APPROVAL_DATE_TIME ( #2846, #2653 ) ;
#3329 = DIRECTION ( 'NONE',  ( 1.000000000000000000, -0.000000000000000000, -0.000000000000000000 ) ) ;
#3330 = EDGE_CURVE ( 'NONE', #1518, #3444, #2968, .T. ) ;
#3331 = VECTOR ( 'NONE', #2797, 1000.000000000000114 ) ;
#3332 = CARTESIAN_POINT ( 'NONE',  ( -123.8343857249548563, -21.05955361570051565, -14.20107441194927134 ) ) ;
#3333 = ORIENTED_EDGE ( 'NONE', *, *, #46, .T. ) ;
#3334 = ORIENTED_EDGE ( 'NONE', *, *, #3559, .F. ) ;
#3335 = CARTESIAN_POINT ( 'NONE',  ( -123.0047359523606900, 2.404722006202154816, 25.28600084690861394 ) ) ;
#3336 = CARTESIAN_POINT ( 'NONE',  ( 54.50451908604453877, 9.670477996104462903, 17.56731857105162575 ) ) ;
#3337 = DIRECTION ( 'NONE',  ( 0.000000000000000000, -0.9546291888281867033, -0.2977970984365669316 ) ) ;
#3338 = CARTESIAN_POINT ( 'NONE',  ( 49.89730302122750061, -23.27360672233833583, 4.676414726983978198 ) ) ;
#3339 = ADVANCED_FACE ( 'NONE', ( #1038 ), #31, .F. ) ;
#3340 = CARTESIAN_POINT ( 'NONE',  ( 53.66363014642509199, -23.32193743184685175, 4.155579482889124598 ) ) ;
#3341 = CARTESIAN_POINT ( 'NONE',  ( -119.1449789574181608, 21.90890047464466406, -12.85267567214288142 ) ) ;
#3342 = CARTESIAN_POINT ( 'NONE',  ( 46.99848094660741538, 12.57482290056555740, -35.95515485912021347 ) ) ;
#3343 = AXIS2_PLACEMENT_3D ( 'NONE', #3588, #377, #1778 ) ;
#3344 = CARTESIAN_POINT ( 'NONE',  ( -119.2817314700664184, -21.55364402211591823, -13.43974567801764408 ) ) ;
#3345 = CARTESIAN_POINT ( 'NONE',  ( -124.2249045468916648, -24.13362351712103404, 15.30114584605784600 ) ) ;
#3346 = CARTESIAN_POINT ( 'NONE',  ( 50.74589337978487436, 30.20710006680380744, -19.06448209377260383 ) ) ;
#3347 = ORIENTED_EDGE ( 'NONE', *, *, #617, .T. ) ;
#3348 = DIRECTION ( 'NONE',  ( -4.731699523581602099E-16, -0.8660254037844393737, -0.4999999999999989453 ) ) ;
#3349 = DIRECTION ( 'NONE',  ( 4.690026295307383482E-16, 6.123233995736769734E-17, -1.000000000000000000 ) ) ;
#3350 = CARTESIAN_POINT ( 'NONE',  ( 47.46391441771888253, -12.96182064196005257, -35.84220542564566614 ) ) ;
#3351 = ORIENTED_EDGE ( 'NONE', *, *, #548, .F. ) ;
#3352 = CC_DESIGN_PERSON_AND_ORGANIZATION_ASSIGNMENT ( #1855, #3809, ( #2944 ) ) ;
#3353 = CARTESIAN_POINT ( 'NONE',  ( -119.1449999999999960, -1.407130457204890258E-15, 28.93722497036231545 ) ) ;
#3354 = CIRCLE ( 'NONE', #1944, 33.02000000000001734 ) ;
#3355 = CARTESIAN_POINT ( 'NONE',  ( -121.8199999999999932, 25.06037526959407558, -14.46861440789320241 ) ) ;
#3356 = CARTESIAN_POINT ( 'NONE',  ( 45.41303608090782262, 7.539887860238195572, -37.40925479302603662 ) ) ;
#3357 = FACE_OUTER_BOUND ( 'NONE', #111, .T. ) ;
#3358 = AXIS2_PLACEMENT_3D ( 'NONE', #2139, #2811, #1591 ) ;
#3359 = CC_DESIGN_APPROVAL ( #2653, ( #2452 ) ) ;
#3360 = CARTESIAN_POINT ( 'NONE',  ( -120.9584402802029786, -20.61774261750379722, -14.83486484767132474 ) ) ;
#3361 = CARTESIAN_POINT ( 'NONE',  ( -124.4779361448697443, -24.57106249220518990, 14.58844686673841196 ) ) ;
#3363 = EDGE_CURVE ( 'NONE', #850, #1749, #1487, .T. ) ;
#3362 = CYLINDRICAL_SURFACE ( 'NONE', #1504, 25.39999999999999858 ) ;
#3364 = CARTESIAN_POINT ( 'NONE',  ( 50.53515992326302353, 11.64356838698453167, 17.07845651383871655 ) ) ;
#3365 = CONICAL_SURFACE ( 'NONE', #1317, 33.44744309855762054, 0.5927080411093350598 ) ;
#3366 = CARTESIAN_POINT ( 'NONE',  ( 79.03173971433325562, 2.013676060108894295E-15, -8.707316756419594128 ) ) ;
#3367 = CARTESIAN_POINT ( 'NONE',  ( 51.68197542911250508, -21.13844353201040605, 8.413287021341053773 ) ) ;
#3368 = ORIENTED_EDGE ( 'NONE', *, *, #2093, .F. ) ;
#3369 = CARTESIAN_POINT ( 'NONE',  ( -119.1620631344030699, 24.91949444078200671, -13.98494516293279055 ) ) ;
#3370 = CARTESIAN_POINT ( 'NONE',  ( -129.6899999999999977, 2.717797409007765408E-15, -1.734723475976807094E-14 ) ) ;
#3371 = CARTESIAN_POINT ( 'NONE',  ( 47.19567623898448971, 6.870849419652074630, -37.75209853686438777 ) ) ;
#3372 = ORIENTED_EDGE ( 'NONE', *, *, #3084, .F. ) ;
#3373 = CARTESIAN_POINT ( 'NONE',  ( -124.3581848720559719, -22.41610579699928252, 11.94590109153126889 ) ) ;
#3374 = CARTESIAN_POINT ( 'NONE',  ( -121.1150591358949100, -23.18348039779292691, -10.37807755515524910 ) ) ;
#3375 = CARTESIAN_POINT ( 'NONE',  ( -119.2304357083906581, 22.33583390773573640, 12.09544471035516544 ) ) ;
#3376 = CARTESIAN_POINT ( 'NONE',  ( -119.2302841616846365, -0.6923933313710921578, 28.56712240828167637 ) ) ;
#3377 = LOCAL_TIME ( 18, 3, 18.00000000000000000, #167 ) ;
#3378 = CARTESIAN_POINT ( 'NONE',  ( 51.41386908317247162, 10.09850599288229489, 17.71962991279268707 ) ) ;
#3379 = CARTESIAN_POINT ( 'NONE',  ( 55.29146261280626362, 10.26837548351891627, 17.22587467438989961 ) ) ;
#3380 = CARTESIAN_POINT ( 'NONE',  ( 48.88192131890214398, 12.28240234291362398, -36.27834129906793237 ) ) ;
#3381 = CARTESIAN_POINT ( 'NONE',  ( 45.31942330007513675, -14.08123144006289884, -35.10529720165385470 ) ) ;
#3382 = AXIS2_PLACEMENT_3D ( 'NONE', #1679, #1990, #3242 ) ;
#3383 = LINE ( 'NONE', #535, #2553 ) ;
#3384 = VECTOR ( 'NONE', #1582, 1000.000000000000114 ) ;
#3385 = CARTESIAN_POINT ( 'NONE',  ( -121.8199999999999932, 23.30050418053377825, -16.54137630104969503 ) ) ;
#3386 = CARTESIAN_POINT ( 'NONE',  ( 47.39174492656407978, 6.877045394230991704, -37.77196057788938077 ) ) ;
#3387 = EDGE_LOOP ( 'NONE', ( #2869, #3257 ) ) ;
#3388 = EDGE_CURVE ( 'NONE', #819, #1847, #1883, .T. ) ;
#3389 = CARTESIAN_POINT ( 'NONE',  ( -124.4949789056447287, -22.08550903889381445, -12.54677179051190272 ) ) ;
#3390 = FACE_OUTER_BOUND ( 'NONE', #1521, .T. ) ;
#3391 = CARTESIAN_POINT ( 'NONE',  ( 51.43234217893974147, 28.68166265310567553, -22.18166154389018274 ) ) ;
#3392 = ORIENTED_EDGE ( 'NONE', *, *, #255, .T. ) ;
#3393 = CARTESIAN_POINT ( 'NONE',  ( -96.42000000000000171, 5.777789833161707559E-31, -6.938893903907228378E-15 ) ) ;
#3394 = CARTESIAN_POINT ( 'NONE',  ( 52.99175257363054925, 9.412791733592978716, 17.83569219462438582 ) ) ;
#3395 = CARTESIAN_POINT ( 'NONE',  ( -123.8362501520818455, 25.58294672525269320, 12.73024241619253871 ) ) ;
#3396 = CARTESIAN_POINT ( 'NONE',  ( -96.42000000000000171, 5.777789833161707559E-31, -6.938893903907228378E-15 ) ) ;
#3397 = CARTESIAN_POINT ( 'NONE',  ( 45.51336255331698766, -13.82748090301622135, -35.24526575975848885 ) ) ;
#3398 = CARTESIAN_POINT ( 'NONE',  ( 49.11875079373970721, 27.88138672442148902, -23.26798785400109892 ) ) ;
#3399 = CARTESIAN_POINT ( 'NONE',  ( -121.8199999999999932, -20.17152500294738715, 14.73485933058144504 ) ) ;
#3400 = VERTEX_POINT ( 'NONE', #327 ) ;
#3401 = DIRECTION ( 'NONE',  ( 0.000000000000000000, -0.8660254037844379305, 0.5000000000000011102 ) ) ;
#3402 = CARTESIAN_POINT ( 'NONE',  ( -124.4949407875889023, 21.90925285574947523, -12.85204842606360920 ) ) ;
#3403 = CARTESIAN_POINT ( 'NONE',  ( -124.4948761341842811, -24.65745887774244594, -14.44200524724030110 ) ) ;
#3404 = AXIS2_PLACEMENT_3D ( 'NONE', #125, #1324, #2469 ) ;
#3405 = DIRECTION ( 'NONE',  ( 0.000000000000000000, 0.8837137091828832780, -0.4680278626345129589 ) ) ;
#3406 = FACE_BOUND ( 'NONE', #1952, .T. ) ;
#3407 = CARTESIAN_POINT ( 'NONE',  ( -123.9581705934359093, 25.52897574045739404, -12.83990148462881997 ) ) ;
#3408 = CARTESIAN_POINT ( 'NONE',  ( 54.70976043520609977, -22.51910483069177005, 5.744183427799947061 ) ) ;
#3409 = EDGE_CURVE ( 'NONE', #1891, #1187, #1858, .T. ) ;
#3410 = CARTESIAN_POINT ( 'NONE',  ( 44.79174976237876393, 11.12913629822394590, -36.27645476779573386 ) ) ;
#3411 = CARTESIAN_POINT ( 'NONE',  ( 49.74803172929951245, -16.90044856996577494, -34.07530552302573312 ) ) ;
#3412 = CARTESIAN_POINT ( 'NONE',  ( -119.2814588284166035, -21.55421030537312888, 13.43882290248360434 ) ) ;
#3413 = EDGE_LOOP ( 'NONE', ( #2969, #1325, #3471, #1440 ) ) ;
#3414 = CARTESIAN_POINT ( 'NONE',  ( -119.4980721904467060, -1.339727439011106913, 28.54394813693415145 ) ) ;
#3415 = FACE_OUTER_BOUND ( 'NONE', #2801, .T. ) ;
#3416 = VERTEX_POINT ( 'NONE', #3034 ) ;
#3417 = CARTESIAN_POINT ( 'NONE',  ( 52.56106482340361197, -24.72447053070805012, -11.70148148216675210 ) ) ;
#3418 = CARTESIAN_POINT ( 'NONE',  ( -121.8199999999999932, 23.30050418053375694, 16.54137630104968792 ) ) ;
#3419 = CARTESIAN_POINT ( 'NONE',  ( -121.8199999999999932, 23.30050418053377825, -16.54137630104969503 ) ) ;
#3420 = AXIS2_PLACEMENT_3D ( 'NONE', #3434, #2859, #3740 ) ;
#3421 = DIRECTION ( 'NONE',  ( 0.9942111271364116876, 3.692695712591663901E-17, -0.1074441002482028340 ) ) ;
#3422 = CARTESIAN_POINT ( 'NONE',  ( 48.27111819026987405, 7.202562203181781086, -28.74147583898519187 ) ) ;
#3423 = CARTESIAN_POINT ( 'NONE',  ( 51.54443956812135497, -8.411005664772678969, 26.38204718583293129 ) ) ;
#3424 = ORIENTED_EDGE ( 'NONE', *, *, #2868, .F. ) ;
#3425 = CARTESIAN_POINT ( 'NONE',  ( -124.4773642404779253, 21.81895451235252992, -13.00471404027587141 ) ) ;
#3426 = CARTESIAN_POINT ( 'NONE',  ( -119.1623084158556196, -0.3503028577056463422, 28.57336485475520504 ) ) ;
#3427 = ORIENTED_EDGE ( 'NONE', *, *, #408, .F. ) ;
#3428 = VECTOR ( 'NONE', #1419, 1000.000000000000227 ) ;
#3429 = LINE ( 'NONE', #2827, #3749 ) ;
#3430 = CARTESIAN_POINT ( 'NONE',  ( 50.41315343734641630, 5.677113963774114147, -30.51651190604710351 ) ) ;
#3431 = CARTESIAN_POINT ( 'NONE',  ( 61.25142841913829983, 2.013676060108894295E-15, 22.96139896187190388 ) ) ;
#3432 = ORIENTED_EDGE ( 'NONE', *, *, #1376, .T. ) ;
#3433 = CARTESIAN_POINT ( 'NONE',  ( -124.4778979469188300, 24.91998777300339540, -13.98408244595160710 ) ) ;
#3434 = CARTESIAN_POINT ( 'NONE',  ( -147.2199999999999704, 2.332952152375709227E-15, -1.734723475976807094E-14 ) ) ;
#3435 = EDGE_CURVE ( 'NONE', #2912, #533, #2263, .T. ) ;
#3436 = DIRECTION ( 'NONE',  ( 0.9942111271364115765, 0.000000000000000000, -0.1074441002482034446 ) ) ;
#3437 = CARTESIAN_POINT ( 'NONE',  ( -119.2311162591380054, -22.33708577966540787, 12.09313702687051872 ) ) ;
#3438 = CARTESIAN_POINT ( 'NONE',  ( 51.81296460277085458, 32.29292554669500248, 1.165439462478039312 ) ) ;
#3439 = VERTEX_POINT ( 'NONE', #901 ) ;
#3440 = CARTESIAN_POINT ( 'NONE',  ( 52.34881887371378895, 24.94322758719100008, -1.000067994377664027 ) ) ;
#3441 = CARTESIAN_POINT ( 'NONE',  ( 48.56825001375163708, 10.32915833780446491, -28.75519525773213303 ) ) ;
#3442 = CARTESIAN_POINT ( 'NONE',  ( -122.6827488695142989, 23.37988265244082342, 16.42912792500832353 ) ) ;
#3443 = CARTESIAN_POINT ( 'NONE',  ( 45.32999340284196421, 6.508524309359088100, -29.76075821883414818 ) ) ;
#3444 = VERTEX_POINT ( 'NONE', #43 ) ;
#3445 = DIRECTION ( 'NONE',  ( 0.9942111271364116876, 1.350509218838742282E-17, -0.1074441002482028340 ) ) ;
#3446 = CARTESIAN_POINT ( 'NONE',  ( -119.8038006477416246, 23.81625992469329134, 15.79023964891849374 ) ) ;
#3447 = B_SPLINE_CURVE_WITH_KNOTS ( 'NONE', 3,
 ( #3782, #515, #3191, #2900, #1386, #3820, #792, #3767, #3488, #3203, #3213, #231, #2595, #242, #2608, #2284, #2259, #3808, #2872, #1128, #1398, #528, #3499, #1684, #1412, #3796, #2570, #1708, #807, #3525, #2273, #1994, #2582, #265 ),
 .UNSPECIFIED., .F., .F.,
 ( 4, 2, 2, 2, 2, 2, 2, 2, 2, 2, 2, 2, 2, 2, 2, 2, 4 ),
 ( 0.004028229688053267497, 0.004614724647409410539, 0.005201219606765553581, 0.005787714566121696623, 0.006374209525477839665, 0.006960704484833982707, 0.007547199444190126616, 0.008133694403546273127, 0.008720189362902417904, 0.009306684322258564415, 0.009893179281614709192, 0.01047967424097085570, 0.01106616920032700221, 0.01165266415968314873, 0.01223915911903929524, 0.01282565407839544175, 0.01341214903775158826 ),
 .UNSPECIFIED. ) ;
#3448 = ORIENTED_EDGE ( 'NONE', *, *, #1989, .T. ) ;
#3449 = FACE_OUTER_BOUND ( 'NONE', #2307, .T. ) ;
#3450 = CARTESIAN_POINT ( 'NONE',  ( -0.7379143600517326096, 25.39999999999992752, 14.87897551572351773 ) ) ;
#3451 = CARTESIAN_POINT ( 'NONE',  ( -124.3585410404177338, 22.41546741913988328, -11.94708179542699078 ) ) ;
#3452 = CIRCLE ( 'NONE', #286, 33.02000000000001734 ) ;
#3453 = CARTESIAN_POINT ( 'NONE',  ( 48.71365177396164370, -14.13263510500579123, -26.65893213517428961 ) ) ;
#3454 = AXIS2_PLACEMENT_3D ( 'NONE', #2878, #1379, #532 ) ;
#3455 = CARTESIAN_POINT ( 'NONE',  ( 50.75285159537115476, 6.155723243127933841, -30.43806901195062764 ) ) ;
#3456 = CARTESIAN_POINT ( 'NONE',  ( -122.1709187592157804, 2.657654668255681862, 28.45116300563101674 ) ) ;
#3457 = FACE_OUTER_BOUND ( 'NONE', #3732, .T. ) ;
#3458 = CARTESIAN_POINT ( 'NONE',  ( -123.4536539310268495, 20.85735340667249815, 14.49621858993071832 ) ) ;
#3459 = CARTESIAN_POINT ( 'NONE',  ( 55.75006619359032811, -5.667824111799990128, 18.71391117380460400 ) ) ;
#3460 = CARTESIAN_POINT ( 'NONE',  ( 52.72930859972491646, -21.11170580734002655, 8.340680037340289843 ) ) ;
#3461 = EDGE_CURVE ( 'NONE', #813, #1137, #2669, .T. ) ;
#3462 = CARTESIAN_POINT ( 'NONE',  ( -119.1449999999999960, 2.062316494748724326E-15, -24.83905785565821134 ) ) ;
#3463 = CARTESIAN_POINT ( 'NONE',  ( -119.2812042427779886, 24.30549264786209918, 15.02663885974769897 ) ) ;
#3464 = ORIENTED_EDGE ( 'NONE', *, *, #527, .F. ) ;
#3465 = CARTESIAN_POINT ( 'NONE',  ( 49.25733275341551121, -13.54786689493522545, -35.77783856231467752 ) ) ;
#3466 = DIRECTION ( 'NONE',  ( 0.000000000000000000, 1.000000000000000000, 2.026856480123244979E-16 ) ) ;
#3467 = CARTESIAN_POINT ( 'NONE',  ( 50.94479149903452964, -11.32678018300602751, -28.54139569779467678 ) ) ;
#3468 = ORIENTED_EDGE ( 'NONE', *, *, #2584, .F. ) ;
#3469 = CARTESIAN_POINT ( 'NONE',  ( 50.84361424261901163, 6.325712068685604095, -30.40466014443034837 ) ) ;
#3470 = CARTESIAN_POINT ( 'NONE',  ( 48.31617501635453493, 23.44668843800722868, -15.21306546771985602 ) ) ;
#3471 = ORIENTED_EDGE ( 'NONE', *, *, #3084, .T. ) ;
#3472 = DIRECTION ( 'NONE',  ( -0.9942111271364116876, -3.640718617119061164E-17, 0.1074441002482028062 ) ) ;
#3473 = COORDINATED_UNIVERSAL_TIME_OFFSET ( 3, 0, .AHEAD. ) ;
#3474 = EDGE_CURVE ( 'NONE', #2380, #1314, #273, .T. ) ;
#3475 = CIRCLE ( 'NONE', #1151, 29.58999999999980446 ) ;
#3476 = B_SPLINE_CURVE_WITH_KNOTS ( 'NONE', 3,
 ( #3385, #2143, #1580, #389, #2113, #2215, #2424, #974, #2761, #2843, #108, #2465, #3741, #1066, #1287, #1528, #3369, #668, #3096, #186, #3163, #1297, #1853, #421, #989, #3645, #1925, #1557, #695, #2731 ),
 .UNSPECIFIED., .F., .F.,
 ( 4, 2, 2, 2, 2, 2, 2, 2, 2, 2, 2, 2, 2, 2, 4 ),
 ( 0.009295801146355822664, 0.01034152078200338727, 0.01086438059982717044, 0.01138724041765095535, 0.01191010023547473852, 0.01243296005329852169, 0.01295581987112230486, 0.01347867968894608803, 0.01400153950676987294, 0.01452439932459365438, 0.01504725914241743928, 0.01557011896024122072, 0.01661583859588878359, 0.01713869841371256503, 0.01766155823153634646 ),
 .UNSPECIFIED. ) ;
#3477 = CYLINDRICAL_SURFACE ( 'NONE', #5, 2.674999999999998934 ) ;
#3478 = DIRECTION ( 'NONE',  ( 0.1074441002482030422, 0.000000000000000000, 0.9942111271364116876 ) ) ;
#3479 = DIRECTION ( 'NONE',  ( -1.000000000000000000, -0.000000000000000000, -0.000000000000000000 ) ) ;
#3480 = ORIENTED_EDGE ( 'NONE', *, *, #1103, .F. ) ;
#3481 = CARTESIAN_POINT ( 'NONE',  ( -122.1683984577312430, -20.54726992791522378, 14.93220960199809433 ) ) ;
#3482 = CARTESIAN_POINT ( 'NONE',  ( 53.14334760623424359, 30.58810493191970892, 6.600353170632758726 ) ) ;
#3483 = DIRECTION ( 'NONE',  ( -0.1026218187300135948, 0.2962248620698923474, -0.9495891708587549385 ) ) ;
#3484 = CARTESIAN_POINT ( 'NONE',  ( -119.2304427572345418, 0.6929671127104028994, 28.56710799839790127 ) ) ;
#3485 = CARTESIAN_POINT ( 'NONE',  ( -112.9499999999999744, 29.59000000000000341, -1.387778780781445676E-14 ) ) ;
#3486 = EDGE_CURVE ( 'NONE', #1982, #155, #1816, .T. ) ;
#3487 = CIRCLE ( 'NONE', #1329, 33.02000000000001734 ) ;
#3488 = CARTESIAN_POINT ( 'NONE',  ( 49.83302224423196236, 30.87242301459918892, 6.231210923188530870 ) ) ;
#3489 = CARTESIAN_POINT ( 'NONE',  ( 58.07376915429770037, 2.013676060108894295E-15, -6.442395123187475647 ) ) ;
#3490 = CARTESIAN_POINT ( 'NONE',  ( -129.3899999999999579, 28.57500000000000639, -1.734723475976807094E-14 ) ) ;
#3491 = VERTEX_POINT ( 'NONE', #2767 ) ;
#3492 = CARTESIAN_POINT ( 'NONE',  ( 53.40040729236825001, 24.81765139337201731, -0.4966038422288491239 ) ) ;
#3493 = EDGE_LOOP ( 'NONE', ( #3759, #719, #413, #1950 ) ) ;
#3494 = CARTESIAN_POINT ( 'NONE',  ( 52.56281406252008281, 13.35731234647671251, 24.52690682071370176 ) ) ;
#3495 = CARTESIAN_POINT ( 'NONE',  ( -121.1179071141145869, 2.604639964748937331, 28.45635974699444404 ) ) ;
#3496 = CARTESIAN_POINT ( 'NONE',  ( 10.56504657315492679, 2.384374161534076683E-17, -1.308141630798238753 ) ) ;
#3497 = EDGE_LOOP ( 'NONE', ( #1096, #1968 ) ) ;
#3498 = CARTESIAN_POINT ( 'NONE',  ( -120.4777777058256447, -25.82531172343288617, 12.23083589975828289 ) ) ;
#3499 = CARTESIAN_POINT ( 'NONE',  ( 49.21410653288818082, 32.01571899479964145, 2.645252227496046604 ) ) ;
#3500 = CARTESIAN_POINT ( 'NONE',  ( 53.18025181482240527, -7.058002294104966268, 26.53122638586452453 ) ) ;
#3501 = APPROVAL_ROLE ( '' ) ;
#3502 = B_SPLINE_CURVE_WITH_KNOTS ( 'NONE', 3,
 ( #1590, #463, #1878, #1576, #104, #1281, #2138, #2482, #1887, #1032, #724, #1550, #3116, #114, #2810, #1268, #1020, #1315, #3364, #3665, #415, #2445, #3679, #691, #3080, #3378, #1865, #428, #2772, #997, #3093, #1294, #3394, #129 ),
 .UNSPECIFIED., .F., .F.,
 ( 4, 2, 2, 2, 2, 2, 2, 2, 2, 2, 2, 2, 2, 2, 2, 2, 4 ),
 ( 0.004192488364876364657, 0.004715555215045750918, 0.005238622065215137180, 0.005761688915384524309, 0.006284755765553912306, 0.006807822615723300302, 0.007330889465892689166, 0.007853956316062078030, 0.008377023166231466894, 0.008900090016400854023, 0.009423156866570242887, 0.009946223716739630016, 0.01046929056690901888, 0.01099235741707840774, 0.01151542426724779661, 0.01203849111741718374, 0.01256155796758657260 ),
 .UNSPECIFIED. ) ;
#3503 = CIRCLE ( 'NONE', #3598, 33.02000000000001023 ) ;
#3504 = CARTESIAN_POINT ( 'NONE',  ( -1.539563751707431427, -28.57499999999997087, -6.908912627297278924E-15 ) ) ;
#3505 = DIRECTION ( 'NONE',  ( 0.9942111271364117986, 4.658678313946496263E-17, -0.1074441002482028618 ) ) ;
#3506 = EDGE_LOOP ( 'NONE', ( #1190, #1304 ) ) ;
#3507 = CARTESIAN_POINT ( 'NONE',  ( -96.42000000000001592, 3.623729878677007133E-15, 29.58999999999990038 ) ) ;
#3508 = CARTESIAN_POINT ( 'NONE',  ( 46.96072676023396752, 22.75677026012495929, -16.59060569932137597 ) ) ;
#3509 = AXIS2_PLACEMENT_3D ( 'NONE', #1812, #663, #944 ) ;
#3510 = CARTESIAN_POINT ( 'NONE',  ( 46.59785257747017795, -13.50178504354353137, -26.84208134635574439 ) ) ;
#3511 = LINE ( 'NONE', #3159, #352 ) ;
#3512 = ORIENTED_EDGE ( 'NONE', *, *, #1606, .F. ) ;
#3513 = EDGE_CURVE ( 'NONE', #831, #2412, #2642, .T. ) ;
#3514 = CARTESIAN_POINT ( 'NONE',  ( 52.71391330782984141, -31.51639382626355967, -15.77899207288424321 ) ) ;
#3515 = CARTESIAN_POINT ( 'NONE',  ( 47.93204958357592460, 30.20977093271828551, -18.75430144230922380 ) ) ;
#3516 = EDGE_CURVE ( 'NONE', #1572, #3224, #3270, .T. ) ;
#3517 = ORIENTED_EDGE ( 'NONE', *, *, #3859, .T. ) ;
#3518 = CARTESIAN_POINT ( 'NONE',  ( -123.1656654826437887, -20.73496245097454604, 14.67103578998713864 ) ) ;
#3519 = CARTESIAN_POINT ( 'NONE',  ( 55.07708643735752929, 17.41786789274513936, 22.09731394420056105 ) ) ;
#3520 = PLANE ( 'NONE',  #3206 ) ;
#3521 = CARTESIAN_POINT ( 'NONE',  ( 52.41388394595043820, -30.36267585655173917, 7.222825859884385302 ) ) ;
#3522 = EDGE_LOOP ( 'NONE', ( #914, #3017, #1363, #1645 ) ) ;
#3523 = DIRECTION ( 'NONE',  ( -0.9942111271364117986, 1.101074672228211888E-16, 0.1074441002482030283 ) ) ;
#3524 = ORIENTED_EDGE ( 'NONE', *, *, #3712, .F. ) ;
#3525 = CARTESIAN_POINT ( 'NONE',  ( 50.84710225135044226, 32.28180289100975386, 1.322271256451125421 ) ) ;
#3526 = SECURITY_CLASSIFICATION_LEVEL ( 'unclassified' ) ;
#3527 = B_SPLINE_CURVE_WITH_KNOTS ( 'NONE', 3,
 ( #2310, #3836, #1742, #306, #3821, #604, #2005, #2640, #879, #1758, #2967, #571, #2618, #1467, #3572, #318, #2350, #2657, #856, #2982, #1189, #266, #1155, #3247, #293, #664, #1799, #2099, #1525, #2726, #3024, #3284, #3011, #2063 ),
 .UNSPECIFIED., .F., .F.,
 ( 4, 2, 2, 2, 2, 2, 2, 2, 2, 2, 2, 2, 2, 2, 2, 2, 4 ),
 ( 0.000000000000000000, 0.0005229904891464738463, 0.001045980978292947693, 0.001568971467439421756, 0.002091961956585895385, 0.002614952445732369232, 0.003137942934878843512, 0.003660933424025316924, 0.004183923913171790770, 0.004706914402318264183, 0.005229904891464738463, 0.005752895380611211876, 0.006275885869757687023, 0.006798876358904160436, 0.007321866848050633848, 0.007844857337197107261, 0.008367847826343579806 ),
 .UNSPECIFIED. ) ;
#3528 = CARTESIAN_POINT ( 'NONE',  ( 48.99548310849636579, -24.92872193432462069, -10.36076750446244787 ) ) ;
#3529 = AXIS2_PLACEMENT_3D ( 'NONE', #425, #1239, #2094 ) ;
#3530 = CARTESIAN_POINT ( 'NONE',  ( 55.65967880483877650, 17.06069620602379189, 22.25446662939578957 ) ) ;
#3531 = DIRECTION ( 'NONE',  ( -0.09507010545186059258, -0.4659079677327933044, -0.8797109983696183022 ) ) ;
#3532 = DIRECTION ( 'NONE',  ( -4.731699523581595196E-16, -0.8660254037844380415, 0.5000000000000011102 ) ) ;
#3533 = DIRECTION ( 'NONE',  ( 0.9942111271364116876, 2.177737708390819458E-17, -0.1074441002482031116 ) ) ;
#3534 = ORIENTED_EDGE ( 'NONE', *, *, #3308, .F. ) ;
#3535 = EDGE_CURVE ( 'NONE', #2478, #2575, #1623, .T. ) ;
#3536 = MANIFOLD_SOLID_BREP ( 'ѕереместить грань3', #54 ) ;
#3537 = CARTESIAN_POINT ( 'NONE',  ( 53.76139532179397662, -27.99286530419024999, 11.63934183195449101 ) ) ;
#3538 = EDGE_LOOP ( 'NONE', ( #1472, #2208 ) ) ;
#3539 = CARTESIAN_POINT ( 'NONE',  ( 47.35641027820101101, -24.59595627526692496, -11.66378018740574696 ) ) ;
#3540 = CARTESIAN_POINT ( 'NONE',  ( -120.1748313246639270, -2.137877081459844231, 25.31107589597431584 ) ) ;
#3541 = ORIENTED_EDGE ( 'NONE', *, *, #1519, .F. ) ;
#3542 = CIRCLE ( 'NONE', #3057, 28.57499999999999929 ) ;
#3543 = EDGE_CURVE ( 'NONE', #959, #3632, #1191, .T. ) ;
#3544 = DIRECTION ( 'NONE',  ( -0.03182761377624750143, -0.9551182288552939603, -0.2945100540043354420 ) ) ;
#3545 = DIRECTION ( 'NONE',  ( -0.1074441002482028062, 6.053808854361123851E-17, -0.9942111271364116876 ) ) ;
#3546 = LINE ( 'NONE', #481, #3725 ) ;
#3547 = CARTESIAN_POINT ( 'NONE',  ( 54.05619904171820167, -28.08225762229118061, 11.46409993074355782 ) ) ;
#3548 = B_SPLINE_CURVE_WITH_KNOTS ( 'NONE', 3,
 ( #1109, #92, #3367, #3026, #681, #3056, #2141, #418, #665, #2086, #107, #2699, #626, #2683, #64, #1552, #1234, #77, #1257, #3069, #3338, #3611, #934, #1503, #360, #2110, #2389, #972, #1801, #918 ),
 .UNSPECIFIED., .F., .F.,
 ( 4, 2, 2, 2, 2, 2, 2, 2, 2, 2, 2, 2, 2, 2, 4 ),
 ( 0.004578964440803180019, 0.005102095490389952671, 0.005625226539976724456, 0.006148357589563497108, 0.006671488639150268893, 0.007717750738323802054, 0.008240881787910565165, 0.008764012837497326541, 0.009287143887084089652, 0.009810274936670851029, 0.01085653703584437552, 0.01137966808543113342, 0.01190279913501788960, 0.01242593018460464577, 0.01294906123419140194 ),
 .UNSPECIFIED. ) ;
#3549 = CARTESIAN_POINT ( 'NONE',  ( 48.45790526219138172, -23.30569594855347404, -15.56217037982808726 ) ) ;
#3550 = CARTESIAN_POINT ( 'NONE',  ( -122.1673684646184910, -2.675260030402470068, 25.25872094620978103 ) ) ;
#3551 = VERTEX_POINT ( 'NONE', #3138 ) ;
#3552 = CARTESIAN_POINT ( 'NONE',  ( -119.8045713142219881, 1.767512351031510720, -25.33872942062205169 ) ) ;
#3553 = CARTESIAN_POINT ( 'NONE',  ( 52.16686401059556033, 22.75198325481969519, -17.16717230826975538 ) ) ;
#3554 = AXIS2_PLACEMENT_3D ( 'NONE', #3238, #1596, #1197 ) ;
#3555 = VERTEX_POINT ( 'NONE', #3125 ) ;
#3556 = DIRECTION ( 'NONE',  ( 1.000000000000000000, -4.856618655403135597E-16, 0.000000000000000000 ) ) ;
#3557 = ADVANCED_FACE ( 'NONE', ( #3240 ), #2905, .F. ) ;
#3558 = LINE ( 'NONE', #541, #2938 ) ;
#3559 = EDGE_CURVE ( 'NONE', #3400, #928, #3660, .T. ) ;
#3560 = CARTESIAN_POINT ( 'NONE',  ( 76.30265956802890059, 4.934142635465855954E-15, -33.96027938568445137 ) ) ;
#3561 = ORIENTED_EDGE ( 'NONE', *, *, #2476, .F. ) ;
#3562 = DIRECTION ( 'NONE',  ( 0.000000000000000000, 0.000000000000000000, 1.000000000000000000 ) ) ;
#3563 = CARTESIAN_POINT ( 'NONE',  ( -123.9590744552871229, -1.643602446947158624, 25.34797262128708084 ) ) ;
#3564 = CIRCLE ( 'NONE', #3830, 33.02000000000001023 ) ;
#3565 = LINE ( 'NONE', #3670, #2317 ) ;
#3566 = CARTESIAN_POINT ( 'NONE',  ( -124.4238551818622369, 0.7049261263767314656, -28.56811721213290767 ) ) ;
#3567 = CARTESIAN_POINT ( 'NONE',  ( -119.1619464287778101, 0.3483815453679671159, -25.39819797484589259 ) ) ;
#3568 = CARTESIAN_POINT ( 'NONE',  ( 49.88431895401721050, -28.92455231511765490, 10.46393069182357571 ) ) ;
#3569 = CARTESIAN_POINT ( 'NONE',  ( 48.01434104371292477, -9.404303120365106849, -29.08756820304610713 ) ) ;
#3570 = CIRCLE ( 'NONE', #3802, 29.57500000000000639 ) ;
#3571 = CARTESIAN_POINT ( 'NONE',  ( 53.27504714568279098, -30.27622733874793681, 7.331599754478932418 ) ) ;
#3572 = CARTESIAN_POINT ( 'NONE',  ( -122.5145733973129438, -2.589245951414813174, -28.45747038032982701 ) ) ;
#3573 = ADVANCED_FACE ( 'NONE', ( #2850 ), #2216, .F. ) ;
#3574 = DIRECTION ( 'NONE',  ( 1.000000000000000000, 0.000000000000000000, 0.000000000000000000 ) ) ;
#3575 = AXIS2_PLACEMENT_3D ( 'NONE', #779, #793, #3214 ) ;
#3576 = DIRECTION ( 'NONE',  ( 1.000000000000000000, 0.000000000000000000, -0.000000000000000000 ) ) ;
#3577 = ORIENTED_EDGE ( 'NONE', *, *, #551, .T. ) ;
#3578 = CARTESIAN_POINT ( 'NONE',  ( -123.1583674113980749, 2.322696578373497633, -28.48061012518526880 ) ) ;
#3579 = CARTESIAN_POINT ( 'NONE',  ( 53.72052441491874220, 17.70525049576527010, 22.06227708175140378 ) ) ;
#3580 = DIRECTION ( 'NONE',  ( -0.9942111271364115765, 0.000000000000000000, 0.1074441002482028756 ) ) ;
#3581 = EDGE_CURVE ( 'NONE', #1027, #1617, #128, .T. ) ;
#3582 = VERTEX_POINT ( 'NONE', #783 ) ;
#3583 = CARTESIAN_POINT ( 'NONE',  ( 52.58833447943118955, -27.87244646916752799, 11.95794565044222146 ) ) ;
#3584 = CARTESIAN_POINT ( 'NONE',  ( 48.67207687245544179, 24.11554812283540628, 2.597471545609221888 ) ) ;
#3585 = FACE_OUTER_BOUND ( 'NONE', #746, .T. ) ;
#3586 = CARTESIAN_POINT ( 'NONE',  ( -121.4671473682257243, -2.657384292113410762, -25.26063134294395240 ) ) ;
#3587 = CARTESIAN_POINT ( 'NONE',  ( -119.1623782954343369, -24.56974056403174345, -14.59067737567106882 ) ) ;
#3588 = CARTESIAN_POINT ( 'NONE',  ( 10.56504657315493034, 4.499345420280942527E-17, -1.308141630798236976 ) ) ;
#3589 = CARTESIAN_POINT ( 'NONE',  ( -121.8199999999999932, -22.84652278442082363, -10.10162213946768439 ) ) ;
#3590 = LINE ( 'NONE', #1943, #253 ) ;
#3591 = DIRECTION ( 'NONE',  ( 0.9942111271364116876, 1.350509218838742282E-17, -0.1074441002482028340 ) ) ;
#3592 = CARTESIAN_POINT ( 'NONE',  ( -124.1407139483196289, -24.04880554784903168, -15.43394623027003121 ) ) ;
#3593 = CARTESIAN_POINT ( 'NONE',  ( 50.01787976264726865, -28.76161966306350237, 10.74355120962074395 ) ) ;
#3594 = CARTESIAN_POINT ( 'NONE',  ( 45.82616556120400020, -10.95138247390433506, -28.17062823122794768 ) ) ;
#3595 = ADVANCED_FACE ( 'NONE', ( #2316 ), #758, .F. ) ;
#3596 = ORIENTED_EDGE ( 'NONE', *, *, #2213, .F. ) ;
#3597 = CARTESIAN_POINT ( 'NONE',  ( 50.92869004243124920, -23.30996319648013682, -15.81928956139950415 ) ) ;
#3598 = AXIS2_PLACEMENT_3D ( 'NONE', #2890, #3505, #1689 ) ;
#3599 = ORIENTED_EDGE ( 'NONE', *, *, #1345, .T. ) ;
#3600 = CARTESIAN_POINT ( 'NONE',  ( -121.9956917553070497, -2.675000800962017866, -25.25874839961106133 ) ) ;
#3601 = CARTESIAN_POINT ( 'NONE',  ( -121.4716002003021487, 23.20530759164822143, -10.32835342991708849 ) ) ;
#3602 = FACE_OUTER_BOUND ( 'NONE', #1405, .T. ) ;
#3603 = EDGE_CURVE ( 'NONE', #3582, #2503, #3150, .T. ) ;
#3604 = CARTESIAN_POINT ( 'NONE',  ( -1.539563751707431427, 28.57500000000002771, -1.040834085586084257E-14 ) ) ;
#3605 = CARTESIAN_POINT ( 'NONE',  ( 53.54474766186031331, 17.69793395927436563, 22.08595699841971438 ) ) ;
#3606 = VERTEX_POINT ( 'NONE', #1403 ) ;
#3607 = ORIENTED_EDGE ( 'NONE', *, *, #3727, .F. ) ;
#3608 = EDGE_CURVE ( 'NONE', #2466, #824, #2128, .T. ) ;
#3609 = CARTESIAN_POINT ( 'NONE',  ( -119.6925312914216306, 1.630946079186075259, 25.34800123352464851 ) ) ;
#3610 = DIRECTION ( 'NONE',  ( 1.000000000000000000, 2.345013147653678429E-16, -0.000000000000000000 ) ) ;
#3611 = CARTESIAN_POINT ( 'NONE',  ( 50.26811607173541319, -23.40571619898302203, 4.324965974584841888 ) ) ;
#3612 = EDGE_LOOP ( 'NONE', ( #2580, #2916, #3351, #2257 ) ) ;
#3613 = ADVANCED_FACE ( 'NONE', ( #3845 ), #1360, .F. ) ;
#3614 = CARTESIAN_POINT ( 'NONE',  ( -122.6823338114141535, -2.538254351851858104, -25.27294627455679432 ) ) ;
#3615 = CARTESIAN_POINT ( 'NONE',  ( -1.539563751707440087, 25.39999999999992397, -1.734723475976807094E-14 ) ) ;
#3616 = CARTESIAN_POINT ( 'NONE',  ( -95.40500000000000114, 2.624571171422672535E-15, -1.040834085586084257E-14 ) ) ;
#3617 = FACE_BOUND ( 'NONE', #3497, .T. ) ;
#3618 = AXIS2_PLACEMENT_3D ( 'NONE', #2189, #158, #2487 ) ;
#3619 = CARTESIAN_POINT ( 'NONE',  ( -123.5867735936360532, 2.016074570302785141, -28.50405803273263317 ) ) ;
#3620 = CARTESIAN_POINT ( 'NONE',  ( 49.74735054401678980, -29.49572425505494166, 9.391304025892583951 ) ) ;
#3621 = CARTESIAN_POINT ( 'NONE',  ( 49.29315580161511434, 27.89032464657548971, -23.27266686345392088 ) ) ;
#3622 = ORIENTED_EDGE ( 'NONE', *, *, #3638, .T. ) ;
#3623 = DIRECTION ( 'NONE',  ( -0.09507010545186059258, -0.4659079677327933044, -0.8797109983696183022 ) ) ;
#3624 = CARTESIAN_POINT ( 'NONE',  ( 78.03752858719684582, 1.823539765631578694E-15, -8.599872656171388741 ) ) ;
#3625 = CARTESIAN_POINT ( 'NONE',  ( 51.56914006574721299, 23.20801320296249060, 4.642875149152152936 ) ) ;
#3626 = ORIENTED_EDGE ( 'NONE', *, *, #443, .T. ) ;
#3627 = CARTESIAN_POINT ( 'NONE',  ( -121.8199999999999932, -25.97550418053376831, 11.90814039080293263 ) ) ;
#3628 = CARTESIAN_POINT ( 'NONE',  ( 50.38862020339874448, -7.801746432935370734, 18.70182462494676656 ) ) ;
#3629 = CARTESIAN_POINT ( 'NONE',  ( -119.8033004611365726, -1.766269427773645706, -25.33882328700713060 ) ) ;
#3630 = CARTESIAN_POINT ( 'NONE',  ( -119.1449263535276373, -24.65988476518532835, -14.43784046648247887 ) ) ;
#3631 = CARTESIAN_POINT ( 'NONE',  ( -96.42000000000000171, 29.58999999999980801, -1.387778780781443309E-14 ) ) ;
#3632 = VERTEX_POINT ( 'NONE', #2289 ) ;
#3633 = AXIS2_PLACEMENT_3D ( 'NONE', #796, #2586, #1942 ) ;
#3634 = CARTESIAN_POINT ( 'NONE',  ( -122.1691456240147886, -23.21221785532330628, 10.31275628709465408 ) ) ;
#3635 = CARTESIAN_POINT ( 'NONE',  ( -121.1251126500209381, -20.58794447321649912, -14.87607902040678454 ) ) ;
#3636 = CARTESIAN_POINT ( 'NONE',  ( -121.6452346288489679, 20.53721785532326649, 14.94599219734140938 ) ) ;
#3637 = ADVANCED_FACE ( 'NONE', ( #717 ), #2750, .T. ) ;
#3638 = EDGE_CURVE ( 'NONE', #3243, #624, #673, .T. ) ;
#3639 = LINE ( 'NONE', #2671, #196 ) ;
#3640 = CARTESIAN_POINT ( 'NONE',  ( -124.3584478389139747, 0.8618224536390980406, 25.38589405821835854 ) ) ;
#3641 = CARTESIAN_POINT ( 'NONE',  ( 53.16770330482909657, 14.13235322864181498, 15.31605842996842881 ) ) ;
#3642 = DIRECTION ( 'NONE',  ( -0.9942111271364115765, 1.101074672228211641E-16, 0.1074441002482030005 ) ) ;
#3643 = CARTESIAN_POINT ( 'NONE',  ( -113.9500000000000028, -28.58999999999995723, -1.031529026909481010E-14 ) ) ;
#3644 = LINE ( 'NONE', #1618, #1129 ) ;
#3645 = CARTESIAN_POINT ( 'NONE',  ( -120.9578035472708422, 25.91808892286265831, -12.03278317781033024 ) ) ;
#3646 = CARTESIAN_POINT ( 'NONE',  ( -120.9573365668554601, 23.15606403189358531, -10.43844760164034113 ) ) ;
#3647 = CARTESIAN_POINT ( 'NONE',  ( -124.2236405495353324, -21.37996109524731025, -13.71435806669461854 ) ) ;
#3648 = CARTESIAN_POINT ( 'NONE',  ( -121.8199999999999932, -23.30050418053376404, 16.54137630104967727 ) ) ;
#3649 = ORIENTED_EDGE ( 'NONE', *, *, #1262, .F. ) ;
#3650 = CARTESIAN_POINT ( 'NONE',  ( 51.23862277609531191, 28.52760521352428569, -22.42943392499728006 ) ) ;
#3651 = EDGE_LOOP ( 'NONE', ( #1344, #1365, #1726, #2165 ) ) ;
#3652 = CARTESIAN_POINT ( 'NONE',  ( -120.1869376613670539, 2.125927020488446839, 25.31106550603483640 ) ) ;
#3653 = CARTESIAN_POINT ( 'NONE',  ( 50.68632242090419737, -8.863471056133485959, 18.29857495232137410 ) ) ;
#3654 = AXIS2_PLACEMENT_3D ( 'NONE', #816, #1730, #262 ) ;
#3655 = EDGE_LOOP ( 'NONE', ( #3289, #3285, #3788, #3464 ) ) ;
#3656 = CARTESIAN_POINT ( 'NONE',  ( -120.9581226973523513, -23.37971131644389544, -16.42937153248512416 ) ) ;
#3657 = LOCAL_TIME ( 18, 3, 18.00000000000000000, #1715 ) ;
#3658 = CARTESIAN_POINT ( 'NONE',  ( 46.99914984971429277, 6.883938323815086413, -37.72807197696543113 ) ) ;
#3659 = EDGE_CURVE ( 'NONE', #1085, #836, #3564, .T. ) ;
#3660 = LINE ( 'NONE', #2889, #854 ) ;
#3661 = CARTESIAN_POINT ( 'NONE',  ( -124.3581882017840599, -21.55351135798579065, -13.43995914268261771 ) ) ;
#3662 = DIRECTION ( 'NONE',  ( 0.09507010545186116157, 0.4659079677327923052, 0.8797109983696187463 ) ) ;
#3663 = FACE_OUTER_BOUND ( 'NONE', #1396, .T. ) ;
#3664 = ORIENTED_EDGE ( 'NONE', *, *, #1008, .F. ) ;
#3665 = CARTESIAN_POINT ( 'NONE',  ( 50.60306936532733602, 11.33273226789568788, 17.22966786896129676 ) ) ;
#3666 = CARTESIAN_POINT ( 'NONE',  ( -1.539563751707431427, -28.57499999999997087, -6.908912627297278924E-15 ) ) ;
#3667 = CARTESIAN_POINT ( 'NONE',  ( 49.20551187008753402, 7.535169042214580948, -37.82014196254289118 ) ) ;
#3668 = CARTESIAN_POINT ( 'NONE',  ( 50.77961226242624804, -6.155999536214395995, 19.13265708395588049 ) ) ;
#3669 = DIRECTION ( 'NONE',  ( 1.000000000000000000, -4.856618655403135597E-16, 0.000000000000000000 ) ) ;
#3670 = CARTESIAN_POINT ( 'NONE',  ( -147.2199999999999420, 25.40000000000000213, -1.734723475976807094E-14 ) ) ;
#3671 = EDGE_CURVE ( 'NONE', #1085, #2466, #1177, .T. ) ;
#3672 = ORIENTED_EDGE ( 'NONE', *, *, #877, .F. ) ;
#3673 = CARTESIAN_POINT ( 'NONE',  ( -121.8199999999999932, -20.53721785532336241, -14.94599219734133833 ) ) ;
#3674 = CARTESIAN_POINT ( 'NONE',  ( -123.9489210081641204, -23.89220866958004663, 15.67527433548714022 ) ) ;
#3675 = CARTESIAN_POINT ( 'NONE',  ( 50.46032080058331815, 28.12777372261299647, -23.01701514909993307 ) ) ;
#3676 = ADVANCED_FACE ( 'NONE', ( #1535 ), #2211, .F. ) ;
#3677 = CARTESIAN_POINT ( 'NONE',  ( -122.5144276353474737, -2.589172905565941818, 28.45747675272696497 ) ) ;
#3678 = EDGE_LOOP ( 'NONE', ( #3232, #1549, #552, #354, #2464 ) ) ;
#3679 = CARTESIAN_POINT ( 'NONE',  ( 50.86764811705353395, 10.73869220681022085, 17.48915695605091258 ) ) ;
#3680 = CARTESIAN_POINT ( 'NONE',  ( 55.84390200687021633, 11.87328789244859450, 16.38408936192314513 ) ) ;
#3681 = CARTESIAN_POINT ( 'NONE',  ( 46.45515580186390991, -17.41769378220333664, -33.40274242132473148 ) ) ;
#3682 = CARTESIAN_POINT ( 'NONE',  ( -150.2199999999999989, 3.972060948574284513E-15, -1.734723475976807094E-14 ) ) ;
#3683 = EDGE_CURVE ( 'NONE', #2839, #967, #1477, .T. ) ;
#3684 = CARTESIAN_POINT ( 'NONE',  ( 45.56613232059871876, 11.97843639307537877, -36.04080006305684947 ) ) ;
#3685 = CARTESIAN_POINT ( 'NONE',  ( -119.4811077825210504, -22.64003359955971817, -11.51922961008183144 ) ) ;
#3686 = CARTESIAN_POINT ( 'NONE',  ( -124.3587957502394516, -24.30549263982566899, 15.02663887247744690 ) ) ;
#3687 = CARTESIAN_POINT ( 'NONE',  ( 51.64794420887645998, 28.92400454426415024, -21.77025316382043840 ) ) ;
#3688 = CARTESIAN_POINT ( 'NONE',  ( -122.6846185100572484, -2.537460931641726258, 28.46219355949424212 ) ) ;
#3689 = EDGE_CURVE ( 'NONE', #898, #1663, #319, .T. ) ;
#3690 = CARTESIAN_POINT ( 'NONE',  ( 50.92938946528122557, -24.96625713426885085, -10.37183917644109776 ) ) ;
#3691 = CARTESIAN_POINT ( 'NONE',  ( -122.1702635550428937, 23.31057536279816134, 16.52721595648394981 ) ) ;
#3692 = CARTESIAN_POINT ( 'NONE',  ( -123.1622221243133168, 23.50487033911113599, -16.24995824447073289 ) ) ;
#3693 = EDGE_LOOP ( 'NONE', ( #1868, #3863, #41, #1172 ) ) ;
#3694 = AXIS2_PLACEMENT_3D ( 'NONE', #145, #3149, #1320 ) ;
#3695 = CARTESIAN_POINT ( 'NONE',  ( 44.69811323958141713, 8.421907368506387215, -37.11121243892777244 ) ) ;
#3696 = ORIENTED_EDGE ( 'NONE', *, *, #3111, .F. ) ;
#3697 = CARTESIAN_POINT ( 'NONE',  ( -95.40500000000000114, 3.561579053620279866E-15, 28.57499999999998863 ) ) ;
#3698 = CARTESIAN_POINT ( 'NONE',  ( -121.6455432862848056, -23.21221785532329918, 10.31275628709465586 ) ) ;
#3699 = DIRECTION ( 'NONE',  ( 0.1026218187300147050, -0.2962248620698917922, 0.9495891708587548274 ) ) ;
#3700 = CARTESIAN_POINT ( 'NONE',  ( -121.8199999999999932, 23.21221785532327786, 10.31275628709465941 ) ) ;
#3701 = CARTESIAN_POINT ( 'NONE',  ( -123.0062797160971684, 23.45703564022863219, 16.31878170058155320 ) ) ;
#3702 = ORIENTED_EDGE ( 'NONE', *, *, #2247, .F. ) ;
#3703 = CARTESIAN_POINT ( 'NONE',  ( 46.00906348041346661, -13.39826942368882357, -35.49399912079600483 ) ) ;
#3704 = AXIS2_PLACEMENT_3D ( 'NONE', #357, #3348, #1840 ) ;
#3705 = EDGE_LOOP ( 'NONE', ( #2874, #2233 ) ) ;
#3706 = DIRECTION ( 'NONE',  ( 0.1074441002482030422, 0.000000000000000000, 0.9942111271364116876 ) ) ;
#3707 = FACE_OUTER_BOUND ( 'NONE', #1451, .T. ) ;
#3708 = EDGE_CURVE ( 'NONE', #3803, #2253, #847, .T. ) ;
#3709 = CARTESIAN_POINT ( 'NONE',  ( -122.5133493899835742, -23.17722707702367302, -10.39121407794179675 ) ) ;
#3710 = CARTESIAN_POINT ( 'NONE',  ( -123.1616893951483007, 20.74482694410043848, -14.65679364111542959 ) ) ;
#3711 = CARTESIAN_POINT ( 'NONE',  ( -124.4779368705398639, -24.91949442437333317, -13.98494519227318200 ) ) ;
#3712 = EDGE_CURVE ( 'NONE', #3224, #1572, #2337, .T. ) ;
#3713 = CARTESIAN_POINT ( 'NONE',  ( 52.93733837844945356, -24.45807231147643179, -12.78275737468582740 ) ) ;
#3714 = CARTESIAN_POINT ( 'NONE',  ( -123.0054683810826930, 23.45680584135517677, -16.31911179920729893 ) ) ;
#3715 = ORIENTED_EDGE ( 'NONE', *, *, #3435, .F. ) ;
#3716 = DIRECTION ( 'NONE',  ( -0.9942111271364116876, 0.000000000000000000, 0.1074441002482028756 ) ) ;
#3717 = CARTESIAN_POINT ( 'NONE',  ( 51.76528352204058336, -8.079514215545817279, 26.44333448522001007 ) ) ;
#3718 = CARTESIAN_POINT ( 'NONE',  ( -0.1710626390779151906, 1.823539765631583822E-15, 25.39999999999996305 ) ) ;
#3719 = CARTESIAN_POINT ( 'NONE',  ( -119.6934069150314031, -22.76796809100580177, 11.26057924657880172 ) ) ;
#3720 = ORIENTED_EDGE ( 'NONE', *, *, #1683, .T. ) ;
#3721 = CARTESIAN_POINT ( 'NONE',  ( -124.4951225628736324, -24.83402592839268408, -14.13622828256518460 ) ) ;
#3722 = AXIS2_PLACEMENT_3D ( 'NONE', #2976, #2989, #3304 ) ;
#3723 = CARTESIAN_POINT ( 'NONE',  ( 48.27111819026987405, 7.202562203181781086, -28.74147583898519187 ) ) ;
#3724 = CARTESIAN_POINT ( 'NONE',  ( 45.87427295548868500, -13.49313506228717330, -35.43698907237536844 ) ) ;
#3725 = VECTOR ( 'NONE', #3158, 1000.000000000000227 ) ;
#3726 = CARTESIAN_POINT ( 'NONE',  ( 53.16770330482910367, 9.404484884513408360, 17.82000749506310910 ) ) ;
#3727 = EDGE_CURVE ( 'NONE', #1455, #819, #2400, .T. ) ;
#3728 = CARTESIAN_POINT ( 'NONE',  ( -119.1620638601583266, 24.57106247468781035, 14.58844689614379497 ) ) ;
#3729 = CARTESIAN_POINT ( 'NONE',  ( -119.8045429523607623, -22.82780547100942670, 11.13853175282354258 ) ) ;
#3730 = CIRCLE ( 'NONE', #3509, 1.014999999999998570 ) ;
#3731 = CARTESIAN_POINT ( 'NONE',  ( -150.2199999999999989, 6.463991967599519128E-15, 30.58999999999998565 ) ) ;
#3732 = EDGE_LOOP ( 'NONE', ( #1034, #1444, #2754, #2170 ) ) ;
#3733 = DIRECTION ( 'NONE',  ( 0.000000000000000000, -0.5000000000000006661, -0.8660254037844383745 ) ) ;
#3734 = CARTESIAN_POINT ( 'NONE',  ( -121.8199999999999932, -25.97550418053376831, 11.90814039080293263 ) ) ;
#3735 = CARTESIAN_POINT ( 'NONE',  ( -123.8355986438122898, 1.767501651087550751, 28.52055677771589615 ) ) ;
#3736 = CARTESIAN_POINT ( 'NONE',  ( 45.17561309188095464, 7.246001793718242823, -29.53554912707649649 ) ) ;
#3737 = CARTESIAN_POINT ( 'NONE',  ( 47.33251302916803382, -31.96922430378042890, -13.59526723975408480 ) ) ;
#3738 = EDGE_CURVE ( 'NONE', #3074, #831, #2693, .T. ) ;
#3739 = EDGE_LOOP ( 'NONE', ( #1629, #2092, #1817, #3664 ) ) ;
#3740 = DIRECTION ( 'NONE',  ( 1.092739197465705287E-15, 1.000000000000000000, 0.000000000000000000 ) ) ;
#3741 = CARTESIAN_POINT ( 'NONE',  ( -119.2308823051182571, 24.39250829756052497, -14.88507237858469523 ) ) ;
#3742 = CARTESIAN_POINT ( 'NONE',  ( -121.1270520426229780, 23.35008702291083793, 16.47134565147671026 ) ) ;
#3743 = APPROVAL_DATE_TIME ( #2504, #1050 ) ;
#3744 = CARTESIAN_POINT ( 'NONE',  ( 46.44173749200465551, 29.26225399724802401, -20.57676224724093217 ) ) ;
#3745 = CARTESIAN_POINT ( 'NONE',  ( -124.2238173371181205, 21.38016012472384020, -13.71404708748300294 ) ) ;
#3746 = DIRECTION ( 'NONE',  ( 1.000000000000000000, -0.000000000000000000, -0.000000000000000000 ) ) ;
#3747 = ORIENTED_EDGE ( 'NONE', *, *, #1653, .F. ) ;
#3748 = VECTOR ( 'NONE', #2934, 1000.000000000000114 ) ;
#3749 = VECTOR ( 'NONE', #1332, 1000.000000000000114 ) ;
#3750 = CARTESIAN_POINT ( 'NONE',  ( 30.70085315624153921, -32.72951087730949382, -7.879958163697891038 ) ) ;
#3751 = CARTESIAN_POINT ( 'NONE',  ( 48.64026877267110649, 21.14050648100226582, -19.58473125248327307 ) ) ;
#3752 = ORIENTED_EDGE ( 'NONE', *, *, #3363, .F. ) ;
#3753 = CARTESIAN_POINT ( 'NONE',  ( -123.8354571703403337, 22.82780541364266469, 11.13853187113926602 ) ) ;
#3754 = ORIENTED_EDGE ( 'NONE', *, *, #3073, .T. ) ;
#3755 = DIRECTION ( 'NONE',  ( 0.05005906239151861059, -0.8848331851841333417, 0.4632108857414549696 ) ) ;
#3756 = CARTESIAN_POINT ( 'NONE',  ( 49.91552687097154006, -32.29714039846276563, -12.47210108187038635 ) ) ;
#3757 = DIRECTION ( 'NONE',  ( 0.1074441002482030422, 1.776356839400250465E-15, 0.9942111271364116876 ) ) ;
#3758 = CARTESIAN_POINT ( 'NONE',  ( -120.1732193201713272, 23.61000643512364761, 16.09842666277481271 ) ) ;
#3759 = ORIENTED_EDGE ( 'NONE', *, *, #1395, .F. ) ;
#3760 = CARTESIAN_POINT ( 'NONE',  ( 47.34962166462602084, 30.02808939883605177, -19.09849316950498022 ) ) ;
#3761 = DIRECTION ( 'NONE',  ( -0.1026218187300135809, 0.2962248620698922918, -0.9495891708587547164 ) ) ;
#3762 = CARTESIAN_POINT ( 'NONE',  ( 52.58933238755438566, 30.53088610332977026, 6.800728830815123693 ) ) ;
#3763 = CARTESIAN_POINT ( 'NONE',  ( 48.94927989349196196, 4.726839144077123578, -30.55796634273410106 ) ) ;
#3764 = CARTESIAN_POINT ( 'NONE',  ( -123.5862205147491011, 2.016721367173609281, 28.50401824172688237 ) ) ;
#3765 = CARTESIAN_POINT ( 'NONE',  ( 48.17794931312094775, 4.607612939722764089, -30.49698552097483528 ) ) ;
#3766 = ORIENTED_EDGE ( 'NONE', *, *, #3035, .T. ) ;
#3767 = CARTESIAN_POINT ( 'NONE',  ( 49.98695539393102649, 30.82160796913606404, 6.348083857692278009 ) ) ;
#3768 = DATE_TIME_ROLE ( 'creation_date' ) ;
#3769 = ORIENTED_EDGE ( 'NONE', *, *, #3608, .F. ) ;
#3770 = CYLINDRICAL_SURFACE ( 'NONE', #3853, 28.57499999999999929 ) ;
#3771 = CARTESIAN_POINT ( 'NONE',  ( 48.96898656977398900, -13.35677941065808483, -35.83241719664005132 ) ) ;
#3772 = DIRECTION ( 'NONE',  ( -0.9942111271364116876, -1.115540246633152702E-17, 0.1074441002482028618 ) ) ;
#3773 = CARTESIAN_POINT ( 'NONE',  ( 50.87935749507939676, -12.70195128163944887, -27.78945589030359997 ) ) ;
#3774 = CC_DESIGN_DATE_AND_TIME_ASSIGNMENT ( #583, #550, ( #2944 ) ) ;
#3775 = AXIS2_PLACEMENT_3D ( 'NONE', #50, #3610, #2360 ) ;
#3776 = CARTESIAN_POINT ( 'NONE',  ( 48.36493143486104174, -9.404484884513390597, -29.12536946778944014 ) ) ;
#3777 = CARTESIAN_POINT ( 'NONE',  ( 47.73262932763718425, 23.27242115786405918, -15.56114699633302756 ) ) ;
#3778 = CARTESIAN_POINT ( 'NONE',  ( 47.40181159777418429, 4.678304630585515156, -30.39990971721685042 ) ) ;
#3779 = CARTESIAN_POINT ( 'NONE',  ( 54.68058790269378733, -4.865730033330193827, 18.99915173754531139 ) ) ;
#3780 = CARTESIAN_POINT ( 'NONE',  ( -120.4800780857329556, -23.50408272727478476, 16.25109913407926499 ) ) ;
#3781 = EDGE_CURVE ( 'NONE', #517, #244, #1459, .T. ) ;
#3782 = CARTESIAN_POINT ( 'NONE',  ( 51.81296460277086879, 30.52496952870777136, 6.899053638411286826 ) ) ;
#3783 = CARTESIAN_POINT ( 'NONE',  ( 53.75100595750372179, -6.908341162528047974, 26.50204514685495383 ) ) ;
#3784 = ORIENTED_EDGE ( 'NONE', *, *, #1002, .F. ) ;
#3785 = CARTESIAN_POINT ( 'NONE',  ( 58.07376915429770037, 2.110679503172477401E-15, -6.442395123187476536 ) ) ;
#3786 = CARTESIAN_POINT ( 'NONE',  ( 10.56504657315492857, 1.794707568484589891E-15, -1.308141630798238753 ) ) ;
#3787 = CARTESIAN_POINT ( 'NONE',  ( 50.74581025920456057, -10.88091390277206649, -28.73607460422959647 ) ) ;
#3788 = ORIENTED_EDGE ( 'NONE', *, *, #657, .T. ) ;
#3789 = CARTESIAN_POINT ( 'NONE',  ( -124.4095490722674100, -21.64283362880159700, 13.29575323956207100 ) ) ;
#3790 = CARTESIAN_POINT ( 'NONE',  ( 53.55163958231773336, 24.78780880568456979, -0.3763324172470889351 ) ) ;
#3791 = CARTESIAN_POINT ( 'NONE',  ( -124.3584801799173647, 0.8617267514520184912, 28.56246484933548757 ) ) ;
#3792 = CARTESIAN_POINT ( 'NONE',  ( 47.98292346351418303, 4.601397867120362584, -30.47706225863250395 ) ) ;
#3793 = CARTESIAN_POINT ( 'NONE',  ( 46.71691369930861271, -31.50560166061906742, -15.15980511127694363 ) ) ;
#3794 = CARTESIAN_POINT ( 'NONE',  ( -120.9581246546678557, -25.91810916451925806, 12.03273733322937566 ) ) ;
#3795 = ORIENTED_EDGE ( 'NONE', *, *, #1978, .F. ) ;
#3796 = CARTESIAN_POINT ( 'NONE',  ( 49.83347675027482637, 32.17758155969887923, 1.903396039026570952 ) ) ;
#3797 = LINE ( 'NONE', #3266, #3428 ) ;
#3798 = B_SPLINE_CURVE_WITH_KNOTS ( 'NONE', 3,
 ( #2323, #3583, #582, #1179, #603, #3537, #3547, #2026, #305, #2937, #3269, #1164, #316, #1205, #2981, #2062, #281, #867, #2639, #2667, #3861, #1457, #1724, #3571, #1772, #3835, #878, #1154 ),
 .UNSPECIFIED., .F., .F.,
 ( 4, 2, 2, 2, 2, 2, 2, 2, 2, 2, 2, 2, 2, 4 ),
 ( 0.01142926438701175572, 0.01195194359269206343, 0.01247462279837237113, 0.01351998120973298828, 0.01404266041541329078, 0.01456533962109359329, 0.01508801882677389752, 0.01561069803245420003, 0.01665605644381479983, 0.01770141485517540136, 0.01822409406085569519, 0.01874677326653598902, 0.01926945247221628285, 0.01979213167789657668 ),
 .UNSPECIFIED. ) ;
#3799 = ORIENTED_EDGE ( 'NONE', *, *, #2272, .F. ) ;
#3800 = CARTESIAN_POINT ( 'NONE',  ( 48.76796433246726536, 30.34266576360984402, -18.53736318375485581 ) ) ;
#3801 = CARTESIAN_POINT ( 'NONE',  ( 7.910339050454240351E-13, 1.794707568484589891E-15, 28.57499999999996732 ) ) ;
#3802 = AXIS2_PLACEMENT_3D ( 'NONE', #3366, #3591, #1794 ) ;
#3803 = VERTEX_POINT ( 'NONE', #2114 ) ;
#3804 = LINE ( 'NONE', #3325, #87 ) ;
#3805 = CARTESIAN_POINT ( 'NONE',  ( 53.89524030898733287, 17.69777776926572344, 22.04816734303739878 ) ) ;
#3806 = CARTESIAN_POINT ( 'NONE',  ( 51.37796596900470547, 14.73190407902857046, 24.00524867380543270 ) ) ;
#3807 = CARTESIAN_POINT ( 'NONE',  ( 7.910339050454240351E-13, 1.794707568484589891E-15, 28.57499999999996732 ) ) ;
#3808 = CARTESIAN_POINT ( 'NONE',  ( 48.81861451741533386, 31.68353759714300466, 3.913134054728485189 ) ) ;
#3809 = PERSON_AND_ORGANIZATION_ROLE ( 'classification_officer' ) ;
#3810 = EDGE_CURVE ( 'NONE', #928, #1624, #503, .T. ) ;
#3811 = DIRECTION ( 'NONE',  ( -0.9942111271364116876, -1.115540246633152702E-17, 0.1074441002482028618 ) ) ;
#3812 = ORIENTED_EDGE ( 'NONE', *, *, #1809, .F. ) ;
#3813 = DIRECTION ( 'NONE',  ( 0.000000000000000000, -3.061616997868380553E-17, -1.000000000000000000 ) ) ;
#3814 = AXIS2_PLACEMENT_3D ( 'NONE', #1339, #1920, #2224 ) ;
#3815 = CARTESIAN_POINT ( 'NONE',  ( 51.32722067309089908, 16.10915665309754630, 23.27890985110897404 ) ) ;
#3816 = CARTESIAN_POINT ( 'NONE',  ( 51.89826301922801832, 23.09683217209410699, -16.40632590643067346 ) ) ;
#3817 = CARTESIAN_POINT ( 'NONE',  ( 46.23957253603525430, -13.16155136597058117, -27.01452659311115667 ) ) ;
#3818 = CARTESIAN_POINT ( 'NONE',  ( 54.31858912514064031, -4.728872406261174888, 19.06474815967144565 ) ) ;
#3819 = EDGE_LOOP ( 'NONE', ( #1534, #2025 ) ) ;
#3820 = CARTESIAN_POINT ( 'NONE',  ( 50.48415525899868328, 30.69040579540059710, 6.631860634671202348 ) ) ;
#3821 = CARTESIAN_POINT ( 'NONE',  ( -124.3581266949132811, -0.8627176406736842829, -28.56243353993043144 ) ) ;
#3822 = B_SPLINE_CURVE_WITH_KNOTS ( 'NONE', 3,
 ( #1828, #3350, #3107, #1035, #3117, #2186, #2198, #3703, #3724, #1296, #3397, #3381, #1910, #1899, #154, #2498, #2812, #736, #1577, #1568, #166, #2448, #2758, #987, #3083, #1285, #3681, #1869, #117, #485, #1373, #1934 ),
 .UNSPECIFIED., .F., .F.,
 ( 4, 2, 2, 2, 2, 2, 2, 2, 2, 2, 2, 2, 2, 2, 2, 4 ),
 ( 0.003180587835381878600, 0.003703573949291770993, 0.004226560063201663386, 0.004749546177111556647, 0.005272532291021449040, 0.005795518404931341433, 0.006318504518841234693, 0.006841490632751127086, 0.007364476746661019479, 0.007887462860570911005, 0.008410448974480809470, 0.009456421202300620277, 0.009979407316210525680, 0.01050239343012042761, 0.01102537954403033128, 0.01154836565794023322 ),
 .UNSPECIFIED. ) ;
#3823 = FACE_OUTER_BOUND ( 'NONE', #2666, .T. ) ;
#3824 = CARTESIAN_POINT ( 'NONE',  ( 53.74383403463606612, -10.30636230931466635, 17.37581209016823536 ) ) ;
#3825 = CARTESIAN_POINT ( 'NONE',  ( 38.85773034265675818, 29.45851174789171623, 10.63811827626378204 ) ) ;
#3826 = CARTESIAN_POINT ( 'NONE',  ( -119.2303043572474479, -0.6924767736671196827, 25.39113536318817310 ) ) ;
#3827 = CARTESIAN_POINT ( 'NONE',  ( 52.82090050509625456, -12.36251260064008584, 24.92207540987810788 ) ) ;
#3828 = CARTESIAN_POINT ( 'NONE',  ( 54.58491464686900940, 17.59620928508841686, 22.03826396947918909 ) ) ;
#3829 = DIRECTION ( 'NONE',  ( -3.365775526749474927E-16, -0.8660254037844392627, -0.4999999999999988898 ) ) ;
#3830 = AXIS2_PLACEMENT_3D ( 'NONE', #1660, #3772, #1984 ) ;
#3831 = CARTESIAN_POINT ( 'NONE',  ( 46.67703275726260159, 9.925223968072224068, -28.72771539074093994 ) ) ;
#3832 = LINE ( 'NONE', #2157, #3040 ) ;
#3833 = ORIENTED_EDGE ( 'NONE', *, *, #1902, .F. ) ;
#3834 = EDGE_CURVE ( 'NONE', #1127, #2525, #460, .T. ) ;
#3835 = CARTESIAN_POINT ( 'NONE',  ( 52.76472704137795944, -30.34268496335245757, 7.231951374047053349 ) ) ;
#3836 = CARTESIAN_POINT ( 'NONE',  ( -124.4949999999974324, -0.1768476376306653830, -28.57499999999977547 ) ) ;
#3837 = CARTESIAN_POINT ( 'NONE',  ( 55.19585500495806230, -9.726171329063044269, 17.47103970882186275 ) ) ;
#3838 = CARTESIAN_POINT ( 'NONE',  ( 47.26482698045635544, -23.73828530877084120, -14.36483155189445071 ) ) ;
#3839 = CARTESIAN_POINT ( 'NONE',  ( 56.39674427409020296, -7.801097885818133015, 26.01119231552835487 ) ) ;
#3840 = ORIENTED_EDGE ( 'NONE', *, *, #1153, .T. ) ;
#3841 = CYLINDRICAL_SURFACE ( 'NONE', #317, 2.675000000000000266 ) ;
#3842 = DIRECTION ( 'NONE',  ( 0.000000000000000000, -0.4637923611458460993, -0.8859439292318452841 ) ) ;
#3843 = ORIENTED_EDGE ( 'NONE', *, *, #2628, .T. ) ;
#3844 = CARTESIAN_POINT ( 'NONE',  ( -129.6899999999999977, 2.717797409007765408E-15, -1.734723475976807094E-14 ) ) ;
#3845 = FACE_OUTER_BOUND ( 'NONE', #280, .T. ) ;
#3846 = LINE ( 'NONE', #2081, #2084 ) ;
#3847 = DIRECTION ( 'NONE',  ( -0.03182761377624750143, -0.9551182288552938493, -0.2945100540043353865 ) ) ;
#3848 = B_SPLINE_CURVE_WITH_KNOTS ( 'NONE', 3,
 ( #641, #960, #1514, #398, #2127, #946, #3039, #387, #3013, #3668, #654, #2422, #3313, #3628, #2728, #1850, #1543, #3653, #1841, #1244, #2435, #52, #1218, #373, #2407, #2712, #1526, #465 ),
 .UNSPECIFIED., .F., .F.,
 ( 4, 2, 2, 2, 2, 2, 2, 2, 2, 2, 2, 2, 2, 4 ),
 ( 0.004950246282781283792, 0.006123597852226433241, 0.006710273636949009267, 0.007296949421671584425, 0.007883625206394160451, 0.008470300991116735609, 0.009643652560561891129, 0.01023032834528447149, 0.01081700413000705359, 0.01140367991472963569, 0.01199035569945221605, 0.01316370726889736983, 0.01375038305361994673, 0.01433705883834252362 ),
 .UNSPECIFIED. ) ;
#3849 = ORIENTED_EDGE ( 'NONE', *, *, #507, .F. ) ;
#3850 = ADVANCED_FACE ( 'NONE', ( #267 ), #3841, .F. ) ;
#3851 = CARTESIAN_POINT ( 'NONE',  ( 48.76714497932103853, 27.87274912695948714, -23.24368431445783756 ) ) ;
#3852 = CARTESIAN_POINT ( 'NONE',  ( 57.05945596302256462, -8.937200203268691467, 25.64184147792560964 ) ) ;
#3853 = AXIS2_PLACEMENT_3D ( 'NONE', #1433, #2011, #278 ) ;
#3854 = FACE_OUTER_BOUND ( 'NONE', #226, .T. ) ;
#3855 = AXIS2_PLACEMENT_3D ( 'NONE', #3785, #1402, #1416 ) ;
#3856 = CARTESIAN_POINT ( 'NONE',  ( -119.2819272372357062, 0.8626648116893085305, -25.38585790397867115 ) ) ;
#3857 = CARTESIAN_POINT ( 'NONE',  ( 51.89545771277125397, 22.01456369705684679, -18.51921349160214092 ) ) ;
#3858 = CARTESIAN_POINT ( 'NONE',  ( -121.8199999999999932, 23.21221785532329207, -10.31275628709465941 ) ) ;
#3859 = EDGE_CURVE ( 'NONE', #3074, #2851, #2362, .T. ) ;
#3860 = LINE ( 'NONE', #950, #3016 ) ;
#3861 = CARTESIAN_POINT ( 'NONE',  ( 54.04554271795234399, -30.07996607945244705, 7.693117857568937623 ) ) ;
#3862 = CARTESIAN_POINT ( 'NONE',  ( -120.0530606069393400, -25.69328910421353029, 12.50604374380544215 ) ) ;
#3863 = ORIENTED_EDGE ( 'NONE', *, *, #1884, .T. ) ;
ENDSEC;
END-ISO-10303-21;
